2026-08-15 22:25:08,793 INFO o.a.j.u.JMeterUtils: Setting Locale to en_EN
2026-08-15 22:25:08,807 INFO o.a.j.JMeter: Loading user properties from: C:\tools\apache-jmeter-5.6.3\bin\user.properties
2026-08-15 22:25:08,808 INFO o.a.j.JMeter: Loading system properties from: C:\tools\apache-jmeter-5.6.3\bin\system.properties
2026-08-15 22:25:08,811 INFO o.a.j.JMeter: Copyright (c) 1998-2024 The Apache Software Foundation
2026-08-15 22:25:08,811 INFO o.a.j.JMeter: Version 5.6.3
2026-08-15 22:25:08,811 INFO o.a.j.JMeter: java.version=21.0.11
2026-08-15 22:25:08,811 INFO o.a.j.JMeter: java.vm.name=Java HotSpot(TM) 64-Bit Server VM
2026-08-15 22:25:08,811 INFO o.a.j.JMeter: os.name=Windows 11
2026-08-15 22:25:08,811 INFO o.a.j.JMeter: os.arch=amd64
2026-08-15 22:25:08,811 INFO o.a.j.JMeter: os.version=10.0
2026-08-15 22:25:08,811 INFO o.a.j.JMeter: file.encoding=UTF-8
2026-08-15 22:25:08,811 INFO o.a.j.JMeter: java.awt.headless=true
2026-08-15 22:25:08,811 INFO o.a.j.JMeter: Max memory     =1073741824
2026-08-15 22:25:08,811 INFO o.a.j.JMeter: Available Processors =16
2026-08-15 22:25:08,817 INFO o.a.j.JMeter: Default Locale=English (EN)
2026-08-15 22:25:08,817 INFO o.a.j.JMeter: JMeter  Locale=English (EN)
2026-08-15 22:25:08,817 INFO o.a.j.JMeter: JMeterHome=C:\tools\apache-jmeter-5.6.3
2026-08-15 22:25:08,817 INFO o.a.j.JMeter: user.dir  =D:\group05_eshop
2026-08-15 22:25:08,817 INFO o.a.j.JMeter: PWD       =D:\group05_eshop
2026-08-15 22:25:08,817 INFO o.a.j.JMeter: IP: 192.168.1.10 Name: LAPTOP-MVP7T81B FullName: LAPTOP-MVP7T81B
2026-08-15 22:25:08,825 INFO o.a.j.JMeter: Setting property 'jmeter.reportgenerator.outputdir' to:'D:\group05_eshop\HW\week09\TheDat\results\endurance\23127340_Endurance_20260815_221947_html'
2026-08-15 22:25:08,825 INFO o.a.j.s.FileServer: Default base='D:\group05_eshop'
2026-08-15 22:25:08,825 INFO o.a.j.s.FileServer: Set new base='D:\group05_eshop\HW\week09\TheDat\test-plans'
2026-08-15 22:25:08,943 INFO o.a.j.s.SaveService: Testplan (JMX) version: 2.2. Testlog (JTL) version: 2.2
2026-08-15 22:25:08,960 INFO o.a.j.s.SaveService: Using SaveService properties version 5.0
2026-08-15 22:25:08,960 INFO o.a.j.s.SaveService: Using SaveService properties file encoding UTF-8
2026-08-15 22:25:08,960 INFO o.a.j.s.SaveService: Loading file: HW\week09\TheDat\test-plans\23127340_Endurance_20260815.jmx
2026-08-15 22:25:09,007 INFO o.a.j.p.h.s.HTTPSamplerBase: Parser for text/html is org.apache.jmeter.protocol.http.parser.LagartoBasedHtmlParser
2026-08-15 22:25:09,007 INFO o.a.j.p.h.s.HTTPSamplerBase: Parser for application/xhtml+xml is org.apache.jmeter.protocol.http.parser.LagartoBasedHtmlParser
2026-08-15 22:25:09,007 INFO o.a.j.p.h.s.HTTPSamplerBase: Parser for application/xml is org.apache.jmeter.protocol.http.parser.LagartoBasedHtmlParser
2026-08-15 22:25:09,007 INFO o.a.j.p.h.s.HTTPSamplerBase: Parser for text/xml is org.apache.jmeter.protocol.http.parser.LagartoBasedHtmlParser
2026-08-15 22:25:09,007 INFO o.a.j.p.h.s.HTTPSamplerBase: Parser for text/vnd.wap.wml is org.apache.jmeter.protocol.http.parser.RegexpHTMLParser
2026-08-15 22:25:09,007 INFO o.a.j.p.h.s.HTTPSamplerBase: Parser for text/css is org.apache.jmeter.protocol.http.parser.CssParser
2026-08-15 22:25:09,051 INFO o.a.j.JMeter: Creating summariser <summary>
2026-08-15 22:25:09,054 INFO o.a.j.r.d.ReportGenerator: ReportGenerator will use for Parsing the separator: ','
2026-08-15 22:25:09,054 INFO o.a.j.r.d.ReportGenerator: Will generate report at end of test from  results file: HW/week09/TheDat/results/endurance/23127340_Endurance_20260815_221947.jtl
2026-08-15 22:25:09,054 INFO o.a.j.r.d.ReportGenerator: Reading report generator properties from: C:\tools\apache-jmeter-5.6.3\bin\reportgenerator.properties
2026-08-15 22:25:09,058 INFO o.a.j.r.d.ReportGenerator: Merging with JMeter properties
2026-08-15 22:25:09,070 INFO o.a.j.r.c.ReportGeneratorConfiguration: Property 'jmeter.reportgenerator.temp_dir' not found, using default value 'temp' instead.
2026-08-15 22:25:09,072 INFO o.a.j.r.c.ReportGeneratorConfiguration: Property 'jmeter.reportgenerator.apdex_per_transaction' not found, using default value 'null' instead.
2026-08-15 22:25:09,073 INFO o.a.j.r.c.ReportGeneratorConfiguration: apdex_per_transaction is empty, not APDEX per transaction customization
2026-08-15 22:25:09,073 INFO o.a.j.r.c.ReportGeneratorConfiguration: Property 'jmeter.reportgenerator.sample_filter' not found, using default value 'null' instead.
2026-08-15 22:25:09,073 INFO o.a.j.r.c.ReportGeneratorConfiguration: Property 'jmeter.reportgenerator.report_title' not found, using default value 'null' instead.
2026-08-15 22:25:09,073 INFO o.a.j.r.c.ReportGeneratorConfiguration: Property 'jmeter.reportgenerator.start_date' not found, using default value 'null' instead.
2026-08-15 22:25:09,073 INFO o.a.j.r.c.ReportGeneratorConfiguration: Property 'jmeter.reportgenerator.end_date' not found, using default value 'null' instead.
2026-08-15 22:25:09,073 INFO o.a.j.r.c.ReportGeneratorConfiguration: Property 'jmeter.reportgenerator.date_format' not found, using default value 'null' instead.
2026-08-15 22:25:09,074 INFO o.a.j.r.c.ReportGeneratorConfiguration: Will use date range start date: null, end date: null
2026-08-15 22:25:09,074 INFO o.a.j.r.c.ReportGeneratorConfiguration: Property 'jmeter.reportgenerator.graph.totalTPS.exclude_controllers' not found, using default value 'false' instead.
2026-08-15 22:25:09,077 INFO o.a.j.r.c.ReportGeneratorConfiguration: Property 'jmeter.reportgenerator.graph.activeThreadsOverTime.exclude_controllers' not found, using default value 'false' instead.
2026-08-15 22:25:09,077 INFO o.a.j.r.c.ReportGeneratorConfiguration: Property 'jmeter.reportgenerator.graph.timeVsThreads.exclude_controllers' not found, using default value 'false' instead.
2026-08-15 22:25:09,077 INFO o.a.j.r.c.ReportGeneratorConfiguration: Property 'jmeter.reportgenerator.graph.responseTimeDistribution.exclude_controllers' not found, using default value 'false' instead.
2026-08-15 22:25:09,077 INFO o.a.j.r.c.ReportGeneratorConfiguration: Property 'jmeter.reportgenerator.graph.transactionsPerSecond.exclude_controllers' not found, using default value 'false' instead.
2026-08-15 22:25:09,077 INFO o.a.j.r.c.ReportGeneratorConfiguration: Property 'jmeter.reportgenerator.graph.responseTimePercentiles.exclude_controllers' not found, using default value 'false' instead.
2026-08-15 22:25:09,077 INFO o.a.j.r.c.ReportGeneratorConfiguration: Property 'jmeter.reportgenerator.graph.responseTimePercentilesOverTime.exclude_controllers' not found, using default value 'false' instead.
2026-08-15 22:25:09,077 INFO o.a.j.r.c.ReportGeneratorConfiguration: Property 'jmeter.reportgenerator.graph.responseTimesOverTime.exclude_controllers' not found, using default value 'false' instead.
2026-08-15 22:25:09,077 INFO o.a.j.r.c.ReportGeneratorConfiguration: Property 'jmeter.reportgenerator.graph.connectTimeOverTime.exclude_controllers' not found, using default value 'false' instead.
2026-08-15 22:25:09,077 INFO o.a.j.r.c.ReportGeneratorConfiguration: Property 'jmeter.reportgenerator.graph.latenciesOverTime.exclude_controllers' not found, using default value 'false' instead.
2026-08-15 22:25:09,077 INFO o.a.j.r.c.ReportGeneratorConfiguration: Property 'jmeter.reportgenerator.exporter.json.filters_only_sample_series' not found, using default value 'true' instead.
2026-08-15 22:25:09,077 INFO o.a.j.r.c.ReportGeneratorConfiguration: Property 'jmeter.reportgenerator.exporter.json.series_filter' not found, using default value '' instead.
2026-08-15 22:25:09,077 INFO o.a.j.r.c.ReportGeneratorConfiguration: Property 'jmeter.reportgenerator.exporter.json.show_controllers_only' not found, using default value 'false' instead.
2026-08-15 22:25:09,077 INFO o.a.j.r.c.ReportGeneratorConfiguration: Property 'jmeter.reportgenerator.exporter.html.filters_only_sample_series' not found, using default value 'true' instead.
2026-08-15 22:25:09,077 INFO o.a.j.r.c.ReportGeneratorConfiguration: Property 'jmeter.reportgenerator.exporter.html.series_filter' not found, using default value '' instead.
2026-08-15 22:25:09,077 INFO o.a.j.r.c.ReportGeneratorConfiguration: Property 'jmeter.reportgenerator.exporter.html.show_controllers_only' not found, using default value 'false' instead.
2026-08-15 22:25:09,087 INFO o.a.j.e.StandardJMeterEngine: Running the test!
2026-08-15 22:25:09,087 INFO o.a.j.s.SampleEvent: List of sample_variables: []
2026-08-15 22:25:09,087 INFO o.a.j.s.SampleEvent: List of sample_variables: []
2026-08-15 22:25:09,091 INFO o.a.j.e.u.CompoundVariable: Note: Function class names must contain the string: '.functions.'
2026-08-15 22:25:09,091 INFO o.a.j.e.u.CompoundVariable: Note: Function class names must not contain the string: '.gui.'
2026-08-15 22:25:09,117 INFO o.a.j.r.ClassFinder: Will scan jar C:\tools\apache-jmeter-5.6.3\lib\ext\jmeter-plugins-manager-2.0.jar with filter ExtendsClassFilter [parents=[interface org.apache.jmeter.functions.Function], inner=false, contains=null, notContains=null]. Consider exposing JMeter plugins via META-INF/services, and add JMeter-Skip-Class-Scanning=true manifest attribute so JMeter can skip classfile scanning
2026-08-15 22:25:09,137 INFO o.a.j.r.ClassFinder: Will scan jar C:\tools\apache-jmeter-5.6.3\lib\ext\jmeter-plugins-manager-1.12.jar with filter ExtendsClassFilter [parents=[interface org.apache.jmeter.functions.Function], inner=false, contains=null, notContains=null]. Consider exposing JMeter plugins via META-INF/services, and add JMeter-Skip-Class-Scanning=true manifest attribute so JMeter can skip classfile scanning
2026-08-15 22:25:09,189 INFO o.a.j.r.ClassFinder: Will scan jar C:\tools\apache-jmeter-5.6.3\lib\ext\jmeter-plugins-casutg-3.1.1.jar with filter ExtendsClassFilter [parents=[interface org.apache.jmeter.functions.Function], inner=false, contains=null, notContains=null]. Consider exposing JMeter plugins via META-INF/services, and add JMeter-Skip-Class-Scanning=true manifest attribute so JMeter can skip classfile scanning
2026-08-15 22:25:09,323 INFO o.a.j.JMeter: Running test (1786807509323)
2026-08-15 22:25:09,338 INFO o.a.j.e.StandardJMeterEngine: Starting ThreadGroup: 1 : Endurance Profile - 500 VU for 10 minutes
2026-08-15 22:25:09,338 INFO o.a.j.e.StandardJMeterEngine: Starting 500 threads for group Endurance Profile - 500 VU for 10 minutes.
2026-08-15 22:25:09,338 INFO o.a.j.e.StandardJMeterEngine: Thread will start next loop on error
2026-08-15 22:25:09,338 INFO k.a.j.t.AbstractSimpleThreadGroup: Starting thread group number 1 threads 500
2026-08-15 22:25:09,350 INFO o.a.j.s.SampleResult: Note: Sample TimeStamps are START times
2026-08-15 22:25:09,350 INFO o.a.j.s.SampleResult: sampleresult.default.encoding is set to UTF-8
2026-08-15 22:25:09,350 INFO o.a.j.s.SampleResult: sampleresult.useNanoTime=true
2026-08-15 22:25:09,350 INFO o.a.j.s.SampleResult: sampleresult.nanoThreadSleep=5000
2026-08-15 22:25:09,515 INFO k.a.j.t.AbstractSimpleThreadGroup: Started thread group number 1
2026-08-15 22:25:09,515 INFO o.a.j.e.StandardJMeterEngine: All thread groups have been started
2026-08-15 22:25:09,579 INFO o.a.j.t.JMeterThread: Thread started: Endurance Profile - 500 VU for 10 minutes 1-500
2026-08-15 22:25:09,819 INFO o.a.j.t.JMeterThread: Thread started: Endurance Profile - 500 VU for 10 minutes 1-499
2026-08-15 22:25:10,059 INFO o.a.j.t.JMeterThread: Thread started: Endurance Profile - 500 VU for 10 minutes 1-498
2026-08-15 22:25:10,303 INFO o.a.j.t.JMeterThread: Thread started: Endurance Profile - 500 VU for 10 minutes 1-497
2026-08-15 22:25:10,375 INFO o.a.j.p.h.s.HTTPHCAbstractImpl: Local host = LAPTOP-MVP7T81B
2026-08-15 22:25:10,379 INFO o.a.j.p.h.s.HTTPHC4Impl: HTTP request retry count = 0
2026-08-15 22:25:10,538 INFO o.a.j.t.JMeterThread: Thread started: Endurance Profile - 500 VU for 10 minutes 1-496
2026-08-15 22:25:10,778 INFO o.a.j.t.JMeterThread: Thread started: Endurance Profile - 500 VU for 10 minutes 1-495
2026-08-15 22:25:11,019 INFO o.a.j.t.JMeterThread: Thread started: Endurance Profile - 500 VU for 10 minutes 1-494
2026-08-15 22:25:11,259 INFO o.a.j.t.JMeterThread: Thread started: Endurance Profile - 500 VU for 10 minutes 1-493
2026-08-15 22:25:11,502 INFO o.a.j.t.JMeterThread: Thread started: Endurance Profile - 500 VU for 10 minutes 1-492
2026-08-15 22:25:11,742 INFO o.a.j.t.JMeterThread: Thread started: Endurance Profile - 500 VU for 10 minutes 1-491
2026-08-15 22:25:11,981 INFO o.a.j.t.JMeterThread: Thread started: Endurance Profile - 500 VU for 10 minutes 1-490
2026-08-15 22:25:12,219 INFO o.a.j.t.JMeterThread: Thread started: Endurance Profile - 500 VU for 10 minutes 1-489
2026-08-15 22:25:12,458 INFO o.a.j.t.JMeterThread: Thread started: Endurance Profile - 500 VU for 10 minutes 1-488
2026-08-15 22:25:12,714 INFO o.a.j.t.JMeterThread: Thread started: Endurance Profile - 500 VU for 10 minutes 1-487
2026-08-15 22:25:12,939 INFO o.a.j.t.JMeterThread: Thread started: Endurance Profile - 500 VU for 10 minutes 1-486
2026-08-15 22:25:13,189 INFO o.a.j.t.JMeterThread: Thread started: Endurance Profile - 500 VU for 10 minutes 1-485
2026-08-15 22:25:13,425 INFO o.a.j.t.JMeterThread: Thread started: Endurance Profile - 500 VU for 10 minutes 1-484
2026-08-15 22:25:13,659 INFO o.a.j.t.JMeterThread: Thread started: Endurance Profile - 500 VU for 10 minutes 1-483
2026-08-15 22:25:13,899 INFO o.a.j.t.JMeterThread: Thread started: Endurance Profile - 500 VU for 10 minutes 1-482
2026-08-15 22:25:14,140 INFO o.a.j.t.JMeterThread: Thread started: Endurance Profile - 500 VU for 10 minutes 1-481
2026-08-15 22:25:14,379 INFO o.a.j.t.JMeterThread: Thread started: Endurance Profile - 500 VU for 10 minutes 1-480
2026-08-15 22:25:14,619 INFO o.a.j.t.JMeterThread: Thread started: Endurance Profile - 500 VU for 10 minutes 1-479
2026-08-15 22:25:14,859 INFO o.a.j.t.JMeterThread: Thread started: Endurance Profile - 500 VU for 10 minutes 1-478
2026-08-15 22:25:15,099 INFO o.a.j.t.JMeterThread: Thread started: Endurance Profile - 500 VU for 10 minutes 1-477
2026-08-15 22:25:15,340 INFO o.a.j.t.JMeterThread: Thread started: Endurance Profile - 500 VU for 10 minutes 1-476
2026-08-15 22:25:15,579 INFO o.a.j.t.JMeterThread: Thread started: Endurance Profile - 500 VU for 10 minutes 1-475
2026-08-15 22:25:15,818 INFO o.a.j.t.JMeterThread: Thread started: Endurance Profile - 500 VU for 10 minutes 1-474
2026-08-15 22:25:16,059 INFO o.a.j.t.JMeterThread: Thread started: Endurance Profile - 500 VU for 10 minutes 1-473
2026-08-15 22:25:16,298 INFO o.a.j.t.JMeterThread: Thread started: Endurance Profile - 500 VU for 10 minutes 1-472
2026-08-15 22:25:16,539 INFO o.a.j.t.JMeterThread: Thread started: Endurance Profile - 500 VU for 10 minutes 1-471
2026-08-15 22:25:16,780 INFO o.a.j.t.JMeterThread: Thread started: Endurance Profile - 500 VU for 10 minutes 1-470
2026-08-15 22:25:17,019 INFO o.a.j.t.JMeterThread: Thread started: Endurance Profile - 500 VU for 10 minutes 1-469
2026-08-15 22:25:17,259 INFO o.a.j.t.JMeterThread: Thread started: Endurance Profile - 500 VU for 10 minutes 1-468
2026-08-15 22:25:17,499 INFO o.a.j.t.JMeterThread: Thread started: Endurance Profile - 500 VU for 10 minutes 1-467
2026-08-15 22:25:17,738 INFO o.a.j.t.JMeterThread: Thread started: Endurance Profile - 500 VU for 10 minutes 1-466
2026-08-15 22:25:17,978 INFO o.a.j.t.JMeterThread: Thread started: Endurance Profile - 500 VU for 10 minutes 1-465
2026-08-15 22:25:18,219 INFO o.a.j.t.JMeterThread: Thread started: Endurance Profile - 500 VU for 10 minutes 1-464
2026-08-15 22:25:18,458 INFO o.a.j.t.JMeterThread: Thread started: Endurance Profile - 500 VU for 10 minutes 1-463
2026-08-15 22:25:18,699 INFO o.a.j.t.JMeterThread: Thread started: Endurance Profile - 500 VU for 10 minutes 1-462
2026-08-15 22:25:18,939 INFO o.a.j.t.JMeterThread: Thread started: Endurance Profile - 500 VU for 10 minutes 1-461
2026-08-15 22:25:19,178 INFO o.a.j.t.JMeterThread: Thread started: Endurance Profile - 500 VU for 10 minutes 1-460
2026-08-15 22:25:19,418 INFO o.a.j.t.JMeterThread: Thread started: Endurance Profile - 500 VU for 10 minutes 1-459
2026-08-15 22:25:19,659 INFO o.a.j.t.JMeterThread: Thread started: Endurance Profile - 500 VU for 10 minutes 1-458
2026-08-15 22:25:19,665 INFO o.a.j.u.JsseSSLManager: Using default SSL protocol: TLS
2026-08-15 22:25:19,665 INFO o.a.j.u.JsseSSLManager: SSL session context: per-thread
2026-08-15 22:25:19,899 INFO o.a.j.t.JMeterThread: Thread started: Endurance Profile - 500 VU for 10 minutes 1-457
2026-08-15 22:25:20,139 INFO o.a.j.t.JMeterThread: Thread started: Endurance Profile - 500 VU for 10 minutes 1-456
2026-08-15 22:25:20,379 INFO o.a.j.t.JMeterThread: Thread started: Endurance Profile - 500 VU for 10 minutes 1-455
2026-08-15 22:25:20,618 INFO o.a.j.t.JMeterThread: Thread started: Endurance Profile - 500 VU for 10 minutes 1-454
2026-08-15 22:25:20,858 INFO o.a.j.t.JMeterThread: Thread started: Endurance Profile - 500 VU for 10 minutes 1-453
2026-08-15 22:25:21,098 INFO o.a.j.t.JMeterThread: Thread started: Endurance Profile - 500 VU for 10 minutes 1-452
2026-08-15 22:25:21,338 INFO o.a.j.t.JMeterThread: Thread started: Endurance Profile - 500 VU for 10 minutes 1-451
2026-08-15 22:25:21,578 INFO o.a.j.t.JMeterThread: Thread started: Endurance Profile - 500 VU for 10 minutes 1-450
2026-08-15 22:25:21,818 INFO o.a.j.t.JMeterThread: Thread started: Endurance Profile - 500 VU for 10 minutes 1-449
2026-08-15 22:25:22,058 INFO o.a.j.t.JMeterThread: Thread started: Endurance Profile - 500 VU for 10 minutes 1-448
2026-08-15 22:25:22,298 INFO o.a.j.t.JMeterThread: Thread started: Endurance Profile - 500 VU for 10 minutes 1-447
2026-08-15 22:25:22,538 INFO o.a.j.t.JMeterThread: Thread started: Endurance Profile - 500 VU for 10 minutes 1-446
2026-08-15 22:25:22,779 INFO o.a.j.t.JMeterThread: Thread started: Endurance Profile - 500 VU for 10 minutes 1-445
2026-08-15 22:25:23,019 INFO o.a.j.t.JMeterThread: Thread started: Endurance Profile - 500 VU for 10 minutes 1-444
2026-08-15 22:25:23,259 INFO o.a.j.t.JMeterThread: Thread started: Endurance Profile - 500 VU for 10 minutes 1-443
2026-08-15 22:25:23,498 INFO o.a.j.t.JMeterThread: Thread started: Endurance Profile - 500 VU for 10 minutes 1-442
2026-08-15 22:25:23,739 INFO o.a.j.t.JMeterThread: Thread started: Endurance Profile - 500 VU for 10 minutes 1-441
2026-08-15 22:25:23,978 INFO o.a.j.t.JMeterThread: Thread started: Endurance Profile - 500 VU for 10 minutes 1-440
2026-08-15 22:25:24,218 INFO o.a.j.t.JMeterThread: Thread started: Endurance Profile - 500 VU for 10 minutes 1-439
2026-08-15 22:25:24,459 INFO o.a.j.t.JMeterThread: Thread started: Endurance Profile - 500 VU for 10 minutes 1-438
2026-08-15 22:25:24,699 INFO o.a.j.t.JMeterThread: Thread started: Endurance Profile - 500 VU for 10 minutes 1-437
2026-08-15 22:25:24,939 INFO o.a.j.t.JMeterThread: Thread started: Endurance Profile - 500 VU for 10 minutes 1-436
2026-08-15 22:25:25,179 INFO o.a.j.t.JMeterThread: Thread started: Endurance Profile - 500 VU for 10 minutes 1-435
2026-08-15 22:25:25,419 INFO o.a.j.t.JMeterThread: Thread started: Endurance Profile - 500 VU for 10 minutes 1-434
2026-08-15 22:25:25,659 INFO o.a.j.t.JMeterThread: Thread started: Endurance Profile - 500 VU for 10 minutes 1-433
2026-08-15 22:25:25,898 INFO o.a.j.t.JMeterThread: Thread started: Endurance Profile - 500 VU for 10 minutes 1-432
2026-08-15 22:25:26,139 INFO o.a.j.t.JMeterThread: Thread started: Endurance Profile - 500 VU for 10 minutes 1-431
2026-08-15 22:25:26,378 INFO o.a.j.t.JMeterThread: Thread started: Endurance Profile - 500 VU for 10 minutes 1-430
2026-08-15 22:25:26,618 INFO o.a.j.t.JMeterThread: Thread started: Endurance Profile - 500 VU for 10 minutes 1-429
2026-08-15 22:25:26,858 INFO o.a.j.t.JMeterThread: Thread started: Endurance Profile - 500 VU for 10 minutes 1-428
2026-08-15 22:25:27,099 INFO o.a.j.t.JMeterThread: Thread started: Endurance Profile - 500 VU for 10 minutes 1-427
2026-08-15 22:25:27,338 INFO o.a.j.t.JMeterThread: Thread started: Endurance Profile - 500 VU for 10 minutes 1-426
2026-08-15 22:25:27,578 INFO o.a.j.t.JMeterThread: Thread started: Endurance Profile - 500 VU for 10 minutes 1-425
2026-08-15 22:25:27,819 INFO o.a.j.t.JMeterThread: Thread started: Endurance Profile - 500 VU for 10 minutes 1-424
2026-08-15 22:25:28,059 INFO o.a.j.t.JMeterThread: Thread started: Endurance Profile - 500 VU for 10 minutes 1-423
2026-08-15 22:25:28,298 INFO o.a.j.t.JMeterThread: Thread started: Endurance Profile - 500 VU for 10 minutes 1-422
2026-08-15 22:25:28,539 INFO o.a.j.t.JMeterThread: Thread started: Endurance Profile - 500 VU for 10 minutes 1-421
2026-08-15 22:25:28,779 INFO o.a.j.t.JMeterThread: Thread started: Endurance Profile - 500 VU for 10 minutes 1-420
2026-08-15 22:25:29,019 INFO o.a.j.t.JMeterThread: Thread started: Endurance Profile - 500 VU for 10 minutes 1-419
2026-08-15 22:25:29,258 INFO o.a.j.t.JMeterThread: Thread started: Endurance Profile - 500 VU for 10 minutes 1-418
2026-08-15 22:25:29,499 INFO o.a.j.t.JMeterThread: Thread started: Endurance Profile - 500 VU for 10 minutes 1-417
2026-08-15 22:25:29,739 INFO o.a.j.t.JMeterThread: Thread started: Endurance Profile - 500 VU for 10 minutes 1-416
2026-08-15 22:25:29,979 INFO o.a.j.t.JMeterThread: Thread started: Endurance Profile - 500 VU for 10 minutes 1-415
2026-08-15 22:25:30,218 INFO o.a.j.t.JMeterThread: Thread started: Endurance Profile - 500 VU for 10 minutes 1-414
2026-08-15 22:25:30,458 INFO o.a.j.t.JMeterThread: Thread started: Endurance Profile - 500 VU for 10 minutes 1-413
2026-08-15 22:25:30,699 INFO o.a.j.t.JMeterThread: Thread started: Endurance Profile - 500 VU for 10 minutes 1-412
2026-08-15 22:25:30,939 INFO o.a.j.t.JMeterThread: Thread started: Endurance Profile - 500 VU for 10 minutes 1-411
2026-08-15 22:25:31,178 INFO o.a.j.t.JMeterThread: Thread started: Endurance Profile - 500 VU for 10 minutes 1-410
2026-08-15 22:25:31,419 INFO o.a.j.t.JMeterThread: Thread started: Endurance Profile - 500 VU for 10 minutes 1-409
2026-08-15 22:25:31,659 INFO o.a.j.t.JMeterThread: Thread started: Endurance Profile - 500 VU for 10 minutes 1-408
2026-08-15 22:25:31,900 INFO o.a.j.t.JMeterThread: Thread started: Endurance Profile - 500 VU for 10 minutes 1-407
2026-08-15 22:25:32,139 INFO o.a.j.t.JMeterThread: Thread started: Endurance Profile - 500 VU for 10 minutes 1-406
2026-08-15 22:25:32,379 INFO o.a.j.t.JMeterThread: Thread started: Endurance Profile - 500 VU for 10 minutes 1-405
2026-08-15 22:25:32,619 INFO o.a.j.t.JMeterThread: Thread started: Endurance Profile - 500 VU for 10 minutes 1-404
2026-08-15 22:25:32,863 INFO o.a.j.t.JMeterThread: Thread started: Endurance Profile - 500 VU for 10 minutes 1-403
2026-08-15 22:25:33,100 INFO o.a.j.t.JMeterThread: Thread started: Endurance Profile - 500 VU for 10 minutes 1-402
2026-08-15 22:25:33,340 INFO o.a.j.t.JMeterThread: Thread started: Endurance Profile - 500 VU for 10 minutes 1-401
2026-08-15 22:25:33,593 INFO o.a.j.t.JMeterThread: Thread started: Endurance Profile - 500 VU for 10 minutes 1-400
2026-08-15 22:25:33,830 INFO o.a.j.t.JMeterThread: Thread started: Endurance Profile - 500 VU for 10 minutes 1-399
2026-08-15 22:25:34,068 INFO o.a.j.t.JMeterThread: Thread started: Endurance Profile - 500 VU for 10 minutes 1-398
2026-08-15 22:25:34,304 INFO o.a.j.t.JMeterThread: Thread started: Endurance Profile - 500 VU for 10 minutes 1-397
2026-08-15 22:25:34,541 INFO o.a.j.t.JMeterThread: Thread started: Endurance Profile - 500 VU for 10 minutes 1-396
2026-08-15 22:25:34,778 INFO o.a.j.t.JMeterThread: Thread started: Endurance Profile - 500 VU for 10 minutes 1-395
2026-08-15 22:25:35,030 INFO o.a.j.t.JMeterThread: Thread started: Endurance Profile - 500 VU for 10 minutes 1-394
2026-08-15 22:25:35,266 INFO o.a.j.t.JMeterThread: Thread started: Endurance Profile - 500 VU for 10 minutes 1-393
2026-08-15 22:25:35,502 INFO o.a.j.t.JMeterThread: Thread started: Endurance Profile - 500 VU for 10 minutes 1-392
2026-08-15 22:25:35,743 INFO o.a.j.t.JMeterThread: Thread started: Endurance Profile - 500 VU for 10 minutes 1-391
2026-08-15 22:25:35,980 INFO o.a.j.t.JMeterThread: Thread started: Endurance Profile - 500 VU for 10 minutes 1-390
2026-08-15 22:25:36,219 INFO o.a.j.t.JMeterThread: Thread started: Endurance Profile - 500 VU for 10 minutes 1-389
2026-08-15 22:25:36,472 INFO o.a.j.t.JMeterThread: Thread started: Endurance Profile - 500 VU for 10 minutes 1-388
2026-08-15 22:25:36,710 INFO o.a.j.t.JMeterThread: Thread started: Endurance Profile - 500 VU for 10 minutes 1-387
2026-08-15 22:25:36,949 INFO o.a.j.t.JMeterThread: Thread started: Endurance Profile - 500 VU for 10 minutes 1-386
2026-08-15 22:25:37,189 INFO o.a.j.t.JMeterThread: Thread started: Endurance Profile - 500 VU for 10 minutes 1-385
2026-08-15 22:25:37,425 INFO o.a.j.t.JMeterThread: Thread started: Endurance Profile - 500 VU for 10 minutes 1-384
2026-08-15 22:25:37,663 INFO o.a.j.t.JMeterThread: Thread started: Endurance Profile - 500 VU for 10 minutes 1-383
2026-08-15 22:25:37,908 INFO o.a.j.t.JMeterThread: Thread started: Endurance Profile - 500 VU for 10 minutes 1-382
2026-08-15 22:25:38,142 INFO o.a.j.t.JMeterThread: Thread started: Endurance Profile - 500 VU for 10 minutes 1-381
2026-08-15 22:25:38,381 INFO o.a.j.t.JMeterThread: Thread started: Endurance Profile - 500 VU for 10 minutes 1-380
2026-08-15 22:25:38,633 INFO o.a.j.t.JMeterThread: Thread started: Endurance Profile - 500 VU for 10 minutes 1-379
2026-08-15 22:25:38,861 INFO o.a.j.t.JMeterThread: Thread started: Endurance Profile - 500 VU for 10 minutes 1-378
2026-08-15 22:25:39,098 INFO o.a.j.t.JMeterThread: Thread started: Endurance Profile - 500 VU for 10 minutes 1-377
2026-08-15 22:25:39,348 INFO o.a.j.t.JMeterThread: Thread started: Endurance Profile - 500 VU for 10 minutes 1-376
2026-08-15 22:25:39,585 INFO o.a.j.t.JMeterThread: Thread started: Endurance Profile - 500 VU for 10 minutes 1-375
2026-08-15 22:25:39,825 INFO o.a.j.t.JMeterThread: Thread started: Endurance Profile - 500 VU for 10 minutes 1-374
2026-08-15 22:25:40,064 INFO o.a.j.t.JMeterThread: Thread started: Endurance Profile - 500 VU for 10 minutes 1-373
2026-08-15 22:25:40,305 INFO o.a.j.t.JMeterThread: Thread started: Endurance Profile - 500 VU for 10 minutes 1-372
2026-08-15 22:25:40,543 INFO o.a.j.t.JMeterThread: Thread started: Endurance Profile - 500 VU for 10 minutes 1-371
2026-08-15 22:25:40,783 INFO o.a.j.t.JMeterThread: Thread started: Endurance Profile - 500 VU for 10 minutes 1-370
2026-08-15 22:25:41,027 INFO o.a.j.t.JMeterThread: Thread started: Endurance Profile - 500 VU for 10 minutes 1-369
2026-08-15 22:25:41,261 INFO o.a.j.t.JMeterThread: Thread started: Endurance Profile - 500 VU for 10 minutes 1-368
2026-08-15 22:25:41,508 INFO o.a.j.t.JMeterThread: Thread started: Endurance Profile - 500 VU for 10 minutes 1-367
2026-08-15 22:25:41,742 INFO o.a.j.t.JMeterThread: Thread started: Endurance Profile - 500 VU for 10 minutes 1-366
2026-08-15 22:25:41,990 INFO o.a.j.t.JMeterThread: Thread started: Endurance Profile - 500 VU for 10 minutes 1-365
2026-08-15 22:25:42,223 INFO o.a.j.t.JMeterThread: Thread started: Endurance Profile - 500 VU for 10 minutes 1-364
2026-08-15 22:25:42,470 INFO o.a.j.t.JMeterThread: Thread started: Endurance Profile - 500 VU for 10 minutes 1-363
2026-08-15 22:25:42,705 INFO o.a.j.t.JMeterThread: Thread started: Endurance Profile - 500 VU for 10 minutes 1-362
2026-08-15 22:25:42,952 INFO o.a.j.t.JMeterThread: Thread started: Endurance Profile - 500 VU for 10 minutes 1-361
2026-08-15 22:25:43,184 INFO o.a.j.t.JMeterThread: Thread started: Endurance Profile - 500 VU for 10 minutes 1-360
2026-08-15 22:25:43,418 INFO o.a.j.t.JMeterThread: Thread started: Endurance Profile - 500 VU for 10 minutes 1-359
2026-08-15 22:25:43,667 INFO o.a.j.t.JMeterThread: Thread started: Endurance Profile - 500 VU for 10 minutes 1-358
2026-08-15 22:25:43,902 INFO o.a.j.t.JMeterThread: Thread started: Endurance Profile - 500 VU for 10 minutes 1-357
2026-08-15 22:25:44,150 INFO o.a.j.t.JMeterThread: Thread started: Endurance Profile - 500 VU for 10 minutes 1-356
2026-08-15 22:25:44,385 INFO o.a.j.t.JMeterThread: Thread started: Endurance Profile - 500 VU for 10 minutes 1-355
2026-08-15 22:25:44,633 INFO o.a.j.t.JMeterThread: Thread started: Endurance Profile - 500 VU for 10 minutes 1-354
2026-08-15 22:25:44,868 INFO o.a.j.t.JMeterThread: Thread started: Endurance Profile - 500 VU for 10 minutes 1-353
2026-08-15 22:25:45,102 INFO o.a.j.t.JMeterThread: Thread started: Endurance Profile - 500 VU for 10 minutes 1-352
2026-08-15 22:25:45,353 INFO o.a.j.t.JMeterThread: Thread started: Endurance Profile - 500 VU for 10 minutes 1-351
2026-08-15 22:25:45,588 INFO o.a.j.t.JMeterThread: Thread started: Endurance Profile - 500 VU for 10 minutes 1-350
2026-08-15 22:25:45,822 INFO o.a.j.t.JMeterThread: Thread started: Endurance Profile - 500 VU for 10 minutes 1-349
2026-08-15 22:25:46,072 INFO o.a.j.t.JMeterThread: Thread started: Endurance Profile - 500 VU for 10 minutes 1-348
2026-08-15 22:25:46,306 INFO o.a.j.t.JMeterThread: Thread started: Endurance Profile - 500 VU for 10 minutes 1-347
2026-08-15 22:25:46,539 INFO o.a.j.t.JMeterThread: Thread started: Endurance Profile - 500 VU for 10 minutes 1-346
2026-08-15 22:25:46,790 INFO o.a.j.t.JMeterThread: Thread started: Endurance Profile - 500 VU for 10 minutes 1-345
2026-08-15 22:25:47,022 INFO o.a.j.t.JMeterThread: Thread started: Endurance Profile - 500 VU for 10 minutes 1-344
2026-08-15 22:25:47,270 INFO o.a.j.t.JMeterThread: Thread started: Endurance Profile - 500 VU for 10 minutes 1-343
2026-08-15 22:25:47,507 INFO o.a.j.t.JMeterThread: Thread started: Endurance Profile - 500 VU for 10 minutes 1-342
2026-08-15 22:25:47,741 INFO o.a.j.t.JMeterThread: Thread started: Endurance Profile - 500 VU for 10 minutes 1-341
2026-08-15 22:25:47,988 INFO o.a.j.t.JMeterThread: Thread started: Endurance Profile - 500 VU for 10 minutes 1-340
2026-08-15 22:25:48,220 INFO o.a.j.t.JMeterThread: Thread started: Endurance Profile - 500 VU for 10 minutes 1-339
2026-08-15 22:25:48,469 INFO o.a.j.t.JMeterThread: Thread started: Endurance Profile - 500 VU for 10 minutes 1-338
2026-08-15 22:25:48,703 INFO o.a.j.t.JMeterThread: Thread started: Endurance Profile - 500 VU for 10 minutes 1-337
2026-08-15 22:25:48,951 INFO o.a.j.t.JMeterThread: Thread started: Endurance Profile - 500 VU for 10 minutes 1-336
2026-08-15 22:25:49,187 INFO o.a.j.t.JMeterThread: Thread started: Endurance Profile - 500 VU for 10 minutes 1-335
2026-08-15 22:25:49,419 INFO o.a.j.t.JMeterThread: Thread started: Endurance Profile - 500 VU for 10 minutes 1-334
2026-08-15 22:25:49,670 INFO o.a.j.t.JMeterThread: Thread started: Endurance Profile - 500 VU for 10 minutes 1-333
2026-08-15 22:25:49,903 INFO o.a.j.t.JMeterThread: Thread started: Endurance Profile - 500 VU for 10 minutes 1-332
2026-08-15 22:25:50,149 INFO o.a.j.t.JMeterThread: Thread started: Endurance Profile - 500 VU for 10 minutes 1-331
2026-08-15 22:25:50,382 INFO o.a.j.t.JMeterThread: Thread started: Endurance Profile - 500 VU for 10 minutes 1-330
2026-08-15 22:25:50,632 INFO o.a.j.t.JMeterThread: Thread started: Endurance Profile - 500 VU for 10 minutes 1-329
2026-08-15 22:25:50,866 INFO o.a.j.t.JMeterThread: Thread started: Endurance Profile - 500 VU for 10 minutes 1-328
2026-08-15 22:25:51,100 INFO o.a.j.t.JMeterThread: Thread started: Endurance Profile - 500 VU for 10 minutes 1-327
2026-08-15 22:25:51,348 INFO o.a.j.t.JMeterThread: Thread started: Endurance Profile - 500 VU for 10 minutes 1-326
2026-08-15 22:25:51,581 INFO o.a.j.t.JMeterThread: Thread started: Endurance Profile - 500 VU for 10 minutes 1-325
2026-08-15 22:25:51,831 INFO o.a.j.t.JMeterThread: Thread started: Endurance Profile - 500 VU for 10 minutes 1-324
2026-08-15 22:25:52,066 INFO o.a.j.t.JMeterThread: Thread started: Endurance Profile - 500 VU for 10 minutes 1-323
2026-08-15 22:25:52,298 INFO o.a.j.t.JMeterThread: Thread started: Endurance Profile - 500 VU for 10 minutes 1-322
2026-08-15 22:25:52,549 INFO o.a.j.t.JMeterThread: Thread started: Endurance Profile - 500 VU for 10 minutes 1-321
2026-08-15 22:25:52,784 INFO o.a.j.t.JMeterThread: Thread started: Endurance Profile - 500 VU for 10 minutes 1-320
2026-08-15 22:25:53,032 INFO o.a.j.t.JMeterThread: Thread started: Endurance Profile - 500 VU for 10 minutes 1-319
2026-08-15 22:25:53,265 INFO o.a.j.t.JMeterThread: Thread started: Endurance Profile - 500 VU for 10 minutes 1-318
2026-08-15 22:25:53,500 INFO o.a.j.t.JMeterThread: Thread started: Endurance Profile - 500 VU for 10 minutes 1-317
2026-08-15 22:25:53,748 INFO o.a.j.t.JMeterThread: Thread started: Endurance Profile - 500 VU for 10 minutes 1-316
2026-08-15 22:25:53,984 INFO o.a.j.t.JMeterThread: Thread started: Endurance Profile - 500 VU for 10 minutes 1-315
2026-08-15 22:25:54,232 INFO o.a.j.t.JMeterThread: Thread started: Endurance Profile - 500 VU for 10 minutes 1-314
2026-08-15 22:25:54,467 INFO o.a.j.t.JMeterThread: Thread started: Endurance Profile - 500 VU for 10 minutes 1-313
2026-08-15 22:25:54,700 INFO o.a.j.t.JMeterThread: Thread started: Endurance Profile - 500 VU for 10 minutes 1-312
2026-08-15 22:25:54,949 INFO o.a.j.t.JMeterThread: Thread started: Endurance Profile - 500 VU for 10 minutes 1-311
2026-08-15 22:25:55,182 INFO o.a.j.t.JMeterThread: Thread started: Endurance Profile - 500 VU for 10 minutes 1-310
2026-08-15 22:25:55,431 INFO o.a.j.t.JMeterThread: Thread started: Endurance Profile - 500 VU for 10 minutes 1-309
2026-08-15 22:25:55,666 INFO o.a.j.t.JMeterThread: Thread started: Endurance Profile - 500 VU for 10 minutes 1-308
2026-08-15 22:25:55,899 INFO o.a.j.t.JMeterThread: Thread started: Endurance Profile - 500 VU for 10 minutes 1-307
2026-08-15 22:25:56,146 INFO o.a.j.t.JMeterThread: Thread started: Endurance Profile - 500 VU for 10 minutes 1-306
2026-08-15 22:25:56,382 INFO o.a.j.t.JMeterThread: Thread started: Endurance Profile - 500 VU for 10 minutes 1-305
2026-08-15 22:25:56,629 INFO o.a.j.t.JMeterThread: Thread started: Endurance Profile - 500 VU for 10 minutes 1-304
2026-08-15 22:25:56,862 INFO o.a.j.t.JMeterThread: Thread started: Endurance Profile - 500 VU for 10 minutes 1-303
2026-08-15 22:25:57,112 INFO o.a.j.t.JMeterThread: Thread started: Endurance Profile - 500 VU for 10 minutes 1-302
2026-08-15 22:25:57,343 INFO o.a.j.t.JMeterThread: Thread started: Endurance Profile - 500 VU for 10 minutes 1-301
2026-08-15 22:25:57,590 INFO o.a.j.t.JMeterThread: Thread started: Endurance Profile - 500 VU for 10 minutes 1-300
2026-08-15 22:25:57,826 INFO o.a.j.t.JMeterThread: Thread started: Endurance Profile - 500 VU for 10 minutes 1-299
2026-08-15 22:25:58,061 INFO o.a.j.t.JMeterThread: Thread started: Endurance Profile - 500 VU for 10 minutes 1-298
2026-08-15 22:25:58,310 INFO o.a.j.t.JMeterThread: Thread started: Endurance Profile - 500 VU for 10 minutes 1-297
2026-08-15 22:25:58,546 INFO o.a.j.t.JMeterThread: Thread started: Endurance Profile - 500 VU for 10 minutes 1-296
2026-08-15 22:25:58,779 INFO o.a.j.t.JMeterThread: Thread started: Endurance Profile - 500 VU for 10 minutes 1-295
2026-08-15 22:25:59,029 INFO o.a.j.t.JMeterThread: Thread started: Endurance Profile - 500 VU for 10 minutes 1-294
2026-08-15 22:25:59,265 INFO o.a.j.t.JMeterThread: Thread started: Endurance Profile - 500 VU for 10 minutes 1-293
2026-08-15 22:25:59,499 INFO o.a.j.t.JMeterThread: Thread started: Endurance Profile - 500 VU for 10 minutes 1-292
2026-08-15 22:25:59,747 INFO o.a.j.t.JMeterThread: Thread started: Endurance Profile - 500 VU for 10 minutes 1-291
2026-08-15 22:25:59,981 INFO o.a.j.t.JMeterThread: Thread started: Endurance Profile - 500 VU for 10 minutes 1-290
2026-08-15 22:26:00,229 INFO o.a.j.t.JMeterThread: Thread started: Endurance Profile - 500 VU for 10 minutes 1-289
2026-08-15 22:26:00,466 INFO o.a.j.t.JMeterThread: Thread started: Endurance Profile - 500 VU for 10 minutes 1-288
2026-08-15 22:26:00,699 INFO o.a.j.t.JMeterThread: Thread started: Endurance Profile - 500 VU for 10 minutes 1-287
2026-08-15 22:26:00,947 INFO o.a.j.t.JMeterThread: Thread started: Endurance Profile - 500 VU for 10 minutes 1-286
2026-08-15 22:26:01,182 INFO o.a.j.t.JMeterThread: Thread started: Endurance Profile - 500 VU for 10 minutes 1-285
2026-08-15 22:26:01,432 INFO o.a.j.t.JMeterThread: Thread started: Endurance Profile - 500 VU for 10 minutes 1-284
2026-08-15 22:26:01,666 INFO o.a.j.t.JMeterThread: Thread started: Endurance Profile - 500 VU for 10 minutes 1-283
2026-08-15 22:26:01,900 INFO o.a.j.t.JMeterThread: Thread started: Endurance Profile - 500 VU for 10 minutes 1-282
2026-08-15 22:26:02,151 INFO o.a.j.t.JMeterThread: Thread started: Endurance Profile - 500 VU for 10 minutes 1-281
2026-08-15 22:26:02,386 INFO o.a.j.t.JMeterThread: Thread started: Endurance Profile - 500 VU for 10 minutes 1-280
2026-08-15 22:26:02,619 INFO o.a.j.t.JMeterThread: Thread started: Endurance Profile - 500 VU for 10 minutes 1-279
2026-08-15 22:26:02,867 INFO o.a.j.t.JMeterThread: Thread started: Endurance Profile - 500 VU for 10 minutes 1-278
2026-08-15 22:26:03,101 INFO o.a.j.t.JMeterThread: Thread started: Endurance Profile - 500 VU for 10 minutes 1-277
2026-08-15 22:26:03,351 INFO o.a.j.t.JMeterThread: Thread started: Endurance Profile - 500 VU for 10 minutes 1-276
2026-08-15 22:26:03,584 INFO o.a.j.t.JMeterThread: Thread started: Endurance Profile - 500 VU for 10 minutes 1-275
2026-08-15 22:26:03,820 INFO o.a.j.t.JMeterThread: Thread started: Endurance Profile - 500 VU for 10 minutes 1-274
2026-08-15 22:26:04,066 INFO o.a.j.t.JMeterThread: Thread started: Endurance Profile - 500 VU for 10 minutes 1-273
2026-08-15 22:26:04,300 INFO o.a.j.t.JMeterThread: Thread started: Endurance Profile - 500 VU for 10 minutes 1-272
2026-08-15 22:26:04,550 INFO o.a.j.t.JMeterThread: Thread started: Endurance Profile - 500 VU for 10 minutes 1-271
2026-08-15 22:26:04,785 INFO o.a.j.t.JMeterThread: Thread started: Endurance Profile - 500 VU for 10 minutes 1-270
2026-08-15 22:26:05,033 INFO o.a.j.t.JMeterThread: Thread started: Endurance Profile - 500 VU for 10 minutes 1-269
2026-08-15 22:26:05,265 INFO o.a.j.t.JMeterThread: Thread started: Endurance Profile - 500 VU for 10 minutes 1-268
2026-08-15 22:26:05,499 INFO o.a.j.t.JMeterThread: Thread started: Endurance Profile - 500 VU for 10 minutes 1-267
2026-08-15 22:26:05,752 INFO o.a.j.t.JMeterThread: Thread started: Endurance Profile - 500 VU for 10 minutes 1-266
2026-08-15 22:26:05,984 INFO o.a.j.t.JMeterThread: Thread started: Endurance Profile - 500 VU for 10 minutes 1-265
2026-08-15 22:26:06,218 INFO o.a.j.t.JMeterThread: Thread started: Endurance Profile - 500 VU for 10 minutes 1-264
2026-08-15 22:26:06,468 INFO o.a.j.t.JMeterThread: Thread started: Endurance Profile - 500 VU for 10 minutes 1-263
2026-08-15 22:26:06,702 INFO o.a.j.t.JMeterThread: Thread started: Endurance Profile - 500 VU for 10 minutes 1-262
2026-08-15 22:26:06,949 INFO o.a.j.t.JMeterThread: Thread started: Endurance Profile - 500 VU for 10 minutes 1-261
2026-08-15 22:26:07,182 INFO o.a.j.t.JMeterThread: Thread started: Endurance Profile - 500 VU for 10 minutes 1-260
2026-08-15 22:26:07,431 INFO o.a.j.t.JMeterThread: Thread started: Endurance Profile - 500 VU for 10 minutes 1-259
2026-08-15 22:26:07,666 INFO o.a.j.t.JMeterThread: Thread started: Endurance Profile - 500 VU for 10 minutes 1-258
2026-08-15 22:26:07,900 INFO o.a.j.t.JMeterThread: Thread started: Endurance Profile - 500 VU for 10 minutes 1-257
2026-08-15 22:26:08,150 INFO o.a.j.t.JMeterThread: Thread started: Endurance Profile - 500 VU for 10 minutes 1-256
2026-08-15 22:26:08,383 INFO o.a.j.t.JMeterThread: Thread started: Endurance Profile - 500 VU for 10 minutes 1-255
2026-08-15 22:26:08,619 INFO o.a.j.t.JMeterThread: Thread started: Endurance Profile - 500 VU for 10 minutes 1-254
2026-08-15 22:26:08,869 INFO o.a.j.t.JMeterThread: Thread started: Endurance Profile - 500 VU for 10 minutes 1-253
2026-08-15 22:26:09,103 INFO o.a.j.t.JMeterThread: Thread started: Endurance Profile - 500 VU for 10 minutes 1-252
2026-08-15 22:26:09,352 INFO o.a.j.t.JMeterThread: Thread started: Endurance Profile - 500 VU for 10 minutes 1-251
2026-08-15 22:26:09,585 INFO o.a.j.t.JMeterThread: Thread started: Endurance Profile - 500 VU for 10 minutes 1-250
2026-08-15 22:26:09,819 INFO o.a.j.t.JMeterThread: Thread started: Endurance Profile - 500 VU for 10 minutes 1-249
2026-08-15 22:26:10,069 INFO o.a.j.t.JMeterThread: Thread started: Endurance Profile - 500 VU for 10 minutes 1-248
2026-08-15 22:26:10,304 INFO o.a.j.t.JMeterThread: Thread started: Endurance Profile - 500 VU for 10 minutes 1-247
2026-08-15 22:26:10,551 INFO o.a.j.t.JMeterThread: Thread started: Endurance Profile - 500 VU for 10 minutes 1-246
2026-08-15 22:26:10,786 INFO o.a.j.t.JMeterThread: Thread started: Endurance Profile - 500 VU for 10 minutes 1-245
2026-08-15 22:26:11,019 INFO o.a.j.t.JMeterThread: Thread started: Endurance Profile - 500 VU for 10 minutes 1-244
2026-08-15 22:26:11,267 INFO o.a.j.t.JMeterThread: Thread started: Endurance Profile - 500 VU for 10 minutes 1-243
2026-08-15 22:26:11,499 INFO o.a.j.t.JMeterThread: Thread started: Endurance Profile - 500 VU for 10 minutes 1-242
2026-08-15 22:26:11,747 INFO o.a.j.t.JMeterThread: Thread started: Endurance Profile - 500 VU for 10 minutes 1-241
2026-08-15 22:26:11,983 INFO o.a.j.t.JMeterThread: Thread started: Endurance Profile - 500 VU for 10 minutes 1-240
2026-08-15 22:26:12,219 INFO o.a.j.t.JMeterThread: Thread started: Endurance Profile - 500 VU for 10 minutes 1-239
2026-08-15 22:26:12,467 INFO o.a.j.t.JMeterThread: Thread started: Endurance Profile - 500 VU for 10 minutes 1-238
2026-08-15 22:26:12,702 INFO o.a.j.t.JMeterThread: Thread started: Endurance Profile - 500 VU for 10 minutes 1-237
2026-08-15 22:26:12,952 INFO o.a.j.t.JMeterThread: Thread started: Endurance Profile - 500 VU for 10 minutes 1-236
2026-08-15 22:26:13,187 INFO o.a.j.t.JMeterThread: Thread started: Endurance Profile - 500 VU for 10 minutes 1-235
2026-08-15 22:26:13,418 INFO o.a.j.t.JMeterThread: Thread started: Endurance Profile - 500 VU for 10 minutes 1-234
2026-08-15 22:26:13,668 INFO o.a.j.t.JMeterThread: Thread started: Endurance Profile - 500 VU for 10 minutes 1-233
2026-08-15 22:26:13,903 INFO o.a.j.t.JMeterThread: Thread started: Endurance Profile - 500 VU for 10 minutes 1-232
2026-08-15 22:26:14,152 INFO o.a.j.t.JMeterThread: Thread started: Endurance Profile - 500 VU for 10 minutes 1-231
2026-08-15 22:26:14,387 INFO o.a.j.t.JMeterThread: Thread started: Endurance Profile - 500 VU for 10 minutes 1-230
2026-08-15 22:26:14,619 INFO o.a.j.t.JMeterThread: Thread started: Endurance Profile - 500 VU for 10 minutes 1-229
2026-08-15 22:26:14,869 INFO o.a.j.t.JMeterThread: Thread started: Endurance Profile - 500 VU for 10 minutes 1-228
2026-08-15 22:26:15,104 INFO o.a.j.t.JMeterThread: Thread started: Endurance Profile - 500 VU for 10 minutes 1-227
2026-08-15 22:26:15,354 INFO o.a.j.t.JMeterThread: Thread started: Endurance Profile - 500 VU for 10 minutes 1-226
2026-08-15 22:26:15,587 INFO o.a.j.t.JMeterThread: Thread started: Endurance Profile - 500 VU for 10 minutes 1-225
2026-08-15 22:26:15,822 INFO o.a.j.t.JMeterThread: Thread started: Endurance Profile - 500 VU for 10 minutes 1-224
2026-08-15 22:26:16,069 INFO o.a.j.t.JMeterThread: Thread started: Endurance Profile - 500 VU for 10 minutes 1-223
2026-08-15 22:26:16,304 INFO o.a.j.t.JMeterThread: Thread started: Endurance Profile - 500 VU for 10 minutes 1-222
2026-08-15 22:26:16,552 INFO o.a.j.t.JMeterThread: Thread started: Endurance Profile - 500 VU for 10 minutes 1-221
2026-08-15 22:26:16,785 INFO o.a.j.t.JMeterThread: Thread started: Endurance Profile - 500 VU for 10 minutes 1-220
2026-08-15 22:26:17,018 INFO o.a.j.t.JMeterThread: Thread started: Endurance Profile - 500 VU for 10 minutes 1-219
2026-08-15 22:26:17,268 INFO o.a.j.t.JMeterThread: Thread started: Endurance Profile - 500 VU for 10 minutes 1-218
2026-08-15 22:26:17,502 INFO o.a.j.t.JMeterThread: Thread started: Endurance Profile - 500 VU for 10 minutes 1-217
2026-08-15 22:26:17,749 INFO o.a.j.t.JMeterThread: Thread started: Endurance Profile - 500 VU for 10 minutes 1-216
2026-08-15 22:26:17,983 INFO o.a.j.t.JMeterThread: Thread started: Endurance Profile - 500 VU for 10 minutes 1-215
2026-08-15 22:26:18,229 INFO o.a.j.t.JMeterThread: Thread started: Endurance Profile - 500 VU for 10 minutes 1-214
2026-08-15 22:26:18,461 INFO o.a.j.t.JMeterThread: Thread started: Endurance Profile - 500 VU for 10 minutes 1-213
2026-08-15 22:26:18,709 INFO o.a.j.t.JMeterThread: Thread started: Endurance Profile - 500 VU for 10 minutes 1-212
2026-08-15 22:26:18,943 INFO o.a.j.t.JMeterThread: Thread started: Endurance Profile - 500 VU for 10 minutes 1-211
2026-08-15 22:26:19,193 INFO o.a.j.t.JMeterThread: Thread started: Endurance Profile - 500 VU for 10 minutes 1-210
2026-08-15 22:26:19,426 INFO o.a.j.t.JMeterThread: Thread started: Endurance Profile - 500 VU for 10 minutes 1-209
2026-08-15 22:26:19,673 INFO o.a.j.t.JMeterThread: Thread started: Endurance Profile - 500 VU for 10 minutes 1-208
2026-08-15 22:26:19,907 INFO o.a.j.t.JMeterThread: Thread started: Endurance Profile - 500 VU for 10 minutes 1-207
2026-08-15 22:26:20,141 INFO o.a.j.t.JMeterThread: Thread started: Endurance Profile - 500 VU for 10 minutes 1-206
2026-08-15 22:26:20,389 INFO o.a.j.t.JMeterThread: Thread started: Endurance Profile - 500 VU for 10 minutes 1-205
2026-08-15 22:26:20,622 INFO o.a.j.t.JMeterThread: Thread started: Endurance Profile - 500 VU for 10 minutes 1-204
2026-08-15 22:26:20,869 INFO o.a.j.t.JMeterThread: Thread started: Endurance Profile - 500 VU for 10 minutes 1-203
2026-08-15 22:26:21,103 INFO o.a.j.t.JMeterThread: Thread started: Endurance Profile - 500 VU for 10 minutes 1-202
2026-08-15 22:26:21,352 INFO o.a.j.t.JMeterThread: Thread started: Endurance Profile - 500 VU for 10 minutes 1-201
2026-08-15 22:26:21,585 INFO o.a.j.t.JMeterThread: Thread started: Endurance Profile - 500 VU for 10 minutes 1-200
2026-08-15 22:26:21,818 INFO o.a.j.t.JMeterThread: Thread started: Endurance Profile - 500 VU for 10 minutes 1-199
2026-08-15 22:26:22,069 INFO o.a.j.t.JMeterThread: Thread started: Endurance Profile - 500 VU for 10 minutes 1-198
2026-08-15 22:26:22,302 INFO o.a.j.t.JMeterThread: Thread started: Endurance Profile - 500 VU for 10 minutes 1-197
2026-08-15 22:26:22,551 INFO o.a.j.t.JMeterThread: Thread started: Endurance Profile - 500 VU for 10 minutes 1-196
2026-08-15 22:26:22,787 INFO o.a.j.t.JMeterThread: Thread started: Endurance Profile - 500 VU for 10 minutes 1-195
2026-08-15 22:26:23,020 INFO o.a.j.t.JMeterThread: Thread started: Endurance Profile - 500 VU for 10 minutes 1-194
2026-08-15 22:26:23,270 INFO o.a.j.t.JMeterThread: Thread started: Endurance Profile - 500 VU for 10 minutes 1-193
2026-08-15 22:26:23,503 INFO o.a.j.t.JMeterThread: Thread started: Endurance Profile - 500 VU for 10 minutes 1-192
2026-08-15 22:26:23,751 INFO o.a.j.t.JMeterThread: Thread started: Endurance Profile - 500 VU for 10 minutes 1-191
2026-08-15 22:26:23,984 INFO o.a.j.t.JMeterThread: Thread started: Endurance Profile - 500 VU for 10 minutes 1-190
2026-08-15 22:26:24,219 INFO o.a.j.t.JMeterThread: Thread started: Endurance Profile - 500 VU for 10 minutes 1-189
2026-08-15 22:26:24,469 INFO o.a.j.t.JMeterThread: Thread started: Endurance Profile - 500 VU for 10 minutes 1-188
2026-08-15 22:26:24,702 INFO o.a.j.t.JMeterThread: Thread started: Endurance Profile - 500 VU for 10 minutes 1-187
2026-08-15 22:26:24,949 INFO o.a.j.t.JMeterThread: Thread started: Endurance Profile - 500 VU for 10 minutes 1-186
2026-08-15 22:26:25,181 INFO o.a.j.t.JMeterThread: Thread started: Endurance Profile - 500 VU for 10 minutes 1-185
2026-08-15 22:26:25,431 INFO o.a.j.t.JMeterThread: Thread started: Endurance Profile - 500 VU for 10 minutes 1-184
2026-08-15 22:26:25,665 INFO o.a.j.t.JMeterThread: Thread started: Endurance Profile - 500 VU for 10 minutes 1-183
2026-08-15 22:26:25,913 INFO o.a.j.t.JMeterThread: Thread started: Endurance Profile - 500 VU for 10 minutes 1-182
2026-08-15 22:26:26,147 INFO o.a.j.t.JMeterThread: Thread started: Endurance Profile - 500 VU for 10 minutes 1-181
2026-08-15 22:26:26,380 INFO o.a.j.t.JMeterThread: Thread started: Endurance Profile - 500 VU for 10 minutes 1-180
2026-08-15 22:26:26,632 INFO o.a.j.t.JMeterThread: Thread started: Endurance Profile - 500 VU for 10 minutes 1-179
2026-08-15 22:26:26,866 INFO o.a.j.t.JMeterThread: Thread started: Endurance Profile - 500 VU for 10 minutes 1-178
2026-08-15 22:26:27,099 INFO o.a.j.t.JMeterThread: Thread started: Endurance Profile - 500 VU for 10 minutes 1-177
2026-08-15 22:26:27,347 INFO o.a.j.t.JMeterThread: Thread started: Endurance Profile - 500 VU for 10 minutes 1-176
2026-08-15 22:26:27,582 INFO o.a.j.t.JMeterThread: Thread started: Endurance Profile - 500 VU for 10 minutes 1-175
2026-08-15 22:26:27,831 INFO o.a.j.t.JMeterThread: Thread started: Endurance Profile - 500 VU for 10 minutes 1-174
2026-08-15 22:26:28,066 INFO o.a.j.t.JMeterThread: Thread started: Endurance Profile - 500 VU for 10 minutes 1-173
2026-08-15 22:26:28,302 INFO o.a.j.t.JMeterThread: Thread started: Endurance Profile - 500 VU for 10 minutes 1-172
2026-08-15 22:26:28,550 INFO o.a.j.t.JMeterThread: Thread started: Endurance Profile - 500 VU for 10 minutes 1-171
2026-08-15 22:26:28,783 INFO o.a.j.t.JMeterThread: Thread started: Endurance Profile - 500 VU for 10 minutes 1-170
2026-08-15 22:26:29,030 INFO o.a.j.t.JMeterThread: Thread started: Endurance Profile - 500 VU for 10 minutes 1-169
2026-08-15 22:26:29,263 INFO o.a.j.t.JMeterThread: Thread started: Endurance Profile - 500 VU for 10 minutes 1-168
2026-08-15 22:26:29,512 INFO o.a.j.t.JMeterThread: Thread started: Endurance Profile - 500 VU for 10 minutes 1-167
2026-08-15 22:26:29,745 INFO o.a.j.t.JMeterThread: Thread started: Endurance Profile - 500 VU for 10 minutes 1-166
2026-08-15 22:26:29,978 INFO o.a.j.t.JMeterThread: Thread started: Endurance Profile - 500 VU for 10 minutes 1-165
2026-08-15 22:26:30,228 INFO o.a.j.t.JMeterThread: Thread started: Endurance Profile - 500 VU for 10 minutes 1-164
2026-08-15 22:26:30,465 INFO o.a.j.t.JMeterThread: Thread started: Endurance Profile - 500 VU for 10 minutes 1-163
2026-08-15 22:26:30,701 INFO o.a.j.t.JMeterThread: Thread started: Endurance Profile - 500 VU for 10 minutes 1-162
2026-08-15 22:26:30,949 INFO o.a.j.t.JMeterThread: Thread started: Endurance Profile - 500 VU for 10 minutes 1-161
2026-08-15 22:26:31,183 INFO o.a.j.t.JMeterThread: Thread started: Endurance Profile - 500 VU for 10 minutes 1-160
2026-08-15 22:26:31,431 INFO o.a.j.t.JMeterThread: Thread started: Endurance Profile - 500 VU for 10 minutes 1-159
2026-08-15 22:26:31,665 INFO o.a.j.t.JMeterThread: Thread started: Endurance Profile - 500 VU for 10 minutes 1-158
2026-08-15 22:26:31,913 INFO o.a.j.t.JMeterThread: Thread started: Endurance Profile - 500 VU for 10 minutes 1-157
2026-08-15 22:26:32,148 INFO o.a.j.t.JMeterThread: Thread started: Endurance Profile - 500 VU for 10 minutes 1-156
2026-08-15 22:26:32,383 INFO o.a.j.t.JMeterThread: Thread started: Endurance Profile - 500 VU for 10 minutes 1-155
2026-08-15 22:26:32,619 INFO o.a.j.t.JMeterThread: Thread started: Endurance Profile - 500 VU for 10 minutes 1-154
2026-08-15 22:26:32,867 INFO o.a.j.t.JMeterThread: Thread started: Endurance Profile - 500 VU for 10 minutes 1-153
2026-08-15 22:26:33,102 INFO o.a.j.t.JMeterThread: Thread started: Endurance Profile - 500 VU for 10 minutes 1-152
2026-08-15 22:26:33,348 INFO o.a.j.t.JMeterThread: Thread started: Endurance Profile - 500 VU for 10 minutes 1-151
2026-08-15 22:26:33,582 INFO o.a.j.t.JMeterThread: Thread started: Endurance Profile - 500 VU for 10 minutes 1-150
2026-08-15 22:26:33,831 INFO o.a.j.t.JMeterThread: Thread started: Endurance Profile - 500 VU for 10 minutes 1-149
2026-08-15 22:26:34,064 INFO o.a.j.t.JMeterThread: Thread started: Endurance Profile - 500 VU for 10 minutes 1-148
2026-08-15 22:26:34,300 INFO o.a.j.t.JMeterThread: Thread started: Endurance Profile - 500 VU for 10 minutes 1-147
2026-08-15 22:26:34,548 INFO o.a.j.t.JMeterThread: Thread started: Endurance Profile - 500 VU for 10 minutes 1-146
2026-08-15 22:26:34,782 INFO o.a.j.t.JMeterThread: Thread started: Endurance Profile - 500 VU for 10 minutes 1-145
2026-08-15 22:26:35,030 INFO o.a.j.t.JMeterThread: Thread started: Endurance Profile - 500 VU for 10 minutes 1-144
2026-08-15 22:26:35,264 INFO o.a.j.t.JMeterThread: Thread started: Endurance Profile - 500 VU for 10 minutes 1-143
2026-08-15 22:26:35,510 INFO o.a.j.t.JMeterThread: Thread started: Endurance Profile - 500 VU for 10 minutes 1-142
2026-08-15 22:26:35,743 INFO o.a.j.t.JMeterThread: Thread started: Endurance Profile - 500 VU for 10 minutes 1-141
2026-08-15 22:26:35,993 INFO o.a.j.t.JMeterThread: Thread started: Endurance Profile - 500 VU for 10 minutes 1-140
2026-08-15 22:26:36,226 INFO o.a.j.t.JMeterThread: Thread started: Endurance Profile - 500 VU for 10 minutes 1-139
2026-08-15 22:26:36,460 INFO o.a.j.t.JMeterThread: Thread started: Endurance Profile - 500 VU for 10 minutes 1-138
2026-08-15 22:26:36,706 INFO o.a.j.t.JMeterThread: Thread started: Endurance Profile - 500 VU for 10 minutes 1-137
2026-08-15 22:26:36,948 INFO o.a.j.t.JMeterThread: Thread started: Endurance Profile - 500 VU for 10 minutes 1-136
2026-08-15 22:26:37,187 INFO o.a.j.t.JMeterThread: Thread started: Endurance Profile - 500 VU for 10 minutes 1-135
2026-08-15 22:26:37,428 INFO o.a.j.t.JMeterThread: Thread started: Endurance Profile - 500 VU for 10 minutes 1-134
2026-08-15 22:26:37,668 INFO o.a.j.t.JMeterThread: Thread started: Endurance Profile - 500 VU for 10 minutes 1-133
2026-08-15 22:26:37,906 INFO o.a.j.t.JMeterThread: Thread started: Endurance Profile - 500 VU for 10 minutes 1-132
2026-08-15 22:26:38,141 INFO o.a.j.t.JMeterThread: Thread started: Endurance Profile - 500 VU for 10 minutes 1-131
2026-08-15 22:26:38,386 INFO o.a.j.t.JMeterThread: Thread started: Endurance Profile - 500 VU for 10 minutes 1-130
2026-08-15 22:26:38,620 INFO o.a.j.t.JMeterThread: Thread started: Endurance Profile - 500 VU for 10 minutes 1-129
2026-08-15 22:26:38,864 INFO o.a.j.t.JMeterThread: Thread started: Endurance Profile - 500 VU for 10 minutes 1-128
2026-08-15 22:26:39,106 INFO o.a.j.t.JMeterThread: Thread started: Endurance Profile - 500 VU for 10 minutes 1-127
2026-08-15 22:26:39,348 INFO o.a.j.t.JMeterThread: Thread started: Endurance Profile - 500 VU for 10 minutes 1-126
2026-08-15 22:26:39,586 INFO o.a.j.t.JMeterThread: Thread started: Endurance Profile - 500 VU for 10 minutes 1-125
2026-08-15 22:26:39,823 INFO o.a.j.t.JMeterThread: Thread started: Endurance Profile - 500 VU for 10 minutes 1-124
2026-08-15 22:26:40,066 INFO o.a.j.t.JMeterThread: Thread started: Endurance Profile - 500 VU for 10 minutes 1-123
2026-08-15 22:26:40,308 INFO o.a.j.t.JMeterThread: Thread started: Endurance Profile - 500 VU for 10 minutes 1-122
2026-08-15 22:26:40,545 INFO o.a.j.t.JMeterThread: Thread started: Endurance Profile - 500 VU for 10 minutes 1-121
2026-08-15 22:26:40,779 INFO o.a.j.t.JMeterThread: Thread started: Endurance Profile - 500 VU for 10 minutes 1-120
2026-08-15 22:26:41,025 INFO o.a.j.t.JMeterThread: Thread started: Endurance Profile - 500 VU for 10 minutes 1-119
2026-08-15 22:26:41,266 INFO o.a.j.t.JMeterThread: Thread started: Endurance Profile - 500 VU for 10 minutes 1-118
2026-08-15 22:26:41,499 INFO o.a.j.t.JMeterThread: Thread started: Endurance Profile - 500 VU for 10 minutes 1-117
2026-08-15 22:26:41,746 INFO o.a.j.t.JMeterThread: Thread started: Endurance Profile - 500 VU for 10 minutes 1-116
2026-08-15 22:26:41,986 INFO o.a.j.t.JMeterThread: Thread started: Endurance Profile - 500 VU for 10 minutes 1-115
2026-08-15 22:26:42,223 INFO o.a.j.t.JMeterThread: Thread started: Endurance Profile - 500 VU for 10 minutes 1-114
2026-08-15 22:26:42,466 INFO o.a.j.t.JMeterThread: Thread started: Endurance Profile - 500 VU for 10 minutes 1-113
2026-08-15 22:26:42,700 INFO o.a.j.t.JMeterThread: Thread started: Endurance Profile - 500 VU for 10 minutes 1-112
2026-08-15 22:26:42,939 INFO o.a.j.t.JMeterThread: Thread started: Endurance Profile - 500 VU for 10 minutes 1-111
2026-08-15 22:26:43,186 INFO o.a.j.t.JMeterThread: Thread started: Endurance Profile - 500 VU for 10 minutes 1-110
2026-08-15 22:26:43,426 INFO o.a.j.t.JMeterThread: Thread started: Endurance Profile - 500 VU for 10 minutes 1-109
2026-08-15 22:26:43,659 INFO o.a.j.t.JMeterThread: Thread started: Endurance Profile - 500 VU for 10 minutes 1-108
2026-08-15 22:26:43,903 INFO o.a.j.t.JMeterThread: Thread started: Endurance Profile - 500 VU for 10 minutes 1-107
2026-08-15 22:26:44,139 INFO o.a.j.t.JMeterThread: Thread started: Endurance Profile - 500 VU for 10 minutes 1-106
2026-08-15 22:26:44,384 INFO o.a.j.t.JMeterThread: Thread started: Endurance Profile - 500 VU for 10 minutes 1-105
2026-08-15 22:26:44,619 INFO o.a.j.t.JMeterThread: Thread started: Endurance Profile - 500 VU for 10 minutes 1-104
2026-08-15 22:26:44,867 INFO o.a.j.t.JMeterThread: Thread started: Endurance Profile - 500 VU for 10 minutes 1-103
2026-08-15 22:26:45,104 INFO o.a.j.t.JMeterThread: Thread started: Endurance Profile - 500 VU for 10 minutes 1-102
2026-08-15 22:26:45,339 INFO o.a.j.t.JMeterThread: Thread started: Endurance Profile - 500 VU for 10 minutes 1-101
2026-08-15 22:26:45,585 INFO o.a.j.t.JMeterThread: Thread started: Endurance Profile - 500 VU for 10 minutes 1-100
2026-08-15 22:26:45,820 INFO o.a.j.t.JMeterThread: Thread started: Endurance Profile - 500 VU for 10 minutes 1-99
2026-08-15 22:26:46,065 INFO o.a.j.t.JMeterThread: Thread started: Endurance Profile - 500 VU for 10 minutes 1-98
2026-08-15 22:26:46,300 INFO o.a.j.t.JMeterThread: Thread started: Endurance Profile - 500 VU for 10 minutes 1-97
2026-08-15 22:26:46,544 INFO o.a.j.t.JMeterThread: Thread started: Endurance Profile - 500 VU for 10 minutes 1-96
2026-08-15 22:26:46,788 INFO o.a.j.t.JMeterThread: Thread started: Endurance Profile - 500 VU for 10 minutes 1-95
2026-08-15 22:26:47,031 INFO o.a.j.t.JMeterThread: Thread started: Endurance Profile - 500 VU for 10 minutes 1-94
2026-08-15 22:26:47,270 INFO o.a.j.t.JMeterThread: Thread started: Endurance Profile - 500 VU for 10 minutes 1-93
2026-08-15 22:26:47,508 INFO o.a.j.t.JMeterThread: Thread started: Endurance Profile - 500 VU for 10 minutes 1-92
2026-08-15 22:26:47,746 INFO o.a.j.t.JMeterThread: Thread started: Endurance Profile - 500 VU for 10 minutes 1-91
2026-08-15 22:26:47,984 INFO o.a.j.t.JMeterThread: Thread started: Endurance Profile - 500 VU for 10 minutes 1-90
2026-08-15 22:26:48,225 INFO o.a.j.t.JMeterThread: Thread started: Endurance Profile - 500 VU for 10 minutes 1-89
2026-08-15 22:26:48,462 INFO o.a.j.t.JMeterThread: Thread started: Endurance Profile - 500 VU for 10 minutes 1-88
2026-08-15 22:26:48,702 INFO o.a.j.t.JMeterThread: Thread started: Endurance Profile - 500 VU for 10 minutes 1-87
2026-08-15 22:26:48,941 INFO o.a.j.t.JMeterThread: Thread started: Endurance Profile - 500 VU for 10 minutes 1-86
2026-08-15 22:26:49,180 INFO o.a.j.t.JMeterThread: Thread started: Endurance Profile - 500 VU for 10 minutes 1-85
2026-08-15 22:26:49,419 INFO o.a.j.t.JMeterThread: Thread started: Endurance Profile - 500 VU for 10 minutes 1-84
2026-08-15 22:26:49,671 INFO o.a.j.t.JMeterThread: Thread started: Endurance Profile - 500 VU for 10 minutes 1-83
2026-08-15 22:26:49,910 INFO o.a.j.t.JMeterThread: Thread started: Endurance Profile - 500 VU for 10 minutes 1-82
2026-08-15 22:26:50,147 INFO o.a.j.t.JMeterThread: Thread started: Endurance Profile - 500 VU for 10 minutes 1-81
2026-08-15 22:26:50,384 INFO o.a.j.t.JMeterThread: Thread started: Endurance Profile - 500 VU for 10 minutes 1-80
2026-08-15 22:26:50,621 INFO o.a.j.t.JMeterThread: Thread started: Endurance Profile - 500 VU for 10 minutes 1-79
2026-08-15 22:26:50,860 INFO o.a.j.t.JMeterThread: Thread started: Endurance Profile - 500 VU for 10 minutes 1-78
2026-08-15 22:26:51,113 INFO o.a.j.t.JMeterThread: Thread started: Endurance Profile - 500 VU for 10 minutes 1-77
2026-08-15 22:26:51,351 INFO o.a.j.t.JMeterThread: Thread started: Endurance Profile - 500 VU for 10 minutes 1-76
2026-08-15 22:26:51,588 INFO o.a.j.t.JMeterThread: Thread started: Endurance Profile - 500 VU for 10 minutes 1-75
2026-08-15 22:26:51,826 INFO o.a.j.t.JMeterThread: Thread started: Endurance Profile - 500 VU for 10 minutes 1-74
2026-08-15 22:26:52,064 INFO o.a.j.t.JMeterThread: Thread started: Endurance Profile - 500 VU for 10 minutes 1-73
2026-08-15 22:26:52,302 INFO o.a.j.t.JMeterThread: Thread started: Endurance Profile - 500 VU for 10 minutes 1-72
2026-08-15 22:26:52,543 INFO o.a.j.t.JMeterThread: Thread started: Endurance Profile - 500 VU for 10 minutes 1-71
2026-08-15 22:26:52,781 INFO o.a.j.t.JMeterThread: Thread started: Endurance Profile - 500 VU for 10 minutes 1-70
2026-08-15 22:26:53,020 INFO o.a.j.t.JMeterThread: Thread started: Endurance Profile - 500 VU for 10 minutes 1-69
2026-08-15 22:26:53,258 INFO o.a.j.t.JMeterThread: Thread started: Endurance Profile - 500 VU for 10 minutes 1-68
2026-08-15 22:26:53,513 INFO o.a.j.t.JMeterThread: Thread started: Endurance Profile - 500 VU for 10 minutes 1-67
2026-08-15 22:26:53,752 INFO o.a.j.t.JMeterThread: Thread started: Endurance Profile - 500 VU for 10 minutes 1-66
2026-08-15 22:26:53,984 INFO o.a.j.t.JMeterThread: Thread started: Endurance Profile - 500 VU for 10 minutes 1-65
2026-08-15 22:26:54,223 INFO o.a.j.t.JMeterThread: Thread started: Endurance Profile - 500 VU for 10 minutes 1-64
2026-08-15 22:26:54,463 INFO o.a.j.t.JMeterThread: Thread started: Endurance Profile - 500 VU for 10 minutes 1-63
2026-08-15 22:26:54,701 INFO o.a.j.t.JMeterThread: Thread started: Endurance Profile - 500 VU for 10 minutes 1-62
2026-08-15 22:26:54,940 INFO o.a.j.t.JMeterThread: Thread started: Endurance Profile - 500 VU for 10 minutes 1-61
2026-08-15 22:26:55,179 INFO o.a.j.t.JMeterThread: Thread started: Endurance Profile - 500 VU for 10 minutes 1-60
2026-08-15 22:26:55,433 INFO o.a.j.t.JMeterThread: Thread started: Endurance Profile - 500 VU for 10 minutes 1-59
2026-08-15 22:26:55,672 INFO o.a.j.t.JMeterThread: Thread started: Endurance Profile - 500 VU for 10 minutes 1-58
2026-08-15 22:26:55,909 INFO o.a.j.t.JMeterThread: Thread started: Endurance Profile - 500 VU for 10 minutes 1-57
2026-08-15 22:26:56,147 INFO o.a.j.t.JMeterThread: Thread started: Endurance Profile - 500 VU for 10 minutes 1-56
2026-08-15 22:26:56,381 INFO o.a.j.t.JMeterThread: Thread started: Endurance Profile - 500 VU for 10 minutes 1-55
2026-08-15 22:26:56,631 INFO o.a.j.t.JMeterThread: Thread started: Endurance Profile - 500 VU for 10 minutes 1-54
2026-08-15 22:26:56,866 INFO o.a.j.t.JMeterThread: Thread started: Endurance Profile - 500 VU for 10 minutes 1-53
2026-08-15 22:26:57,102 INFO o.a.j.t.JMeterThread: Thread started: Endurance Profile - 500 VU for 10 minutes 1-52
2026-08-15 22:26:57,339 INFO o.a.j.t.JMeterThread: Thread started: Endurance Profile - 500 VU for 10 minutes 1-51
2026-08-15 22:26:57,578 INFO o.a.j.t.JMeterThread: Thread started: Endurance Profile - 500 VU for 10 minutes 1-50
2026-08-15 22:26:57,818 INFO o.a.j.t.JMeterThread: Thread started: Endurance Profile - 500 VU for 10 minutes 1-49
2026-08-15 22:26:58,059 INFO o.a.j.t.JMeterThread: Thread started: Endurance Profile - 500 VU for 10 minutes 1-48
2026-08-15 22:26:58,298 INFO o.a.j.t.JMeterThread: Thread started: Endurance Profile - 500 VU for 10 minutes 1-47
2026-08-15 22:26:58,539 INFO o.a.j.t.JMeterThread: Thread started: Endurance Profile - 500 VU for 10 minutes 1-46
2026-08-15 22:26:58,778 INFO o.a.j.t.JMeterThread: Thread started: Endurance Profile - 500 VU for 10 minutes 1-45
2026-08-15 22:26:59,019 INFO o.a.j.t.JMeterThread: Thread started: Endurance Profile - 500 VU for 10 minutes 1-44
2026-08-15 22:26:59,259 INFO o.a.j.t.JMeterThread: Thread started: Endurance Profile - 500 VU for 10 minutes 1-43
2026-08-15 22:26:59,499 INFO o.a.j.t.JMeterThread: Thread started: Endurance Profile - 500 VU for 10 minutes 1-42
2026-08-15 22:26:59,739 INFO o.a.j.t.JMeterThread: Thread started: Endurance Profile - 500 VU for 10 minutes 1-41
2026-08-15 22:26:59,979 INFO o.a.j.t.JMeterThread: Thread started: Endurance Profile - 500 VU for 10 minutes 1-40
2026-08-15 22:27:00,218 INFO o.a.j.t.JMeterThread: Thread started: Endurance Profile - 500 VU for 10 minutes 1-39
2026-08-15 22:27:00,458 INFO o.a.j.t.JMeterThread: Thread started: Endurance Profile - 500 VU for 10 minutes 1-38
2026-08-15 22:27:00,698 INFO o.a.j.t.JMeterThread: Thread started: Endurance Profile - 500 VU for 10 minutes 1-37
2026-08-15 22:27:00,938 INFO o.a.j.t.JMeterThread: Thread started: Endurance Profile - 500 VU for 10 minutes 1-36
2026-08-15 22:27:01,178 INFO o.a.j.t.JMeterThread: Thread started: Endurance Profile - 500 VU for 10 minutes 1-35
2026-08-15 22:27:01,418 INFO o.a.j.t.JMeterThread: Thread started: Endurance Profile - 500 VU for 10 minutes 1-34
2026-08-15 22:27:01,658 INFO o.a.j.t.JMeterThread: Thread started: Endurance Profile - 500 VU for 10 minutes 1-33
2026-08-15 22:27:01,898 INFO o.a.j.t.JMeterThread: Thread started: Endurance Profile - 500 VU for 10 minutes 1-32
2026-08-15 22:27:02,140 INFO o.a.j.t.JMeterThread: Thread started: Endurance Profile - 500 VU for 10 minutes 1-31
2026-08-15 22:27:02,380 INFO o.a.j.t.JMeterThread: Thread started: Endurance Profile - 500 VU for 10 minutes 1-30
2026-08-15 22:27:02,619 INFO o.a.j.t.JMeterThread: Thread started: Endurance Profile - 500 VU for 10 minutes 1-29
2026-08-15 22:27:02,859 INFO o.a.j.t.JMeterThread: Thread started: Endurance Profile - 500 VU for 10 minutes 1-28
2026-08-15 22:27:03,098 INFO o.a.j.t.JMeterThread: Thread started: Endurance Profile - 500 VU for 10 minutes 1-27
2026-08-15 22:27:03,338 INFO o.a.j.t.JMeterThread: Thread started: Endurance Profile - 500 VU for 10 minutes 1-26
2026-08-15 22:27:03,579 INFO o.a.j.t.JMeterThread: Thread started: Endurance Profile - 500 VU for 10 minutes 1-25
2026-08-15 22:27:03,819 INFO o.a.j.t.JMeterThread: Thread started: Endurance Profile - 500 VU for 10 minutes 1-24
2026-08-15 22:27:04,059 INFO o.a.j.t.JMeterThread: Thread started: Endurance Profile - 500 VU for 10 minutes 1-23
2026-08-15 22:27:04,299 INFO o.a.j.t.JMeterThread: Thread started: Endurance Profile - 500 VU for 10 minutes 1-22
2026-08-15 22:27:04,539 INFO o.a.j.t.JMeterThread: Thread started: Endurance Profile - 500 VU for 10 minutes 1-21
2026-08-15 22:27:04,779 INFO o.a.j.t.JMeterThread: Thread started: Endurance Profile - 500 VU for 10 minutes 1-20
2026-08-15 22:27:05,018 INFO o.a.j.t.JMeterThread: Thread started: Endurance Profile - 500 VU for 10 minutes 1-19
2026-08-15 22:27:05,258 INFO o.a.j.t.JMeterThread: Thread started: Endurance Profile - 500 VU for 10 minutes 1-18
2026-08-15 22:27:05,498 INFO o.a.j.t.JMeterThread: Thread started: Endurance Profile - 500 VU for 10 minutes 1-17
2026-08-15 22:27:05,738 INFO o.a.j.t.JMeterThread: Thread started: Endurance Profile - 500 VU for 10 minutes 1-16
2026-08-15 22:27:05,978 INFO o.a.j.t.JMeterThread: Thread started: Endurance Profile - 500 VU for 10 minutes 1-15
2026-08-15 22:27:06,219 INFO o.a.j.t.JMeterThread: Thread started: Endurance Profile - 500 VU for 10 minutes 1-14
2026-08-15 22:27:06,460 INFO o.a.j.t.JMeterThread: Thread started: Endurance Profile - 500 VU for 10 minutes 1-13
2026-08-15 22:27:06,699 INFO o.a.j.t.JMeterThread: Thread started: Endurance Profile - 500 VU for 10 minutes 1-12
2026-08-15 22:27:06,939 INFO o.a.j.t.JMeterThread: Thread started: Endurance Profile - 500 VU for 10 minutes 1-11
2026-08-15 22:27:07,179 INFO o.a.j.t.JMeterThread: Thread started: Endurance Profile - 500 VU for 10 minutes 1-10
2026-08-15 22:27:07,418 INFO o.a.j.t.JMeterThread: Thread started: Endurance Profile - 500 VU for 10 minutes 1-9
2026-08-15 22:27:07,658 INFO o.a.j.t.JMeterThread: Thread started: Endurance Profile - 500 VU for 10 minutes 1-8
2026-08-15 22:27:07,898 INFO o.a.j.t.JMeterThread: Thread started: Endurance Profile - 500 VU for 10 minutes 1-7
2026-08-15 22:27:08,139 INFO o.a.j.t.JMeterThread: Thread started: Endurance Profile - 500 VU for 10 minutes 1-6
2026-08-15 22:27:08,378 INFO o.a.j.t.JMeterThread: Thread started: Endurance Profile - 500 VU for 10 minutes 1-5
2026-08-15 22:27:08,618 INFO o.a.j.t.JMeterThread: Thread started: Endurance Profile - 500 VU for 10 minutes 1-4
2026-08-15 22:27:08,858 INFO o.a.j.t.JMeterThread: Thread started: Endurance Profile - 500 VU for 10 minutes 1-3
2026-08-15 22:27:09,099 INFO o.a.j.t.JMeterThread: Thread started: Endurance Profile - 500 VU for 10 minutes 1-2
2026-08-15 22:27:09,338 INFO o.a.j.t.JMeterThread: Thread started: Endurance Profile - 500 VU for 10 minutes 1-1
2026-08-15 22:37:07,305 INFO o.a.j.t.JMeterThread: Thread finished: Endurance Profile - 500 VU for 10 minutes 1-496
2026-08-15 22:37:07,530 INFO o.a.j.t.JMeterThread: Thread finished: Endurance Profile - 500 VU for 10 minutes 1-493
2026-08-15 22:37:08,005 INFO o.a.j.t.JMeterThread: Thread finished: Endurance Profile - 500 VU for 10 minutes 1-495
2026-08-15 22:37:08,331 INFO o.a.j.t.JMeterThread: Thread finished: Endurance Profile - 500 VU for 10 minutes 1-497
2026-08-15 22:37:08,345 INFO o.a.j.t.JMeterThread: Thread finished: Endurance Profile - 500 VU for 10 minutes 1-499
2026-08-15 22:37:08,439 INFO o.a.j.t.JMeterThread: Thread finished: Endurance Profile - 500 VU for 10 minutes 1-500
2026-08-15 22:37:08,939 INFO o.a.j.t.JMeterThread: Thread finished: Endurance Profile - 500 VU for 10 minutes 1-482
2026-08-15 22:37:09,003 INFO o.a.j.t.JMeterThread: Thread finished: Endurance Profile - 500 VU for 10 minutes 1-494
2026-08-15 22:37:09,004 INFO o.a.j.t.JMeterThread: Thread finished: Endurance Profile - 500 VU for 10 minutes 1-498
2026-08-15 22:37:09,032 INFO o.a.j.t.JMeterThread: Thread finished: Endurance Profile - 500 VU for 10 minutes 1-484
2026-08-15 22:37:09,313 INFO o.a.j.t.JMeterThread: Thread finished: Endurance Profile - 500 VU for 10 minutes 1-491
2026-08-15 22:37:09,391 INFO o.a.j.t.JMeterThread: Thread finished: Endurance Profile - 500 VU for 10 minutes 1-486
2026-08-15 22:37:09,411 INFO o.a.j.t.JMeterThread: Thread finished: Endurance Profile - 500 VU for 10 minutes 1-487
2026-08-15 22:37:09,427 INFO o.a.j.t.JMeterThread: Thread finished: Endurance Profile - 500 VU for 10 minutes 1-485
2026-08-15 22:37:09,470 INFO o.a.j.t.JMeterThread: Thread finished: Endurance Profile - 500 VU for 10 minutes 1-492
2026-08-15 22:37:09,840 INFO o.a.j.t.JMeterThread: Thread finished: Endurance Profile - 500 VU for 10 minutes 1-489
2026-08-15 22:37:10,074 INFO o.a.j.t.JMeterThread: Thread finished: Endurance Profile - 500 VU for 10 minutes 1-478
2026-08-15 22:37:10,219 INFO o.a.j.t.JMeterThread: Thread finished: Endurance Profile - 500 VU for 10 minutes 1-488
2026-08-15 22:37:10,225 INFO o.a.j.t.JMeterThread: Thread finished: Endurance Profile - 500 VU for 10 minutes 1-471
2026-08-15 22:37:10,293 INFO o.a.j.t.JMeterThread: Thread finished: Endurance Profile - 500 VU for 10 minutes 1-481
2026-08-15 22:37:10,293 INFO o.a.j.t.JMeterThread: Thread finished: Endurance Profile - 500 VU for 10 minutes 1-480
2026-08-15 22:37:10,324 INFO o.a.j.t.JMeterThread: Thread finished: Endurance Profile - 500 VU for 10 minutes 1-483
2026-08-15 22:37:10,419 INFO o.a.j.t.JMeterThread: Thread finished: Endurance Profile - 500 VU for 10 minutes 1-477
2026-08-15 22:37:10,589 INFO o.a.j.t.JMeterThread: Thread finished: Endurance Profile - 500 VU for 10 minutes 1-490
2026-08-15 22:37:10,773 INFO o.a.j.t.JMeterThread: Thread finished: Endurance Profile - 500 VU for 10 minutes 1-469
2026-08-15 22:37:10,791 INFO o.a.j.t.JMeterThread: Thread finished: Endurance Profile - 500 VU for 10 minutes 1-472
2026-08-15 22:37:10,840 INFO o.a.j.t.JMeterThread: Thread finished: Endurance Profile - 500 VU for 10 minutes 1-473
2026-08-15 22:37:11,007 INFO o.a.j.t.JMeterThread: Thread finished: Endurance Profile - 500 VU for 10 minutes 1-475
2026-08-15 22:37:11,114 INFO o.a.j.t.JMeterThread: Thread finished: Endurance Profile - 500 VU for 10 minutes 1-479
2026-08-15 22:37:11,228 INFO o.a.j.t.JMeterThread: Thread finished: Endurance Profile - 500 VU for 10 minutes 1-476
2026-08-15 22:37:11,737 INFO o.a.j.t.JMeterThread: Thread finished: Endurance Profile - 500 VU for 10 minutes 1-474
2026-08-15 22:37:12,225 INFO o.a.j.t.JMeterThread: Thread finished: Endurance Profile - 500 VU for 10 minutes 1-454
2026-08-15 22:37:12,397 INFO o.a.j.t.JMeterThread: Thread finished: Endurance Profile - 500 VU for 10 minutes 1-470
2026-08-15 22:37:12,409 INFO o.a.j.t.JMeterThread: Thread finished: Endurance Profile - 500 VU for 10 minutes 1-465
2026-08-15 22:37:12,532 INFO o.a.j.t.JMeterThread: Thread finished: Endurance Profile - 500 VU for 10 minutes 1-466
2026-08-15 22:37:12,830 INFO o.a.j.t.JMeterThread: Thread finished: Endurance Profile - 500 VU for 10 minutes 1-468
2026-08-15 22:37:13,079 INFO o.a.j.t.JMeterThread: Thread finished: Endurance Profile - 500 VU for 10 minutes 1-461
2026-08-15 22:37:13,106 INFO o.a.j.t.JMeterThread: Thread finished: Endurance Profile - 500 VU for 10 minutes 1-463
2026-08-15 22:37:13,369 INFO o.a.j.t.JMeterThread: Thread finished: Endurance Profile - 500 VU for 10 minutes 1-459
2026-08-15 22:37:13,382 INFO o.a.j.t.JMeterThread: Thread finished: Endurance Profile - 500 VU for 10 minutes 1-462
2026-08-15 22:37:13,428 INFO o.a.j.t.JMeterThread: Stopping because end time detected by thread: Endurance Profile - 500 VU for 10 minutes 1-467
2026-08-15 22:37:13,429 INFO o.a.j.t.JMeterThread: Thread finished: Endurance Profile - 500 VU for 10 minutes 1-467
2026-08-15 22:37:13,584 INFO o.a.j.t.JMeterThread: Thread finished: Endurance Profile - 500 VU for 10 minutes 1-452
2026-08-15 22:37:13,646 INFO o.a.j.t.JMeterThread: Thread finished: Endurance Profile - 500 VU for 10 minutes 1-464
2026-08-15 22:37:13,662 INFO o.a.j.t.JMeterThread: Thread finished: Endurance Profile - 500 VU for 10 minutes 1-458
2026-08-15 22:37:13,682 INFO o.a.j.t.JMeterThread: Thread finished: Endurance Profile - 500 VU for 10 minutes 1-456
2026-08-15 22:37:13,838 INFO o.a.j.t.JMeterThread: Thread finished: Endurance Profile - 500 VU for 10 minutes 1-457
2026-08-15 22:37:14,053 INFO o.a.j.t.JMeterThread: Thread finished: Endurance Profile - 500 VU for 10 minutes 1-460
2026-08-15 22:37:14,161 INFO o.a.j.t.JMeterThread: Thread finished: Endurance Profile - 500 VU for 10 minutes 1-447
2026-08-15 22:37:14,285 INFO o.a.j.t.JMeterThread: Thread finished: Endurance Profile - 500 VU for 10 minutes 1-455
2026-08-15 22:37:14,379 INFO o.a.j.t.JMeterThread: Thread finished: Endurance Profile - 500 VU for 10 minutes 1-453
2026-08-15 22:37:14,568 INFO o.a.j.t.JMeterThread: Thread finished: Endurance Profile - 500 VU for 10 minutes 1-438
2026-08-15 22:37:14,582 INFO o.a.j.t.JMeterThread: Thread finished: Endurance Profile - 500 VU for 10 minutes 1-440
2026-08-15 22:37:14,750 INFO o.a.j.t.JMeterThread: Thread finished: Endurance Profile - 500 VU for 10 minutes 1-450
2026-08-15 22:37:14,887 INFO o.a.j.t.JMeterThread: Thread finished: Endurance Profile - 500 VU for 10 minutes 1-445
2026-08-15 22:37:15,087 INFO o.a.j.t.JMeterThread: Thread finished: Endurance Profile - 500 VU for 10 minutes 1-443
2026-08-15 22:37:15,087 INFO o.a.j.t.JMeterThread: Thread finished: Endurance Profile - 500 VU for 10 minutes 1-446
2026-08-15 22:37:15,132 INFO o.a.j.t.JMeterThread: Thread finished: Endurance Profile - 500 VU for 10 minutes 1-449
2026-08-15 22:37:15,132 INFO o.a.j.t.JMeterThread: Thread finished: Endurance Profile - 500 VU for 10 minutes 1-436
2026-08-15 22:37:15,230 INFO o.a.j.t.JMeterThread: Thread finished: Endurance Profile - 500 VU for 10 minutes 1-448
2026-08-15 22:37:15,233 INFO o.a.j.t.JMeterThread: Thread finished: Endurance Profile - 500 VU for 10 minutes 1-451
2026-08-15 22:37:15,333 INFO o.a.j.t.JMeterThread: Thread finished: Endurance Profile - 500 VU for 10 minutes 1-434
2026-08-15 22:37:15,616 INFO o.a.j.t.JMeterThread: Thread finished: Endurance Profile - 500 VU for 10 minutes 1-428
2026-08-15 22:37:15,769 INFO o.a.j.t.JMeterThread: Thread finished: Endurance Profile - 500 VU for 10 minutes 1-442
2026-08-15 22:37:15,955 INFO o.a.j.t.JMeterThread: Thread finished: Endurance Profile - 500 VU for 10 minutes 1-437
2026-08-15 22:37:15,989 INFO o.a.j.t.JMeterThread: Thread finished: Endurance Profile - 500 VU for 10 minutes 1-435
2026-08-15 22:37:16,052 INFO o.a.j.t.JMeterThread: Thread finished: Endurance Profile - 500 VU for 10 minutes 1-431
2026-08-15 22:37:16,080 INFO o.a.j.t.JMeterThread: Thread finished: Endurance Profile - 500 VU for 10 minutes 1-444
2026-08-15 22:37:16,133 INFO o.a.j.t.JMeterThread: Thread finished: Endurance Profile - 500 VU for 10 minutes 1-441
2026-08-15 22:37:16,140 INFO o.a.j.t.JMeterThread: Thread finished: Endurance Profile - 500 VU for 10 minutes 1-433
2026-08-15 22:37:16,145 INFO o.a.j.t.JMeterThread: Thread finished: Endurance Profile - 500 VU for 10 minutes 1-430
2026-08-15 22:37:16,497 INFO o.a.j.t.JMeterThread: Thread finished: Endurance Profile - 500 VU for 10 minutes 1-439
2026-08-15 22:37:16,718 INFO o.a.j.t.JMeterThread: Thread finished: Endurance Profile - 500 VU for 10 minutes 1-429
2026-08-15 22:37:16,856 INFO o.a.j.t.JMeterThread: Thread finished: Endurance Profile - 500 VU for 10 minutes 1-423
2026-08-15 22:37:17,365 INFO o.a.j.t.JMeterThread: Thread finished: Endurance Profile - 500 VU for 10 minutes 1-418
2026-08-15 22:37:17,463 INFO o.a.j.t.JMeterThread: Thread finished: Endurance Profile - 500 VU for 10 minutes 1-432
2026-08-15 22:37:17,686 INFO o.a.j.t.JMeterThread: Thread finished: Endurance Profile - 500 VU for 10 minutes 1-427
2026-08-15 22:37:17,915 INFO o.a.j.t.JMeterThread: Thread finished: Endurance Profile - 500 VU for 10 minutes 1-426
2026-08-15 22:37:18,148 INFO o.a.j.t.JMeterThread: Thread finished: Endurance Profile - 500 VU for 10 minutes 1-421
2026-08-15 22:37:18,333 INFO o.a.j.t.JMeterThread: Thread finished: Endurance Profile - 500 VU for 10 minutes 1-425
2026-08-15 22:37:18,403 INFO o.a.j.t.JMeterThread: Thread finished: Endurance Profile - 500 VU for 10 minutes 1-424
2026-08-15 22:37:18,429 INFO o.a.j.t.JMeterThread: Thread finished: Endurance Profile - 500 VU for 10 minutes 1-416
2026-08-15 22:37:18,458 INFO o.a.j.t.JMeterThread: Thread finished: Endurance Profile - 500 VU for 10 minutes 1-422
2026-08-15 22:37:18,472 INFO o.a.j.t.JMeterThread: Thread finished: Endurance Profile - 500 VU for 10 minutes 1-420
2026-08-15 22:37:18,673 INFO o.a.j.t.JMeterThread: Thread finished: Endurance Profile - 500 VU for 10 minutes 1-411
2026-08-15 22:37:18,863 INFO o.a.j.t.JMeterThread: Thread finished: Endurance Profile - 500 VU for 10 minutes 1-405
2026-08-15 22:37:18,863 INFO o.a.j.t.JMeterThread: Thread finished: Endurance Profile - 500 VU for 10 minutes 1-417
2026-08-15 22:37:18,912 INFO o.a.j.t.JMeterThread: Thread finished: Endurance Profile - 500 VU for 10 minutes 1-404
2026-08-15 22:37:19,018 INFO o.a.j.t.JMeterThread: Thread finished: Endurance Profile - 500 VU for 10 minutes 1-409
2026-08-15 22:37:19,063 INFO o.a.j.t.JMeterThread: Thread finished: Endurance Profile - 500 VU for 10 minutes 1-402
2026-08-15 22:37:19,130 INFO o.a.j.t.JMeterThread: Thread finished: Endurance Profile - 500 VU for 10 minutes 1-419
2026-08-15 22:37:19,268 INFO o.a.j.t.JMeterThread: Thread finished: Endurance Profile - 500 VU for 10 minutes 1-396
2026-08-15 22:37:19,435 INFO o.a.j.t.JMeterThread: Thread finished: Endurance Profile - 500 VU for 10 minutes 1-399
2026-08-15 22:37:19,450 INFO o.a.j.t.JMeterThread: Thread finished: Endurance Profile - 500 VU for 10 minutes 1-413
2026-08-15 22:37:19,512 INFO o.a.j.t.JMeterThread: Thread finished: Endurance Profile - 500 VU for 10 minutes 1-412
2026-08-15 22:37:19,531 INFO o.a.j.t.JMeterThread: Thread finished: Endurance Profile - 500 VU for 10 minutes 1-415
2026-08-15 22:37:19,544 INFO o.a.j.t.JMeterThread: Thread finished: Endurance Profile - 500 VU for 10 minutes 1-401
2026-08-15 22:37:19,688 INFO o.a.j.t.JMeterThread: Thread finished: Endurance Profile - 500 VU for 10 minutes 1-407
2026-08-15 22:37:19,702 INFO o.a.j.t.JMeterThread: Thread finished: Endurance Profile - 500 VU for 10 minutes 1-414
2026-08-15 22:37:19,764 INFO o.a.j.t.JMeterThread: Thread finished: Endurance Profile - 500 VU for 10 minutes 1-410
2026-08-15 22:37:20,013 INFO o.a.j.t.JMeterThread: Thread finished: Endurance Profile - 500 VU for 10 minutes 1-398
2026-08-15 22:37:20,440 INFO o.a.j.t.JMeterThread: Thread finished: Endurance Profile - 500 VU for 10 minutes 1-408
2026-08-15 22:37:20,518 INFO o.a.j.t.JMeterThread: Thread finished: Endurance Profile - 500 VU for 10 minutes 1-403
2026-08-15 22:37:20,738 INFO o.a.j.t.JMeterThread: Stopping because end time detected by thread: Endurance Profile - 500 VU for 10 minutes 1-406
2026-08-15 22:37:20,738 INFO o.a.j.t.JMeterThread: Thread finished: Endurance Profile - 500 VU for 10 minutes 1-406
2026-08-15 22:37:21,002 INFO o.a.j.t.JMeterThread: Thread finished: Endurance Profile - 500 VU for 10 minutes 1-395
2026-08-15 22:37:21,015 INFO o.a.j.t.JMeterThread: Thread finished: Endurance Profile - 500 VU for 10 minutes 1-394
2026-08-15 22:37:21,128 INFO o.a.j.t.JMeterThread: Thread finished: Endurance Profile - 500 VU for 10 minutes 1-389
2026-08-15 22:37:21,161 INFO o.a.j.t.JMeterThread: Thread finished: Endurance Profile - 500 VU for 10 minutes 1-382
2026-08-15 22:37:21,312 INFO o.a.j.t.JMeterThread: Thread finished: Endurance Profile - 500 VU for 10 minutes 1-400
2026-08-15 22:37:21,814 INFO o.a.j.t.JMeterThread: Thread finished: Endurance Profile - 500 VU for 10 minutes 1-397
2026-08-15 22:37:21,923 INFO o.a.j.t.JMeterThread: Thread finished: Endurance Profile - 500 VU for 10 minutes 1-392
2026-08-15 22:37:21,965 INFO o.a.j.t.JMeterThread: Thread finished: Endurance Profile - 500 VU for 10 minutes 1-393
2026-08-15 22:37:21,980 INFO o.a.j.t.JMeterThread: Thread finished: Endurance Profile - 500 VU for 10 minutes 1-379
2026-08-15 22:37:22,212 INFO o.a.j.t.JMeterThread: Thread finished: Endurance Profile - 500 VU for 10 minutes 1-386
2026-08-15 22:37:22,219 INFO o.a.j.t.JMeterThread: Thread finished: Endurance Profile - 500 VU for 10 minutes 1-391
2026-08-15 22:37:22,229 INFO o.a.j.t.JMeterThread: Thread finished: Endurance Profile - 500 VU for 10 minutes 1-388
2026-08-15 22:37:22,260 INFO o.a.j.t.JMeterThread: Thread finished: Endurance Profile - 500 VU for 10 minutes 1-390
2026-08-15 22:37:22,355 INFO o.a.j.t.JMeterThread: Thread finished: Endurance Profile - 500 VU for 10 minutes 1-387
2026-08-15 22:37:22,438 INFO o.a.j.t.JMeterThread: Thread finished: Endurance Profile - 500 VU for 10 minutes 1-380
2026-08-15 22:37:22,641 INFO o.a.j.t.JMeterThread: Thread finished: Endurance Profile - 500 VU for 10 minutes 1-384
2026-08-15 22:37:22,697 INFO o.a.j.t.JMeterThread: Thread finished: Endurance Profile - 500 VU for 10 minutes 1-371
2026-08-15 22:37:22,824 INFO o.a.j.t.JMeterThread: Thread finished: Endurance Profile - 500 VU for 10 minutes 1-374
2026-08-15 22:37:22,838 INFO o.a.j.t.JMeterThread: Thread finished: Endurance Profile - 500 VU for 10 minutes 1-383
2026-08-15 22:37:22,939 INFO o.a.j.t.JMeterThread: Thread finished: Endurance Profile - 500 VU for 10 minutes 1-378
2026-08-15 22:37:23,072 INFO o.a.j.t.JMeterThread: Thread finished: Endurance Profile - 500 VU for 10 minutes 1-385
2026-08-15 22:37:23,226 INFO o.a.j.t.JMeterThread: Thread finished: Endurance Profile - 500 VU for 10 minutes 1-375
2026-08-15 22:37:23,289 INFO o.a.j.t.JMeterThread: Thread finished: Endurance Profile - 500 VU for 10 minutes 1-381
2026-08-15 22:37:23,336 INFO o.a.j.t.JMeterThread: Thread finished: Endurance Profile - 500 VU for 10 minutes 1-376
2026-08-15 22:37:23,507 INFO o.a.j.t.JMeterThread: Thread finished: Endurance Profile - 500 VU for 10 minutes 1-377
2026-08-15 22:37:23,802 INFO o.a.j.t.JMeterThread: Thread finished: Endurance Profile - 500 VU for 10 minutes 1-370
2026-08-15 22:37:23,940 INFO o.a.j.t.JMeterThread: Thread finished: Endurance Profile - 500 VU for 10 minutes 1-369
2026-08-15 22:37:24,237 INFO o.a.j.t.JMeterThread: Thread finished: Endurance Profile - 500 VU for 10 minutes 1-361
2026-08-15 22:37:24,241 INFO o.a.j.t.JMeterThread: Thread finished: Endurance Profile - 500 VU for 10 minutes 1-364
2026-08-15 22:37:24,393 INFO o.a.j.t.JMeterThread: Thread finished: Endurance Profile - 500 VU for 10 minutes 1-372
2026-08-15 22:37:24,397 INFO o.a.j.t.JMeterThread: Thread finished: Endurance Profile - 500 VU for 10 minutes 1-373
2026-08-15 22:37:24,488 INFO o.a.j.t.JMeterThread: Thread finished: Endurance Profile - 500 VU for 10 minutes 1-366
2026-08-15 22:37:24,531 INFO o.a.j.t.JMeterThread: Thread finished: Endurance Profile - 500 VU for 10 minutes 1-359
2026-08-15 22:37:24,535 INFO o.a.j.t.JMeterThread: Thread finished: Endurance Profile - 500 VU for 10 minutes 1-363
2026-08-15 22:37:24,594 INFO o.a.j.t.JMeterThread: Thread finished: Endurance Profile - 500 VU for 10 minutes 1-367
2026-08-15 22:37:24,751 INFO o.a.j.t.JMeterThread: Thread finished: Endurance Profile - 500 VU for 10 minutes 1-368
2026-08-15 22:37:24,816 INFO o.a.j.t.JMeterThread: Thread finished: Endurance Profile - 500 VU for 10 minutes 1-362
2026-08-15 22:37:25,001 INFO o.a.j.t.JMeterThread: Thread finished: Endurance Profile - 500 VU for 10 minutes 1-353
2026-08-15 22:37:25,103 INFO o.a.j.t.JMeterThread: Thread finished: Endurance Profile - 500 VU for 10 minutes 1-365
2026-08-15 22:37:25,161 INFO o.a.j.t.JMeterThread: Thread finished: Endurance Profile - 500 VU for 10 minutes 1-354
2026-08-15 22:37:25,439 INFO o.a.j.t.JMeterThread: Thread finished: Endurance Profile - 500 VU for 10 minutes 1-357
2026-08-15 22:37:25,548 INFO o.a.j.t.JMeterThread: Thread finished: Endurance Profile - 500 VU for 10 minutes 1-351
2026-08-15 22:37:25,725 INFO o.a.j.t.JMeterThread: Thread finished: Endurance Profile - 500 VU for 10 minutes 1-347
2026-08-15 22:37:25,802 INFO o.a.j.t.JMeterThread: Thread finished: Endurance Profile - 500 VU for 10 minutes 1-350
2026-08-15 22:37:25,939 INFO o.a.j.t.JMeterThread: Thread finished: Endurance Profile - 500 VU for 10 minutes 1-360
2026-08-15 22:37:26,020 INFO o.a.j.t.JMeterThread: Thread finished: Endurance Profile - 500 VU for 10 minutes 1-346
2026-08-15 22:37:26,051 INFO o.a.j.t.JMeterThread: Thread finished: Endurance Profile - 500 VU for 10 minutes 1-352
2026-08-15 22:37:26,073 INFO o.a.j.t.JMeterThread: Thread finished: Endurance Profile - 500 VU for 10 minutes 1-342
2026-08-15 22:37:26,127 INFO o.a.j.t.JMeterThread: Thread finished: Endurance Profile - 500 VU for 10 minutes 1-339
2026-08-15 22:37:26,204 INFO o.a.j.t.JMeterThread: Thread finished: Endurance Profile - 500 VU for 10 minutes 1-356
2026-08-15 22:37:26,346 INFO o.a.j.t.JMeterThread: Thread finished: Endurance Profile - 500 VU for 10 minutes 1-358
2026-08-15 22:37:26,713 INFO o.a.j.t.JMeterThread: Thread finished: Endurance Profile - 500 VU for 10 minutes 1-343
2026-08-15 22:37:26,807 INFO o.a.j.t.JMeterThread: Thread finished: Endurance Profile - 500 VU for 10 minutes 1-355
2026-08-15 22:37:26,896 INFO o.a.j.t.JMeterThread: Thread finished: Endurance Profile - 500 VU for 10 minutes 1-349
2026-08-15 22:37:27,100 INFO o.a.j.t.JMeterThread: Thread finished: Endurance Profile - 500 VU for 10 minutes 1-345
2026-08-15 22:37:27,381 INFO o.a.j.t.JMeterThread: Thread finished: Endurance Profile - 500 VU for 10 minutes 1-344
2026-08-15 22:37:27,463 INFO o.a.j.t.JMeterThread: Thread finished: Endurance Profile - 500 VU for 10 minutes 1-341
2026-08-15 22:37:27,537 INFO o.a.j.t.JMeterThread: Thread finished: Endurance Profile - 500 VU for 10 minutes 1-348
2026-08-15 22:37:27,628 INFO o.a.j.t.JMeterThread: Thread finished: Endurance Profile - 500 VU for 10 minutes 1-340
2026-08-15 22:37:27,846 INFO o.a.j.t.JMeterThread: Thread finished: Endurance Profile - 500 VU for 10 minutes 1-338
2026-08-15 22:37:28,322 INFO o.a.j.t.JMeterThread: Thread finished: Endurance Profile - 500 VU for 10 minutes 1-336
2026-08-15 22:37:28,322 INFO o.a.j.t.JMeterThread: Thread finished: Endurance Profile - 500 VU for 10 minutes 1-323
2026-08-15 22:37:28,388 INFO o.a.j.t.JMeterThread: Thread finished: Endurance Profile - 500 VU for 10 minutes 1-334
2026-08-15 22:37:28,720 INFO o.a.j.t.JMeterThread: Thread finished: Endurance Profile - 500 VU for 10 minutes 1-337
2026-08-15 22:37:28,720 INFO o.a.j.t.JMeterThread: Thread finished: Endurance Profile - 500 VU for 10 minutes 1-335
2026-08-15 22:37:28,842 INFO o.a.j.t.JMeterThread: Thread finished: Endurance Profile - 500 VU for 10 minutes 1-332
2026-08-15 22:37:28,945 INFO o.a.j.t.JMeterThread: Thread finished: Endurance Profile - 500 VU for 10 minutes 1-325
2026-08-15 22:37:29,183 INFO o.a.j.t.JMeterThread: Thread finished: Endurance Profile - 500 VU for 10 minutes 1-328
2026-08-15 22:37:29,292 INFO o.a.j.t.JMeterThread: Thread finished: Endurance Profile - 500 VU for 10 minutes 1-324
2026-08-15 22:37:29,352 INFO o.a.j.t.JMeterThread: Thread finished: Endurance Profile - 500 VU for 10 minutes 1-327
2026-08-15 22:37:29,367 INFO o.a.j.t.JMeterThread: Thread finished: Endurance Profile - 500 VU for 10 minutes 1-333
2026-08-15 22:37:29,475 INFO o.a.j.t.JMeterThread: Thread finished: Endurance Profile - 500 VU for 10 minutes 1-329
2026-08-15 22:37:29,506 INFO o.a.j.t.JMeterThread: Thread finished: Endurance Profile - 500 VU for 10 minutes 1-330
2026-08-15 22:37:29,664 INFO o.a.j.t.JMeterThread: Thread finished: Endurance Profile - 500 VU for 10 minutes 1-331
2026-08-15 22:37:29,851 INFO o.a.j.t.JMeterThread: Thread finished: Endurance Profile - 500 VU for 10 minutes 1-326
2026-08-15 22:37:29,957 INFO o.a.j.t.JMeterThread: Thread finished: Endurance Profile - 500 VU for 10 minutes 1-310
2026-08-15 22:37:29,974 INFO o.a.j.t.JMeterThread: Thread finished: Endurance Profile - 500 VU for 10 minutes 1-320
2026-08-15 22:37:30,304 INFO o.a.j.r.Summariser: summary +    181 in 00:12:21 =    0.2/s Avg:  4355 Min:     1 Max: 10263 Err:     0 (0.00%) Active: 320 Started: 500 Finished: 180
2026-08-15 22:37:30,304 INFO o.a.j.t.JMeterThread: Thread finished: Endurance Profile - 500 VU for 10 minutes 1-316
2026-08-15 22:37:30,472 INFO o.a.j.t.JMeterThread: Thread finished: Endurance Profile - 500 VU for 10 minutes 1-319
2026-08-15 22:37:30,505 INFO o.a.j.t.JMeterThread: Thread finished: Endurance Profile - 500 VU for 10 minutes 1-321
2026-08-15 22:37:30,706 INFO o.a.j.t.JMeterThread: Thread finished: Endurance Profile - 500 VU for 10 minutes 1-322
2026-08-15 22:37:30,879 INFO o.a.j.t.JMeterThread: Thread finished: Endurance Profile - 500 VU for 10 minutes 1-309
2026-08-15 22:37:31,000 INFO o.a.j.t.JMeterThread: Thread finished: Endurance Profile - 500 VU for 10 minutes 1-317
2026-08-15 22:37:31,066 INFO o.a.j.t.JMeterThread: Thread finished: Endurance Profile - 500 VU for 10 minutes 1-318
2026-08-15 22:37:31,082 INFO o.a.j.t.JMeterThread: Thread finished: Endurance Profile - 500 VU for 10 minutes 1-313
2026-08-15 22:37:31,134 INFO o.a.j.t.JMeterThread: Thread finished: Endurance Profile - 500 VU for 10 minutes 1-315
2026-08-15 22:37:31,296 INFO o.a.j.t.JMeterThread: Thread finished: Endurance Profile - 500 VU for 10 minutes 1-312
2026-08-15 22:37:31,454 INFO o.a.j.t.JMeterThread: Thread finished: Endurance Profile - 500 VU for 10 minutes 1-302
2026-08-15 22:37:31,549 INFO o.a.j.t.JMeterThread: Thread finished: Endurance Profile - 500 VU for 10 minutes 1-304
2026-08-15 22:37:31,563 INFO o.a.j.t.JMeterThread: Thread finished: Endurance Profile - 500 VU for 10 minutes 1-297
2026-08-15 22:37:31,578 INFO o.a.j.t.JMeterThread: Thread finished: Endurance Profile - 500 VU for 10 minutes 1-295
2026-08-15 22:37:31,599 INFO o.a.j.t.JMeterThread: Thread finished: Endurance Profile - 500 VU for 10 minutes 1-314
2026-08-15 22:37:31,627 INFO o.a.j.t.JMeterThread: Thread finished: Endurance Profile - 500 VU for 10 minutes 1-299
2026-08-15 22:37:31,702 INFO o.a.j.t.JMeterThread: Thread finished: Endurance Profile - 500 VU for 10 minutes 1-311
2026-08-15 22:37:31,793 INFO o.a.j.t.JMeterThread: Thread finished: Endurance Profile - 500 VU for 10 minutes 1-294
2026-08-15 22:37:32,217 INFO o.a.j.t.JMeterThread: Thread finished: Endurance Profile - 500 VU for 10 minutes 1-300
2026-08-15 22:37:32,325 INFO o.a.j.t.JMeterThread: Thread finished: Endurance Profile - 500 VU for 10 minutes 1-307
2026-08-15 22:37:32,386 INFO o.a.j.t.JMeterThread: Thread finished: Endurance Profile - 500 VU for 10 minutes 1-306
2026-08-15 22:37:32,468 INFO o.a.j.t.JMeterThread: Thread finished: Endurance Profile - 500 VU for 10 minutes 1-308
2026-08-15 22:37:32,618 INFO o.a.j.t.JMeterThread: Thread finished: Endurance Profile - 500 VU for 10 minutes 1-298
2026-08-15 22:37:32,648 INFO o.a.j.t.JMeterThread: Thread finished: Endurance Profile - 500 VU for 10 minutes 1-293
2026-08-15 22:37:32,865 INFO o.a.j.t.JMeterThread: Stopping because end time detected by thread: Endurance Profile - 500 VU for 10 minutes 1-305
2026-08-15 22:37:32,866 INFO o.a.j.t.JMeterThread: Thread finished: Endurance Profile - 500 VU for 10 minutes 1-305
2026-08-15 22:37:32,896 INFO o.a.j.t.JMeterThread: Thread finished: Endurance Profile - 500 VU for 10 minutes 1-303
2026-08-15 22:37:32,977 INFO o.a.j.t.JMeterThread: Thread finished: Endurance Profile - 500 VU for 10 minutes 1-296
2026-08-15 22:37:33,176 INFO o.a.j.t.JMeterThread: Thread finished: Endurance Profile - 500 VU for 10 minutes 1-301
2026-08-15 22:37:33,494 INFO o.a.j.t.JMeterThread: Thread finished: Endurance Profile - 500 VU for 10 minutes 1-287
2026-08-15 22:37:33,566 INFO o.a.j.t.JMeterThread: Thread finished: Endurance Profile - 500 VU for 10 minutes 1-291
2026-08-15 22:37:33,594 INFO o.a.j.t.JMeterThread: Thread finished: Endurance Profile - 500 VU for 10 minutes 1-290
2026-08-15 22:37:34,081 INFO o.a.j.t.JMeterThread: Thread finished: Endurance Profile - 500 VU for 10 minutes 1-282
2026-08-15 22:37:34,311 INFO o.a.j.t.JMeterThread: Thread finished: Endurance Profile - 500 VU for 10 minutes 1-272
2026-08-15 22:37:34,313 INFO o.a.j.t.JMeterThread: Thread finished: Endurance Profile - 500 VU for 10 minutes 1-292
2026-08-15 22:37:34,327 INFO o.a.j.t.JMeterThread: Thread finished: Endurance Profile - 500 VU for 10 minutes 1-284
2026-08-15 22:37:34,351 INFO o.a.j.t.JMeterThread: Thread finished: Endurance Profile - 500 VU for 10 minutes 1-278
2026-08-15 22:37:34,545 INFO o.a.j.t.JMeterThread: Thread finished: Endurance Profile - 500 VU for 10 minutes 1-286
2026-08-15 22:37:34,563 INFO o.a.j.t.JMeterThread: Thread finished: Endurance Profile - 500 VU for 10 minutes 1-273
2026-08-15 22:37:34,649 INFO o.a.j.t.JMeterThread: Thread finished: Endurance Profile - 500 VU for 10 minutes 1-289
2026-08-15 22:37:34,653 INFO o.a.j.t.JMeterThread: Thread finished: Endurance Profile - 500 VU for 10 minutes 1-280
2026-08-15 22:37:34,827 INFO o.a.j.t.JMeterThread: Thread finished: Endurance Profile - 500 VU for 10 minutes 1-285
2026-08-15 22:37:34,854 INFO o.a.j.t.JMeterThread: Thread finished: Endurance Profile - 500 VU for 10 minutes 1-288
2026-08-15 22:37:35,031 INFO o.a.j.t.JMeterThread: Thread finished: Endurance Profile - 500 VU for 10 minutes 1-277
2026-08-15 22:37:35,088 INFO o.a.j.t.JMeterThread: Thread finished: Endurance Profile - 500 VU for 10 minutes 1-276
2026-08-15 22:37:35,406 INFO o.a.j.t.JMeterThread: Thread finished: Endurance Profile - 500 VU for 10 minutes 1-279
2026-08-15 22:37:35,408 INFO o.a.j.t.JMeterThread: Thread finished: Endurance Profile - 500 VU for 10 minutes 1-283
2026-08-15 22:37:35,423 INFO o.a.j.t.JMeterThread: Thread finished: Endurance Profile - 500 VU for 10 minutes 1-274
2026-08-15 22:37:35,694 INFO o.a.j.t.JMeterThread: Thread finished: Endurance Profile - 500 VU for 10 minutes 1-281
2026-08-15 22:37:35,751 INFO o.a.j.t.JMeterThread: Thread finished: Endurance Profile - 500 VU for 10 minutes 1-275
2026-08-15 22:37:35,787 INFO o.a.j.t.JMeterThread: Thread finished: Endurance Profile - 500 VU for 10 minutes 1-267
2026-08-15 22:37:36,162 INFO o.a.j.t.JMeterThread: Thread finished: Endurance Profile - 500 VU for 10 minutes 1-261
2026-08-15 22:37:36,188 INFO o.a.j.t.JMeterThread: Thread finished: Endurance Profile - 500 VU for 10 minutes 1-264
2026-08-15 22:37:36,219 INFO o.a.j.t.JMeterThread: Thread finished: Endurance Profile - 500 VU for 10 minutes 1-271
2026-08-15 22:37:36,496 INFO o.a.j.t.JMeterThread: Thread finished: Endurance Profile - 500 VU for 10 minutes 1-270
2026-08-15 22:37:36,931 INFO o.a.j.t.JMeterThread: Thread finished: Endurance Profile - 500 VU for 10 minutes 1-259
2026-08-15 22:37:36,952 INFO o.a.j.t.JMeterThread: Thread finished: Endurance Profile - 500 VU for 10 minutes 1-257
2026-08-15 22:37:37,079 INFO o.a.j.t.JMeterThread: Thread finished: Endurance Profile - 500 VU for 10 minutes 1-269
2026-08-15 22:37:37,083 INFO o.a.j.t.JMeterThread: Thread finished: Endurance Profile - 500 VU for 10 minutes 1-250
2026-08-15 22:37:37,094 INFO o.a.j.t.JMeterThread: Thread finished: Endurance Profile - 500 VU for 10 minutes 1-268
2026-08-15 22:37:37,311 INFO o.a.j.t.JMeterThread: Thread finished: Endurance Profile - 500 VU for 10 minutes 1-260
2026-08-15 22:37:37,345 INFO o.a.j.t.JMeterThread: Thread finished: Endurance Profile - 500 VU for 10 minutes 1-265
2026-08-15 22:37:37,474 INFO o.a.j.t.JMeterThread: Thread finished: Endurance Profile - 500 VU for 10 minutes 1-262
2026-08-15 22:37:37,521 INFO o.a.j.t.JMeterThread: Thread finished: Endurance Profile - 500 VU for 10 minutes 1-266
2026-08-15 22:37:37,701 INFO o.a.j.t.JMeterThread: Thread finished: Endurance Profile - 500 VU for 10 minutes 1-244
2026-08-15 22:37:37,716 INFO o.a.j.t.JMeterThread: Thread finished: Endurance Profile - 500 VU for 10 minutes 1-263
2026-08-15 22:37:37,761 INFO o.a.j.t.JMeterThread: Thread finished: Endurance Profile - 500 VU for 10 minutes 1-253
2026-08-15 22:37:37,944 INFO o.a.j.t.JMeterThread: Thread finished: Endurance Profile - 500 VU for 10 minutes 1-256
2026-08-15 22:37:38,045 INFO o.a.j.t.JMeterThread: Thread finished: Endurance Profile - 500 VU for 10 minutes 1-254
2026-08-15 22:37:38,058 INFO o.a.j.t.JMeterThread: Thread finished: Endurance Profile - 500 VU for 10 minutes 1-255
2026-08-15 22:37:38,112 INFO o.a.j.t.JMeterThread: Thread finished: Endurance Profile - 500 VU for 10 minutes 1-248
2026-08-15 22:37:38,235 INFO o.a.j.t.JMeterThread: Thread finished: Endurance Profile - 500 VU for 10 minutes 1-247
2026-08-15 22:37:38,331 INFO o.a.j.t.JMeterThread: Thread finished: Endurance Profile - 500 VU for 10 minutes 1-249
2026-08-15 22:37:38,485 INFO o.a.j.t.JMeterThread: Thread finished: Endurance Profile - 500 VU for 10 minutes 1-258
2026-08-15 22:37:38,608 INFO o.a.j.t.JMeterThread: Thread finished: Endurance Profile - 500 VU for 10 minutes 1-235
2026-08-15 22:37:38,681 INFO o.a.j.t.JMeterThread: Thread finished: Endurance Profile - 500 VU for 10 minutes 1-251
2026-08-15 22:37:38,785 INFO o.a.j.t.JMeterThread: Thread finished: Endurance Profile - 500 VU for 10 minutes 1-245
2026-08-15 22:37:38,911 INFO o.a.j.t.JMeterThread: Thread finished: Endurance Profile - 500 VU for 10 minutes 1-241
2026-08-15 22:37:39,078 INFO o.a.j.t.JMeterThread: Thread finished: Endurance Profile - 500 VU for 10 minutes 1-252
2026-08-15 22:37:39,242 INFO o.a.j.t.JMeterThread: Thread finished: Endurance Profile - 500 VU for 10 minutes 1-230
2026-08-15 22:37:39,266 INFO o.a.j.t.JMeterThread: Thread finished: Endurance Profile - 500 VU for 10 minutes 1-240
2026-08-15 22:37:39,281 INFO o.a.j.t.JMeterThread: Thread finished: Endurance Profile - 500 VU for 10 minutes 1-234
2026-08-15 22:37:39,454 INFO o.a.j.t.JMeterThread: Thread finished: Endurance Profile - 500 VU for 10 minutes 1-238
2026-08-15 22:37:39,526 INFO o.a.j.t.JMeterThread: Thread finished: Endurance Profile - 500 VU for 10 minutes 1-231
2026-08-15 22:37:39,733 INFO o.a.j.t.JMeterThread: Thread finished: Endurance Profile - 500 VU for 10 minutes 1-246
2026-08-15 22:37:39,747 INFO o.a.j.t.JMeterThread: Thread finished: Endurance Profile - 500 VU for 10 minutes 1-242
2026-08-15 22:37:39,845 INFO o.a.j.t.JMeterThread: Thread finished: Endurance Profile - 500 VU for 10 minutes 1-237
2026-08-15 22:37:39,845 INFO o.a.j.t.JMeterThread: Thread finished: Endurance Profile - 500 VU for 10 minutes 1-243
2026-08-15 22:37:39,954 INFO o.a.j.t.JMeterThread: Thread finished: Endurance Profile - 500 VU for 10 minutes 1-224
2026-08-15 22:37:40,335 INFO o.a.j.t.JMeterThread: Thread finished: Endurance Profile - 500 VU for 10 minutes 1-239
2026-08-15 22:37:40,391 INFO o.a.j.t.JMeterThread: Thread finished: Endurance Profile - 500 VU for 10 minutes 1-228
2026-08-15 22:37:40,446 INFO o.a.j.t.JMeterThread: Thread finished: Endurance Profile - 500 VU for 10 minutes 1-226
2026-08-15 22:37:40,503 INFO o.a.j.t.JMeterThread: Thread finished: Endurance Profile - 500 VU for 10 minutes 1-232
2026-08-15 22:37:41,149 INFO o.a.j.t.JMeterThread: Stopping because end time detected by thread: Endurance Profile - 500 VU for 10 minutes 1-236
2026-08-15 22:37:41,149 INFO o.a.j.t.JMeterThread: Thread finished: Endurance Profile - 500 VU for 10 minutes 1-236
2026-08-15 22:37:41,221 INFO o.a.j.t.JMeterThread: Thread finished: Endurance Profile - 500 VU for 10 minutes 1-233
2026-08-15 22:37:41,476 INFO o.a.j.t.JMeterThread: Thread finished: Endurance Profile - 500 VU for 10 minutes 1-229
2026-08-15 22:37:41,600 INFO o.a.j.t.JMeterThread: Thread finished: Endurance Profile - 500 VU for 10 minutes 1-222
2026-08-15 22:37:42,059 INFO o.a.j.t.JMeterThread: Thread finished: Endurance Profile - 500 VU for 10 minutes 1-216
2026-08-15 22:37:42,073 INFO o.a.j.t.JMeterThread: Thread finished: Endurance Profile - 500 VU for 10 minutes 1-227
2026-08-15 22:37:42,113 INFO o.a.j.t.JMeterThread: Thread finished: Endurance Profile - 500 VU for 10 minutes 1-223
2026-08-15 22:37:42,169 INFO o.a.j.t.JMeterThread: Thread finished: Endurance Profile - 500 VU for 10 minutes 1-221
2026-08-15 22:37:42,217 INFO o.a.j.t.JMeterThread: Thread finished: Endurance Profile - 500 VU for 10 minutes 1-225
2026-08-15 22:37:42,230 INFO o.a.j.t.JMeterThread: Thread finished: Endurance Profile - 500 VU for 10 minutes 1-220
2026-08-15 22:37:42,357 INFO o.a.j.t.JMeterThread: Thread finished: Endurance Profile - 500 VU for 10 minutes 1-213
2026-08-15 22:37:42,401 INFO o.a.j.t.JMeterThread: Thread finished: Endurance Profile - 500 VU for 10 minutes 1-205
2026-08-15 22:37:42,404 INFO o.a.j.t.JMeterThread: Thread finished: Endurance Profile - 500 VU for 10 minutes 1-211
2026-08-15 22:37:42,457 INFO o.a.j.t.JMeterThread: Thread finished: Endurance Profile - 500 VU for 10 minutes 1-215
2026-08-15 22:37:42,564 INFO o.a.j.t.JMeterThread: Thread finished: Endurance Profile - 500 VU for 10 minutes 1-209
2026-08-15 22:37:42,608 INFO o.a.j.t.JMeterThread: Thread finished: Endurance Profile - 500 VU for 10 minutes 1-212
2026-08-15 22:37:42,651 INFO o.a.j.t.JMeterThread: Thread finished: Endurance Profile - 500 VU for 10 minutes 1-219
2026-08-15 22:37:42,768 INFO o.a.j.t.JMeterThread: Thread finished: Endurance Profile - 500 VU for 10 minutes 1-217
2026-08-15 22:37:42,895 INFO o.a.j.t.JMeterThread: Thread finished: Endurance Profile - 500 VU for 10 minutes 1-218
2026-08-15 22:37:42,897 INFO o.a.j.t.JMeterThread: Thread finished: Endurance Profile - 500 VU for 10 minutes 1-210
2026-08-15 22:37:43,168 INFO o.a.j.t.JMeterThread: Thread finished: Endurance Profile - 500 VU for 10 minutes 1-204
2026-08-15 22:37:43,369 INFO o.a.j.t.JMeterThread: Thread finished: Endurance Profile - 500 VU for 10 minutes 1-203
2026-08-15 22:37:43,401 INFO o.a.j.t.JMeterThread: Thread finished: Endurance Profile - 500 VU for 10 minutes 1-214
2026-08-15 22:37:43,573 INFO o.a.j.t.JMeterThread: Thread finished: Endurance Profile - 500 VU for 10 minutes 1-207
2026-08-15 22:37:43,861 INFO o.a.j.t.JMeterThread: Thread finished: Endurance Profile - 500 VU for 10 minutes 1-206
2026-08-15 22:37:43,893 INFO o.a.j.t.JMeterThread: Thread finished: Endurance Profile - 500 VU for 10 minutes 1-208
2026-08-15 22:37:43,943 INFO o.a.j.t.JMeterThread: Thread finished: Endurance Profile - 500 VU for 10 minutes 1-201
2026-08-15 22:37:44,051 INFO o.a.j.t.JMeterThread: Thread finished: Endurance Profile - 500 VU for 10 minutes 1-197
2026-08-15 22:37:44,079 INFO o.a.j.t.JMeterThread: Thread finished: Endurance Profile - 500 VU for 10 minutes 1-200
2026-08-15 22:37:44,675 INFO o.a.j.t.JMeterThread: Thread finished: Endurance Profile - 500 VU for 10 minutes 1-187
2026-08-15 22:37:44,688 INFO o.a.j.t.JMeterThread: Thread finished: Endurance Profile - 500 VU for 10 minutes 1-192
2026-08-15 22:37:44,906 INFO o.a.j.t.JMeterThread: Thread finished: Endurance Profile - 500 VU for 10 minutes 1-202
2026-08-15 22:37:45,015 INFO o.a.j.t.JMeterThread: Thread finished: Endurance Profile - 500 VU for 10 minutes 1-189
2026-08-15 22:37:45,086 INFO o.a.j.t.JMeterThread: Thread finished: Endurance Profile - 500 VU for 10 minutes 1-193
2026-08-15 22:37:45,155 INFO o.a.j.t.JMeterThread: Thread finished: Endurance Profile - 500 VU for 10 minutes 1-199
2026-08-15 22:37:45,242 INFO o.a.j.t.JMeterThread: Thread finished: Endurance Profile - 500 VU for 10 minutes 1-191
2026-08-15 22:37:45,400 INFO o.a.j.t.JMeterThread: Thread finished: Endurance Profile - 500 VU for 10 minutes 1-188
2026-08-15 22:37:45,441 INFO o.a.j.t.JMeterThread: Thread finished: Endurance Profile - 500 VU for 10 minutes 1-195
2026-08-15 22:37:45,461 INFO o.a.j.t.JMeterThread: Thread finished: Endurance Profile - 500 VU for 10 minutes 1-198
2026-08-15 22:37:45,569 INFO o.a.j.t.JMeterThread: Thread finished: Endurance Profile - 500 VU for 10 minutes 1-196
2026-08-15 22:37:45,655 INFO o.a.j.t.JMeterThread: Thread finished: Endurance Profile - 500 VU for 10 minutes 1-180
2026-08-15 22:37:45,669 INFO o.a.j.t.JMeterThread: Thread finished: Endurance Profile - 500 VU for 10 minutes 1-194
2026-08-15 22:37:46,135 INFO o.a.j.t.JMeterThread: Thread finished: Endurance Profile - 500 VU for 10 minutes 1-185
2026-08-15 22:37:46,377 INFO o.a.j.t.JMeterThread: Thread finished: Endurance Profile - 500 VU for 10 minutes 1-190
2026-08-15 22:37:46,511 INFO o.a.j.t.JMeterThread: Thread finished: Endurance Profile - 500 VU for 10 minutes 1-186
2026-08-15 22:37:46,555 INFO o.a.j.t.JMeterThread: Thread finished: Endurance Profile - 500 VU for 10 minutes 1-182
2026-08-15 22:37:46,568 INFO o.a.j.t.JMeterThread: Thread finished: Endurance Profile - 500 VU for 10 minutes 1-184
2026-08-15 22:37:46,622 INFO o.a.j.t.JMeterThread: Thread finished: Endurance Profile - 500 VU for 10 minutes 1-183
2026-08-15 22:37:46,675 INFO o.a.j.t.JMeterThread: Thread finished: Endurance Profile - 500 VU for 10 minutes 1-181
2026-08-15 22:37:47,101 INFO o.a.j.t.JMeterThread: Thread finished: Endurance Profile - 500 VU for 10 minutes 1-179
2026-08-15 22:37:47,142 INFO o.a.j.t.JMeterThread: Thread finished: Endurance Profile - 500 VU for 10 minutes 1-168
2026-08-15 22:37:47,453 INFO o.a.j.t.JMeterThread: Thread finished: Endurance Profile - 500 VU for 10 minutes 1-163
2026-08-15 22:37:47,461 INFO o.a.j.t.JMeterThread: Thread finished: Endurance Profile - 500 VU for 10 minutes 1-174
2026-08-15 22:37:47,474 INFO o.a.j.t.JMeterThread: Thread finished: Endurance Profile - 500 VU for 10 minutes 1-171
2026-08-15 22:37:47,711 INFO o.a.j.t.JMeterThread: Thread finished: Endurance Profile - 500 VU for 10 minutes 1-176
2026-08-15 22:37:47,711 INFO o.a.j.t.JMeterThread: Thread finished: Endurance Profile - 500 VU for 10 minutes 1-178
2026-08-15 22:37:47,827 INFO o.a.j.t.JMeterThread: Thread finished: Endurance Profile - 500 VU for 10 minutes 1-165
2026-08-15 22:37:48,111 INFO o.a.j.t.JMeterThread: Thread finished: Endurance Profile - 500 VU for 10 minutes 1-177
2026-08-15 22:37:48,171 INFO o.a.j.t.JMeterThread: Thread finished: Endurance Profile - 500 VU for 10 minutes 1-166
2026-08-15 22:37:48,245 INFO o.a.j.t.JMeterThread: Thread finished: Endurance Profile - 500 VU for 10 minutes 1-170
2026-08-15 22:37:48,312 INFO o.a.j.t.JMeterThread: Thread finished: Endurance Profile - 500 VU for 10 minutes 1-169
2026-08-15 22:37:48,343 INFO o.a.j.t.JMeterThread: Thread finished: Endurance Profile - 500 VU for 10 minutes 1-175
2026-08-15 22:37:48,491 INFO o.a.j.t.JMeterThread: Thread finished: Endurance Profile - 500 VU for 10 minutes 1-164
2026-08-15 22:37:48,541 INFO o.a.j.t.JMeterThread: Thread finished: Endurance Profile - 500 VU for 10 minutes 1-158
2026-08-15 22:37:48,654 INFO o.a.j.t.JMeterThread: Thread finished: Endurance Profile - 500 VU for 10 minutes 1-172
2026-08-15 22:37:48,658 INFO o.a.j.t.JMeterThread: Thread finished: Endurance Profile - 500 VU for 10 minutes 1-173
2026-08-15 22:37:48,726 INFO o.a.j.t.JMeterThread: Thread finished: Endurance Profile - 500 VU for 10 minutes 1-153
2026-08-15 22:37:49,034 INFO o.a.j.t.JMeterThread: Thread finished: Endurance Profile - 500 VU for 10 minutes 1-167
2026-08-15 22:37:49,133 INFO o.a.j.t.JMeterThread: Thread finished: Endurance Profile - 500 VU for 10 minutes 1-151
2026-08-15 22:37:49,171 INFO o.a.j.t.JMeterThread: Thread finished: Endurance Profile - 500 VU for 10 minutes 1-157
2026-08-15 22:37:49,184 INFO o.a.j.t.JMeterThread: Thread finished: Endurance Profile - 500 VU for 10 minutes 1-159
2026-08-15 22:37:49,451 INFO o.a.j.t.JMeterThread: Thread finished: Endurance Profile - 500 VU for 10 minutes 1-152
2026-08-15 22:37:49,638 INFO o.a.j.t.JMeterThread: Thread finished: Endurance Profile - 500 VU for 10 minutes 1-161
2026-08-15 22:37:49,683 INFO o.a.j.t.JMeterThread: Thread finished: Endurance Profile - 500 VU for 10 minutes 1-162
2026-08-15 22:37:49,727 INFO o.a.j.t.JMeterThread: Thread finished: Endurance Profile - 500 VU for 10 minutes 1-156
2026-08-15 22:37:49,884 INFO o.a.j.t.JMeterThread: Thread finished: Endurance Profile - 500 VU for 10 minutes 1-148
2026-08-15 22:37:49,884 INFO o.a.j.t.JMeterThread: Thread finished: Endurance Profile - 500 VU for 10 minutes 1-154
2026-08-15 22:37:50,004 INFO o.a.j.t.JMeterThread: Thread finished: Endurance Profile - 500 VU for 10 minutes 1-149
2026-08-15 22:37:50,150 INFO o.a.j.t.JMeterThread: Thread finished: Endurance Profile - 500 VU for 10 minutes 1-160
2026-08-15 22:37:50,154 INFO o.a.j.t.JMeterThread: Thread finished: Endurance Profile - 500 VU for 10 minutes 1-141
2026-08-15 22:37:50,357 INFO o.a.j.t.JMeterThread: Thread finished: Endurance Profile - 500 VU for 10 minutes 1-144
2026-08-15 22:37:50,455 INFO o.a.j.t.JMeterThread: Thread finished: Endurance Profile - 500 VU for 10 minutes 1-146
2026-08-15 22:37:50,547 INFO o.a.j.t.JMeterThread: Thread finished: Endurance Profile - 500 VU for 10 minutes 1-139
2026-08-15 22:37:50,794 INFO o.a.j.t.JMeterThread: Thread finished: Endurance Profile - 500 VU for 10 minutes 1-150
2026-08-15 22:37:50,860 INFO o.a.j.t.JMeterThread: Stopping because end time detected by thread: Endurance Profile - 500 VU for 10 minutes 1-155
2026-08-15 22:37:50,860 INFO o.a.j.t.JMeterThread: Thread finished: Endurance Profile - 500 VU for 10 minutes 1-155
2026-08-15 22:37:51,015 INFO o.a.j.t.JMeterThread: Thread finished: Endurance Profile - 500 VU for 10 minutes 1-142
2026-08-15 22:37:51,201 INFO o.a.j.t.JMeterThread: Thread finished: Endurance Profile - 500 VU for 10 minutes 1-134
2026-08-15 22:37:51,294 INFO o.a.j.t.JMeterThread: Thread finished: Endurance Profile - 500 VU for 10 minutes 1-147
2026-08-15 22:37:51,348 INFO o.a.j.t.JMeterThread: Thread finished: Endurance Profile - 500 VU for 10 minutes 1-135
2026-08-15 22:37:51,354 INFO o.a.j.t.JMeterThread: Thread finished: Endurance Profile - 500 VU for 10 minutes 1-140
2026-08-15 22:37:51,480 INFO o.a.j.t.JMeterThread: Thread finished: Endurance Profile - 500 VU for 10 minutes 1-145
2026-08-15 22:37:51,787 INFO o.a.j.t.JMeterThread: Thread finished: Endurance Profile - 500 VU for 10 minutes 1-137
2026-08-15 22:37:51,799 INFO o.a.j.t.JMeterThread: Thread finished: Endurance Profile - 500 VU for 10 minutes 1-136
2026-08-15 22:37:51,801 INFO o.a.j.t.JMeterThread: Thread finished: Endurance Profile - 500 VU for 10 minutes 1-143
2026-08-15 22:37:51,815 INFO o.a.j.t.JMeterThread: Thread finished: Endurance Profile - 500 VU for 10 minutes 1-133
2026-08-15 22:37:52,194 INFO o.a.j.t.JMeterThread: Thread finished: Endurance Profile - 500 VU for 10 minutes 1-132
2026-08-15 22:37:52,424 INFO o.a.j.t.JMeterThread: Thread finished: Endurance Profile - 500 VU for 10 minutes 1-125
2026-08-15 22:37:52,426 INFO o.a.j.t.JMeterThread: Thread finished: Endurance Profile - 500 VU for 10 minutes 1-138
2026-08-15 22:37:52,708 INFO o.a.j.t.JMeterThread: Thread finished: Endurance Profile - 500 VU for 10 minutes 1-131
2026-08-15 22:37:52,735 INFO o.a.j.t.JMeterThread: Thread finished: Endurance Profile - 500 VU for 10 minutes 1-130
2026-08-15 22:37:52,742 INFO o.a.j.t.JMeterThread: Thread finished: Endurance Profile - 500 VU for 10 minutes 1-128
2026-08-15 22:37:53,044 INFO o.a.j.t.JMeterThread: Thread finished: Endurance Profile - 500 VU for 10 minutes 1-126
2026-08-15 22:37:53,553 INFO o.a.j.t.JMeterThread: Thread finished: Endurance Profile - 500 VU for 10 minutes 1-114
2026-08-15 22:37:53,571 INFO o.a.j.t.JMeterThread: Thread finished: Endurance Profile - 500 VU for 10 minutes 1-129
2026-08-15 22:37:53,606 INFO o.a.j.t.JMeterThread: Thread finished: Endurance Profile - 500 VU for 10 minutes 1-127
2026-08-15 22:37:53,621 INFO o.a.j.t.JMeterThread: Thread finished: Endurance Profile - 500 VU for 10 minutes 1-123
2026-08-15 22:37:53,678 INFO o.a.j.t.JMeterThread: Thread finished: Endurance Profile - 500 VU for 10 minutes 1-118
2026-08-15 22:37:53,877 INFO o.a.j.t.JMeterThread: Thread finished: Endurance Profile - 500 VU for 10 minutes 1-124
2026-08-15 22:37:54,172 INFO o.a.j.t.JMeterThread: Thread finished: Endurance Profile - 500 VU for 10 minutes 1-113
2026-08-15 22:37:54,261 INFO o.a.j.t.JMeterThread: Thread finished: Endurance Profile - 500 VU for 10 minutes 1-122
2026-08-15 22:37:54,277 INFO o.a.j.t.JMeterThread: Thread finished: Endurance Profile - 500 VU for 10 minutes 1-120
2026-08-15 22:37:54,438 INFO o.a.j.t.JMeterThread: Thread finished: Endurance Profile - 500 VU for 10 minutes 1-117
2026-08-15 22:37:54,701 INFO o.a.j.t.JMeterThread: Thread finished: Endurance Profile - 500 VU for 10 minutes 1-119
2026-08-15 22:37:54,727 INFO o.a.j.t.JMeterThread: Thread finished: Endurance Profile - 500 VU for 10 minutes 1-121
2026-08-15 22:37:54,730 INFO o.a.j.t.JMeterThread: Thread finished: Endurance Profile - 500 VU for 10 minutes 1-105
2026-08-15 22:37:54,800 INFO o.a.j.t.JMeterThread: Thread finished: Endurance Profile - 500 VU for 10 minutes 1-115
2026-08-15 22:37:54,853 INFO o.a.j.t.JMeterThread: Thread finished: Endurance Profile - 500 VU for 10 minutes 1-100
2026-08-15 22:37:54,891 INFO o.a.j.t.JMeterThread: Thread finished: Endurance Profile - 500 VU for 10 minutes 1-111
2026-08-15 22:37:55,003 INFO o.a.j.t.JMeterThread: Thread finished: Endurance Profile - 500 VU for 10 minutes 1-109
2026-08-15 22:37:55,091 INFO o.a.j.t.JMeterThread: Thread finished: Endurance Profile - 500 VU for 10 minutes 1-106
2026-08-15 22:37:55,101 INFO o.a.j.t.JMeterThread: Thread finished: Endurance Profile - 500 VU for 10 minutes 1-110
2026-08-15 22:37:55,506 INFO o.a.j.t.JMeterThread: Thread finished: Endurance Profile - 500 VU for 10 minutes 1-97
2026-08-15 22:37:55,532 INFO o.a.j.t.JMeterThread: Thread finished: Endurance Profile - 500 VU for 10 minutes 1-116
2026-08-15 22:37:55,790 INFO o.a.j.t.JMeterThread: Thread finished: Endurance Profile - 500 VU for 10 minutes 1-107
2026-08-15 22:37:55,793 INFO o.a.j.t.JMeterThread: Thread finished: Endurance Profile - 500 VU for 10 minutes 1-101
2026-08-15 22:37:55,966 INFO o.a.j.t.JMeterThread: Thread finished: Endurance Profile - 500 VU for 10 minutes 1-112
2026-08-15 22:37:56,108 INFO o.a.j.t.JMeterThread: Thread finished: Endurance Profile - 500 VU for 10 minutes 1-89
2026-08-15 22:37:56,141 INFO o.a.j.t.JMeterThread: Thread finished: Endurance Profile - 500 VU for 10 minutes 1-103
2026-08-15 22:37:56,305 INFO o.a.j.t.JMeterThread: Thread finished: Endurance Profile - 500 VU for 10 minutes 1-102
2026-08-15 22:37:56,313 INFO o.a.j.t.JMeterThread: Thread finished: Endurance Profile - 500 VU for 10 minutes 1-108
2026-08-15 22:37:56,338 INFO o.a.j.t.JMeterThread: Thread finished: Endurance Profile - 500 VU for 10 minutes 1-104
2026-08-15 22:37:56,719 INFO o.a.j.t.JMeterThread: Thread finished: Endurance Profile - 500 VU for 10 minutes 1-95
2026-08-15 22:37:56,773 INFO o.a.j.t.JMeterThread: Thread finished: Endurance Profile - 500 VU for 10 minutes 1-90
2026-08-15 22:37:56,829 INFO o.a.j.t.JMeterThread: Thread finished: Endurance Profile - 500 VU for 10 minutes 1-83
2026-08-15 22:37:57,029 INFO o.a.j.t.JMeterThread: Thread finished: Endurance Profile - 500 VU for 10 minutes 1-91
2026-08-15 22:37:57,176 INFO o.a.j.t.JMeterThread: Thread finished: Endurance Profile - 500 VU for 10 minutes 1-98
2026-08-15 22:37:57,191 INFO o.a.j.t.JMeterThread: Thread finished: Endurance Profile - 500 VU for 10 minutes 1-88
2026-08-15 22:37:57,252 INFO o.a.j.t.JMeterThread: Thread finished: Endurance Profile - 500 VU for 10 minutes 1-87
2026-08-15 22:37:57,315 INFO o.a.j.t.JMeterThread: Thread finished: Endurance Profile - 500 VU for 10 minutes 1-96
2026-08-15 22:37:57,345 INFO o.a.j.t.JMeterThread: Thread finished: Endurance Profile - 500 VU for 10 minutes 1-84
2026-08-15 22:37:57,421 INFO o.a.j.t.JMeterThread: Thread finished: Endurance Profile - 500 VU for 10 minutes 1-99
2026-08-15 22:37:57,423 INFO o.a.j.t.JMeterThread: Thread finished: Endurance Profile - 500 VU for 10 minutes 1-94
2026-08-15 22:37:57,703 INFO o.a.j.t.JMeterThread: Thread finished: Endurance Profile - 500 VU for 10 minutes 1-92
2026-08-15 22:37:57,968 INFO o.a.j.t.JMeterThread: Thread finished: Endurance Profile - 500 VU for 10 minutes 1-86
2026-08-15 22:37:57,998 INFO o.a.j.t.JMeterThread: Thread finished: Endurance Profile - 500 VU for 10 minutes 1-77
2026-08-15 22:37:58,007 INFO o.a.j.t.JMeterThread: Thread finished: Endurance Profile - 500 VU for 10 minutes 1-93
2026-08-15 22:37:58,157 INFO o.a.j.t.JMeterThread: Thread finished: Endurance Profile - 500 VU for 10 minutes 1-85
2026-08-15 22:37:58,235 INFO o.a.j.t.JMeterThread: Thread finished: Endurance Profile - 500 VU for 10 minutes 1-81
2026-08-15 22:37:58,676 INFO o.a.j.t.JMeterThread: Thread finished: Endurance Profile - 500 VU for 10 minutes 1-71
2026-08-15 22:37:58,801 INFO o.a.j.t.JMeterThread: Thread finished: Endurance Profile - 500 VU for 10 minutes 1-82
2026-08-15 22:37:58,892 INFO o.a.j.t.JMeterThread: Thread finished: Endurance Profile - 500 VU for 10 minutes 1-75
2026-08-15 22:37:59,126 INFO o.a.j.t.JMeterThread: Thread finished: Endurance Profile - 500 VU for 10 minutes 1-80
2026-08-15 22:37:59,221 INFO o.a.j.t.JMeterThread: Thread finished: Endurance Profile - 500 VU for 10 minutes 1-76
2026-08-15 22:37:59,391 INFO o.a.j.t.JMeterThread: Thread finished: Endurance Profile - 500 VU for 10 minutes 1-79
2026-08-15 22:37:59,598 INFO o.a.j.t.JMeterThread: Thread finished: Endurance Profile - 500 VU for 10 minutes 1-63
2026-08-15 22:37:59,762 INFO o.a.j.t.JMeterThread: Thread finished: Endurance Profile - 500 VU for 10 minutes 1-78
2026-08-15 22:37:59,863 INFO o.a.j.t.JMeterThread: Thread finished: Endurance Profile - 500 VU for 10 minutes 1-68
2026-08-15 22:37:59,939 INFO o.a.j.t.JMeterThread: Thread finished: Endurance Profile - 500 VU for 10 minutes 1-74
2026-08-15 22:38:00,125 INFO o.a.j.r.Summariser: summary +    250 in 00:00:30 =    8.4/s Avg:  4069 Min:     1 Max: 10521 Err:     0 (0.00%) Active: 70 Started: 500 Finished: 430
2026-08-15 22:38:00,125 INFO o.a.j.r.Summariser: summary =    431 in 00:12:51 =    0.6/s Avg:  4189 Min:     1 Max: 10521 Err:     0 (0.00%)
2026-08-15 22:38:00,125 INFO o.a.j.t.JMeterThread: Thread finished: Endurance Profile - 500 VU for 10 minutes 1-64
2026-08-15 22:38:00,251 INFO o.a.j.t.JMeterThread: Thread finished: Endurance Profile - 500 VU for 10 minutes 1-66
2026-08-15 22:38:00,473 INFO o.a.j.t.JMeterThread: Thread finished: Endurance Profile - 500 VU for 10 minutes 1-73
2026-08-15 22:38:00,552 INFO o.a.j.t.JMeterThread: Thread finished: Endurance Profile - 500 VU for 10 minutes 1-62
2026-08-15 22:38:00,598 INFO o.a.j.t.JMeterThread: Thread finished: Endurance Profile - 500 VU for 10 minutes 1-67
2026-08-15 22:38:00,769 INFO o.a.j.t.JMeterThread: Thread finished: Endurance Profile - 500 VU for 10 minutes 1-72
2026-08-15 22:38:00,825 INFO o.a.j.t.JMeterThread: Thread finished: Endurance Profile - 500 VU for 10 minutes 1-69
2026-08-15 22:38:00,993 INFO o.a.j.t.JMeterThread: Thread finished: Endurance Profile - 500 VU for 10 minutes 1-70
2026-08-15 22:38:01,046 INFO o.a.j.t.JMeterThread: Thread finished: Endurance Profile - 500 VU for 10 minutes 1-65
2026-08-15 22:38:01,145 INFO o.a.j.t.JMeterThread: Thread finished: Endurance Profile - 500 VU for 10 minutes 1-55
2026-08-15 22:38:01,211 INFO o.a.j.t.JMeterThread: Thread finished: Endurance Profile - 500 VU for 10 minutes 1-48
2026-08-15 22:38:01,239 INFO o.a.j.t.JMeterThread: Thread finished: Endurance Profile - 500 VU for 10 minutes 1-53
2026-08-15 22:38:01,406 INFO o.a.j.t.JMeterThread: Thread finished: Endurance Profile - 500 VU for 10 minutes 1-56
2026-08-15 22:38:01,581 INFO o.a.j.t.JMeterThread: Thread finished: Endurance Profile - 500 VU for 10 minutes 1-61
2026-08-15 22:38:01,606 INFO o.a.j.t.JMeterThread: Thread finished: Endurance Profile - 500 VU for 10 minutes 1-46
2026-08-15 22:38:01,637 INFO o.a.j.t.JMeterThread: Thread finished: Endurance Profile - 500 VU for 10 minutes 1-57
2026-08-15 22:38:01,695 INFO o.a.j.t.JMeterThread: Thread finished: Endurance Profile - 500 VU for 10 minutes 1-59
2026-08-15 22:38:01,706 INFO o.a.j.t.JMeterThread: Thread finished: Endurance Profile - 500 VU for 10 minutes 1-50
2026-08-15 22:38:01,749 INFO o.a.j.t.JMeterThread: Thread finished: Endurance Profile - 500 VU for 10 minutes 1-60
2026-08-15 22:38:01,996 INFO o.a.j.t.JMeterThread: Thread finished: Endurance Profile - 500 VU for 10 minutes 1-43
2026-08-15 22:38:01,996 INFO o.a.j.t.JMeterThread: Thread finished: Endurance Profile - 500 VU for 10 minutes 1-51
2026-08-15 22:38:02,102 INFO o.a.j.t.JMeterThread: Thread finished: Endurance Profile - 500 VU for 10 minutes 1-58
2026-08-15 22:38:02,291 INFO o.a.j.t.JMeterThread: Thread finished: Endurance Profile - 500 VU for 10 minutes 1-54
2026-08-15 22:38:02,332 INFO o.a.j.t.JMeterThread: Thread finished: Endurance Profile - 500 VU for 10 minutes 1-52
2026-08-15 22:38:02,896 INFO o.a.j.t.JMeterThread: Thread finished: Endurance Profile - 500 VU for 10 minutes 1-40
2026-08-15 22:38:03,037 INFO o.a.j.t.JMeterThread: Thread finished: Endurance Profile - 500 VU for 10 minutes 1-41
2026-08-15 22:38:03,531 INFO o.a.j.t.JMeterThread: Thread finished: Endurance Profile - 500 VU for 10 minutes 1-37
2026-08-15 22:38:03,545 INFO o.a.j.t.JMeterThread: Thread finished: Endurance Profile - 500 VU for 10 minutes 1-49
2026-08-15 22:38:03,605 INFO o.a.j.t.JMeterThread: Thread finished: Endurance Profile - 500 VU for 10 minutes 1-47
2026-08-15 22:38:03,796 INFO o.a.j.t.JMeterThread: Thread finished: Endurance Profile - 500 VU for 10 minutes 1-45
2026-08-15 22:38:04,001 INFO o.a.j.t.JMeterThread: Thread finished: Endurance Profile - 500 VU for 10 minutes 1-38
2026-08-15 22:38:04,154 INFO o.a.j.t.JMeterThread: Thread finished: Endurance Profile - 500 VU for 10 minutes 1-44
2026-08-15 22:38:04,267 INFO o.a.j.t.JMeterThread: Thread finished: Endurance Profile - 500 VU for 10 minutes 1-42
2026-08-15 22:38:04,404 INFO o.a.j.t.JMeterThread: Thread finished: Endurance Profile - 500 VU for 10 minutes 1-31
2026-08-15 22:38:04,541 INFO o.a.j.t.JMeterThread: Thread finished: Endurance Profile - 500 VU for 10 minutes 1-34
2026-08-15 22:38:04,591 INFO o.a.j.t.JMeterThread: Thread finished: Endurance Profile - 500 VU for 10 minutes 1-36
2026-08-15 22:38:04,727 INFO o.a.j.t.JMeterThread: Thread finished: Endurance Profile - 500 VU for 10 minutes 1-39
2026-08-15 22:38:04,835 INFO o.a.j.t.JMeterThread: Thread finished: Endurance Profile - 500 VU for 10 minutes 1-33
2026-08-15 22:38:04,836 INFO o.a.j.t.JMeterThread: Thread finished: Endurance Profile - 500 VU for 10 minutes 1-29
2026-08-15 22:38:04,990 INFO o.a.j.t.JMeterThread: Thread finished: Endurance Profile - 500 VU for 10 minutes 1-17
2026-08-15 22:38:05,023 INFO o.a.j.t.JMeterThread: Thread finished: Endurance Profile - 500 VU for 10 minutes 1-35
2026-08-15 22:38:05,127 INFO o.a.j.t.JMeterThread: Thread finished: Endurance Profile - 500 VU for 10 minutes 1-24
2026-08-15 22:38:05,224 INFO o.a.j.t.JMeterThread: Thread finished: Endurance Profile - 500 VU for 10 minutes 1-32
2026-08-15 22:38:05,393 INFO o.a.j.t.JMeterThread: Thread finished: Endurance Profile - 500 VU for 10 minutes 1-26
2026-08-15 22:38:05,505 INFO o.a.j.t.JMeterThread: Thread finished: Endurance Profile - 500 VU for 10 minutes 1-28
2026-08-15 22:38:05,553 INFO o.a.j.t.JMeterThread: Thread finished: Endurance Profile - 500 VU for 10 minutes 1-18
2026-08-15 22:38:05,615 INFO o.a.j.t.JMeterThread: Thread finished: Endurance Profile - 500 VU for 10 minutes 1-27
2026-08-15 22:38:05,706 INFO o.a.j.t.JMeterThread: Thread finished: Endurance Profile - 500 VU for 10 minutes 1-30
2026-08-15 22:38:05,947 INFO o.a.j.t.JMeterThread: Thread finished: Endurance Profile - 500 VU for 10 minutes 1-23
2026-08-15 22:38:06,142 INFO o.a.j.t.JMeterThread: Thread finished: Endurance Profile - 500 VU for 10 minutes 1-21
2026-08-15 22:38:06,172 INFO o.a.j.t.JMeterThread: Thread finished: Endurance Profile - 500 VU for 10 minutes 1-19
2026-08-15 22:38:06,186 INFO o.a.j.t.JMeterThread: Thread finished: Endurance Profile - 500 VU for 10 minutes 1-12
2026-08-15 22:38:06,280 INFO o.a.j.t.JMeterThread: Thread finished: Endurance Profile - 500 VU for 10 minutes 1-13
2026-08-15 22:38:06,331 INFO o.a.j.t.JMeterThread: Thread finished: Endurance Profile - 500 VU for 10 minutes 1-8
2026-08-15 22:38:06,438 INFO o.a.j.t.JMeterThread: Thread finished: Endurance Profile - 500 VU for 10 minutes 1-25
2026-08-15 22:38:06,467 INFO o.a.j.t.JMeterThread: Thread finished: Endurance Profile - 500 VU for 10 minutes 1-3
2026-08-15 22:38:06,483 INFO o.a.j.t.JMeterThread: Thread finished: Endurance Profile - 500 VU for 10 minutes 1-22
2026-08-15 22:38:06,594 INFO o.a.j.t.JMeterThread: Thread finished: Endurance Profile - 500 VU for 10 minutes 1-15
2026-08-15 22:38:06,687 INFO o.a.j.t.JMeterThread: Thread finished: Endurance Profile - 500 VU for 10 minutes 1-20
2026-08-15 22:38:06,704 INFO o.a.j.t.JMeterThread: Thread finished: Endurance Profile - 500 VU for 10 minutes 1-16
2026-08-15 22:38:06,903 INFO o.a.j.t.JMeterThread: Thread finished: Endurance Profile - 500 VU for 10 minutes 1-11
2026-08-15 22:38:06,903 INFO o.a.j.t.JMeterThread: Thread finished: Endurance Profile - 500 VU for 10 minutes 1-10
2026-08-15 22:38:07,143 INFO o.a.j.t.JMeterThread: Thread finished: Endurance Profile - 500 VU for 10 minutes 1-14
2026-08-15 22:38:07,264 INFO o.a.j.t.JMeterThread: Thread finished: Endurance Profile - 500 VU for 10 minutes 1-7
2026-08-15 22:38:07,564 INFO o.a.j.t.JMeterThread: Thread finished: Endurance Profile - 500 VU for 10 minutes 1-6
2026-08-15 22:38:07,676 INFO o.a.j.t.JMeterThread: Thread finished: Endurance Profile - 500 VU for 10 minutes 1-4
2026-08-15 22:38:07,676 INFO o.a.j.t.JMeterThread: Thread finished: Endurance Profile - 500 VU for 10 minutes 1-5
2026-08-15 22:38:07,768 INFO o.a.j.t.JMeterThread: Thread finished: Endurance Profile - 500 VU for 10 minutes 1-1
2026-08-15 22:38:07,985 INFO o.a.j.t.JMeterThread: Thread finished: Endurance Profile - 500 VU for 10 minutes 1-9
2026-08-15 22:38:09,027 INFO o.a.j.t.JMeterThread: Thread finished: Endurance Profile - 500 VU for 10 minutes 1-2
2026-08-15 22:38:09,027 INFO o.a.j.e.StandardJMeterEngine: Notifying test listeners of end of test
2026-08-15 22:38:09,032 INFO o.a.j.r.Summariser: summary +     69 in 00:00:09 =    7.7/s Avg:  3530 Min:     1 Max:  9209 Err:     0 (0.00%) Active: 0 Started: 500 Finished: 500
2026-08-15 22:38:09,032 INFO o.a.j.r.Summariser: summary =    500 in 00:13:00 =    0.6/s Avg:  4098 Min:     1 Max: 10521 Err:     0 (0.00%)
2026-08-15 22:38:09,033 INFO o.a.j.JMeter: Generating Dashboard
2026-08-15 22:38:09,033 INFO o.a.j.r.d.ReportGenerator: Flushing result collector before report Generation
2026-08-15 22:38:09,061 INFO o.a.j.r.p.NormalizerSampleConsumer: Using format, 'ms', to parse timeStamp field
2026-08-15 22:38:12,084 INFO o.a.j.r.p.AbstractSampleConsumer: class org.apache.jmeter.report.processor.AggregateConsumer#stopProducing(): beginDate produced 0 samples
2026-08-15 22:38:12,084 INFO o.a.j.r.p.AbstractSampleConsumer: class org.apache.jmeter.report.processor.AggregateConsumer#stopProducing(): endDate produced 0 samples
2026-08-15 22:38:12,086 INFO o.a.j.r.p.AbstractSampleConsumer: class org.apache.jmeter.report.processor.ApdexSummaryConsumer#stopProducing(): apdexSummary produced 0 samples
2026-08-15 22:38:12,086 INFO o.a.j.r.p.AbstractSampleConsumer: class org.apache.jmeter.report.processor.RequestsSummaryConsumer#stopProducing(): requestsSummary produced 0 samples
2026-08-15 22:38:12,101 INFO o.a.j.r.p.AbstractSampleConsumer: class org.apache.jmeter.report.processor.StatisticsSummaryConsumer#stopProducing(): statisticsSummary produced 0 samples
2026-08-15 22:38:12,103 INFO o.a.j.r.p.AbstractSampleConsumer: class org.apache.jmeter.report.processor.Top5ErrorsBySamplerConsumer#stopProducing(): top5ErrorsBySampler produced 0 samples
2026-08-15 22:38:12,103 INFO o.a.j.r.p.AbstractSampleConsumer: class org.apache.jmeter.report.processor.ErrorsSummaryConsumer#stopProducing(): errorsSummary produced 0 samples
2026-08-15 22:38:12,103 INFO o.a.j.r.p.AbstractSampleConsumer: class org.apache.jmeter.report.processor.graph.impl.HitsPerSecondGraphConsumer#stopProducing(): hitsPerSecond produced 0 samples
2026-08-15 22:38:13,464 INFO o.a.j.r.p.AbstractSampleConsumer: class org.apache.jmeter.report.processor.graph.impl.LatencyVSRequestGraphConsumer#stopProducing(): latencyVsRequest produced 0 samples
2026-08-15 22:38:13,467 INFO o.a.j.r.p.AbstractSampleConsumer: class org.apache.jmeter.report.processor.graph.impl.SyntheticResponseTimeDistributionGraphConsumer#stopProducing(): syntheticResponseTimeDistribution produced 0 samples
2026-08-15 22:38:13,467 INFO o.a.j.r.p.AbstractSampleConsumer: class org.apache.jmeter.report.processor.graph.impl.BytesThroughputGraphConsumer#stopProducing(): bytesThroughputOverTime produced 0 samples
2026-08-15 22:38:13,468 INFO o.a.j.r.p.AbstractSampleConsumer: class org.apache.jmeter.report.processor.graph.impl.CodesPerSecondGraphConsumer#stopProducing(): codesPerSecond produced 0 samples
2026-08-15 22:38:14,780 INFO o.a.j.r.p.AbstractSampleConsumer: class org.apache.jmeter.report.processor.graph.impl.ResponseTimeVSRequestGraphConsumer#stopProducing(): responseTimeVsRequest produced 0 samples
2026-08-15 22:38:14,783 INFO o.a.j.r.p.AbstractSampleConsumer: class org.apache.jmeter.report.processor.FilterConsumer#stopProducing(): startIntervalControlerFilter produced 1444317 samples
2026-08-15 22:38:14,783 INFO o.a.j.r.p.AbstractSampleConsumer: class org.apache.jmeter.report.processor.graph.impl.TotalTPSGraphConsumer#stopProducing(): totalTPS produced 0 samples
2026-08-15 22:38:14,783 INFO o.a.j.r.p.AbstractSampleConsumer: class org.apache.jmeter.report.processor.graph.impl.ActiveThreadsGraphConsumer#stopProducing(): activeThreadsOverTime produced 0 samples
2026-08-15 22:38:14,783 INFO o.a.j.r.p.AbstractSampleConsumer: class org.apache.jmeter.report.processor.graph.impl.TimeVSThreadGraphConsumer#stopProducing(): timeVsThreads produced 0 samples
2026-08-15 22:38:14,786 INFO o.a.j.r.p.AbstractSampleConsumer: class org.apache.jmeter.report.processor.graph.impl.ResponseTimeDistributionGraphConsumer#stopProducing(): responseTimeDistribution produced 0 samples
2026-08-15 22:38:14,786 INFO o.a.j.r.p.AbstractSampleConsumer: class org.apache.jmeter.report.processor.graph.impl.TransactionsPerSecondGraphConsumer#stopProducing(): transactionsPerSecond produced 0 samples
2026-08-15 22:38:14,786 INFO o.a.j.r.p.AbstractSampleConsumer: class org.apache.jmeter.report.processor.graph.impl.ResponseTimePercentilesGraphConsumer#stopProducing(): responseTimePercentiles produced 0 samples
2026-08-15 22:38:14,788 INFO o.a.j.r.p.AbstractSampleConsumer: class org.apache.jmeter.report.processor.graph.impl.ResponseTimePercentilesOverTimeGraphConsumer#stopProducing(): responseTimePercentilesOverTime produced 0 samples
2026-08-15 22:38:14,797 INFO o.a.j.r.p.AbstractSampleConsumer: class org.apache.jmeter.report.processor.graph.impl.ResponseTimeOverTimeGraphConsumer#stopProducing(): responseTimesOverTime produced 0 samples
2026-08-15 22:38:14,797 INFO o.a.j.r.p.AbstractSampleConsumer: class org.apache.jmeter.report.processor.graph.impl.ConnectTimeOverTimeGraphConsumer#stopProducing(): connectTimeOverTime produced 0 samples
2026-08-15 22:38:14,797 INFO o.a.j.r.p.AbstractSampleConsumer: class org.apache.jmeter.report.processor.graph.impl.LatencyOverTimeGraphConsumer#stopProducing(): latenciesOverTime produced 0 samples
2026-08-15 22:38:14,798 INFO o.a.j.r.p.AbstractSampleConsumer: class org.apache.jmeter.report.processor.FilterConsumer#stopProducing(): nameFilter produced 3605745 samples
2026-08-15 22:38:14,798 INFO o.a.j.r.p.AbstractSampleConsumer: class org.apache.jmeter.report.processor.FilterConsumer#stopProducing(): dateRangeFilter produced 721149 samples
2026-08-15 22:38:14,798 INFO o.a.j.r.p.AbstractSampleConsumer: class org.apache.jmeter.report.processor.NormalizerSampleConsumer#stopProducing(): normalizer produced 240383 samples
2026-08-15 22:38:14,799 INFO o.a.j.r.p.CsvFileSampleSource: produce(): 240383 samples produced in 5s 720 ms on channel 0
2026-08-15 22:38:14,799 INFO o.a.j.r.d.ReportGenerator: Exporting data using exporter:'json' of className:'org.apache.jmeter.report.dashboard.JsonExporter'
2026-08-15 22:38:14,881 INFO o.a.j.r.d.JsonExporter: Found data for consumer statisticsSummary in context
2026-08-15 22:38:14,881 INFO o.a.j.r.d.JsonExporter: Creating statistics for overall
2026-08-15 22:38:14,882 INFO o.a.j.r.d.JsonExporter: Creating statistics for other transactions
2026-08-15 22:38:14,883 INFO o.a.j.r.d.JsonExporter: Checking output folder
2026-08-15 22:38:14,884 INFO o.a.j.r.d.JsonExporter: Writing statistics JSON to D:\group05_eshop\HW\week09\TheDat\results\endurance\23127340_Endurance_20260815_221947_html\statistics.json
2026-08-15 22:38:14,926 INFO o.a.j.r.d.ReportGenerator: Exporting data using exporter:'html' of className:'org.apache.jmeter.report.dashboard.HtmlTemplateExporter'
2026-08-15 22:38:14,928 INFO o.a.j.r.d.HtmlTemplateExporter: Will generate dashboard in folder: D:\group05_eshop\HW\week09\TheDat\results\endurance\23127340_Endurance_20260815_221947_html
2026-08-15 22:38:15,113 INFO o.a.j.r.d.HtmlTemplateExporter: Report will be generated in: D:\group05_eshop\HW\week09\TheDat\results\endurance\23127340_Endurance_20260815_221947_html, creating folder structure
2026-08-15 22:38:15,115 INFO o.a.j.r.d.TemplateVisitor: Copying folder from 'C:\tools\apache-jmeter-5.6.3\bin\report-template' to 'D:\group05_eshop\HW\week09\TheDat\results\endurance\23127340_Endurance_20260815_221947_html', got message: D:\group05_eshop\HW\week09\TheDat\results\endurance\23127340_Endurance_20260815_221947_html, found non empty folder with following content [D:\group05_eshop\HW\week09\TheDat\results\endurance\23127340_Endurance_20260815_221947_html\statistics.json], will be ignored
2026-08-15 22:38:15,536 INFO o.a.j.JMeter: Dashboard generated
