2026-08-16 15:52:43,811 INFO o.a.j.u.JMeterUtils: Setting Locale to en_EN
2026-08-16 15:52:43,825 INFO o.a.j.JMeter: Loading user properties from: C:\tools\apache-jmeter-5.6.3\bin\user.properties
2026-08-16 15:52:43,825 INFO o.a.j.JMeter: Loading system properties from: C:\tools\apache-jmeter-5.6.3\bin\system.properties
2026-08-16 15:52:43,826 INFO o.a.j.JMeter: Copyright (c) 1998-2024 The Apache Software Foundation
2026-08-16 15:52:43,826 INFO o.a.j.JMeter: Version 5.6.3
2026-08-16 15:52:43,826 INFO o.a.j.JMeter: java.version=21.0.11
2026-08-16 15:52:43,826 INFO o.a.j.JMeter: java.vm.name=Java HotSpot(TM) 64-Bit Server VM
2026-08-16 15:52:43,826 INFO o.a.j.JMeter: os.name=Windows 11
2026-08-16 15:52:43,826 INFO o.a.j.JMeter: os.arch=amd64
2026-08-16 15:52:43,826 INFO o.a.j.JMeter: os.version=10.0
2026-08-16 15:52:43,826 INFO o.a.j.JMeter: file.encoding=UTF-8
2026-08-16 15:52:43,826 INFO o.a.j.JMeter: java.awt.headless=true
2026-08-16 15:52:43,826 INFO o.a.j.JMeter: Max memory     =1073741824
2026-08-16 15:52:43,826 INFO o.a.j.JMeter: Available Processors =16
2026-08-16 15:52:43,834 INFO o.a.j.JMeter: Default Locale=English (EN)
2026-08-16 15:52:43,834 INFO o.a.j.JMeter: JMeter  Locale=English (EN)
2026-08-16 15:52:43,834 INFO o.a.j.JMeter: JMeterHome=C:\tools\apache-jmeter-5.6.3
2026-08-16 15:52:43,834 INFO o.a.j.JMeter: user.dir  =D:\group05_eshop
2026-08-16 15:52:43,834 INFO o.a.j.JMeter: PWD       =D:\group05_eshop
2026-08-16 15:52:43,834 INFO o.a.j.JMeter: IP: 172.16.16.28 Name: LAPTOP-MVP7T81B FullName: LAPTOP-MVP7T81B
2026-08-16 15:52:43,842 INFO o.a.j.JMeter: Setting property 'jmeter.reportgenerator.outputdir' to:'D:\group05_eshop\HW\week09\TheDat\results\endurance\23127340_Endurance_20260816_155242_html'
2026-08-16 15:52:43,843 INFO o.a.j.s.FileServer: Default base='D:\group05_eshop'
2026-08-16 15:52:43,849 INFO o.a.j.s.FileServer: Set new base='D:\group05_eshop\HW\week09\TheDat\test-plans'
2026-08-16 15:52:43,954 INFO o.a.j.s.SaveService: Testplan (JMX) version: 2.2. Testlog (JTL) version: 2.2
2026-08-16 15:52:43,975 INFO o.a.j.s.SaveService: Using SaveService properties version 5.0
2026-08-16 15:52:43,977 INFO o.a.j.s.SaveService: Using SaveService properties file encoding UTF-8
2026-08-16 15:52:43,979 INFO o.a.j.s.SaveService: Loading file: HW\week09\TheDat\test-plans\23127340_Endurance_20260816.jmx
2026-08-16 15:52:44,020 INFO o.a.j.p.h.s.HTTPSamplerBase: Parser for text/html is org.apache.jmeter.protocol.http.parser.LagartoBasedHtmlParser
2026-08-16 15:52:44,020 INFO o.a.j.p.h.s.HTTPSamplerBase: Parser for application/xhtml+xml is org.apache.jmeter.protocol.http.parser.LagartoBasedHtmlParser
2026-08-16 15:52:44,020 INFO o.a.j.p.h.s.HTTPSamplerBase: Parser for application/xml is org.apache.jmeter.protocol.http.parser.LagartoBasedHtmlParser
2026-08-16 15:52:44,020 INFO o.a.j.p.h.s.HTTPSamplerBase: Parser for text/xml is org.apache.jmeter.protocol.http.parser.LagartoBasedHtmlParser
2026-08-16 15:52:44,020 INFO o.a.j.p.h.s.HTTPSamplerBase: Parser for text/vnd.wap.wml is org.apache.jmeter.protocol.http.parser.RegexpHTMLParser
2026-08-16 15:52:44,020 INFO o.a.j.p.h.s.HTTPSamplerBase: Parser for text/css is org.apache.jmeter.protocol.http.parser.CssParser
2026-08-16 15:52:44,059 INFO o.a.j.JMeter: Creating summariser <summary>
2026-08-16 15:52:44,062 INFO o.a.j.r.d.ReportGenerator: ReportGenerator will use for Parsing the separator: ','
2026-08-16 15:52:44,062 INFO o.a.j.r.d.ReportGenerator: Will generate report at end of test from  results file: HW/week09/TheDat/results/endurance/23127340_Endurance_20260816_155242.jtl
2026-08-16 15:52:44,062 INFO o.a.j.r.d.ReportGenerator: Reading report generator properties from: C:\tools\apache-jmeter-5.6.3\bin\reportgenerator.properties
2026-08-16 15:52:44,063 INFO o.a.j.r.d.ReportGenerator: Merging with JMeter properties
2026-08-16 15:52:44,064 INFO o.a.j.r.c.ReportGeneratorConfiguration: Property 'jmeter.reportgenerator.temp_dir' not found, using default value 'temp' instead.
2026-08-16 15:52:44,064 INFO o.a.j.r.c.ReportGeneratorConfiguration: Property 'jmeter.reportgenerator.apdex_per_transaction' not found, using default value 'null' instead.
2026-08-16 15:52:44,064 INFO o.a.j.r.c.ReportGeneratorConfiguration: apdex_per_transaction is empty, not APDEX per transaction customization
2026-08-16 15:52:44,064 INFO o.a.j.r.c.ReportGeneratorConfiguration: Property 'jmeter.reportgenerator.sample_filter' not found, using default value 'null' instead.
2026-08-16 15:52:44,064 INFO o.a.j.r.c.ReportGeneratorConfiguration: Property 'jmeter.reportgenerator.report_title' not found, using default value 'null' instead.
2026-08-16 15:52:44,064 INFO o.a.j.r.c.ReportGeneratorConfiguration: Property 'jmeter.reportgenerator.start_date' not found, using default value 'null' instead.
2026-08-16 15:52:44,064 INFO o.a.j.r.c.ReportGeneratorConfiguration: Property 'jmeter.reportgenerator.end_date' not found, using default value 'null' instead.
2026-08-16 15:52:44,064 INFO o.a.j.r.c.ReportGeneratorConfiguration: Property 'jmeter.reportgenerator.date_format' not found, using default value 'null' instead.
2026-08-16 15:52:44,064 INFO o.a.j.r.c.ReportGeneratorConfiguration: Will use date range start date: null, end date: null
2026-08-16 15:52:44,064 INFO o.a.j.r.c.ReportGeneratorConfiguration: Property 'jmeter.reportgenerator.graph.totalTPS.exclude_controllers' not found, using default value 'false' instead.
2026-08-16 15:52:44,064 INFO o.a.j.r.c.ReportGeneratorConfiguration: Property 'jmeter.reportgenerator.graph.activeThreadsOverTime.exclude_controllers' not found, using default value 'false' instead.
2026-08-16 15:52:44,064 INFO o.a.j.r.c.ReportGeneratorConfiguration: Property 'jmeter.reportgenerator.graph.timeVsThreads.exclude_controllers' not found, using default value 'false' instead.
2026-08-16 15:52:44,064 INFO o.a.j.r.c.ReportGeneratorConfiguration: Property 'jmeter.reportgenerator.graph.responseTimeDistribution.exclude_controllers' not found, using default value 'false' instead.
2026-08-16 15:52:44,064 INFO o.a.j.r.c.ReportGeneratorConfiguration: Property 'jmeter.reportgenerator.graph.transactionsPerSecond.exclude_controllers' not found, using default value 'false' instead.
2026-08-16 15:52:44,064 INFO o.a.j.r.c.ReportGeneratorConfiguration: Property 'jmeter.reportgenerator.graph.responseTimePercentiles.exclude_controllers' not found, using default value 'false' instead.
2026-08-16 15:52:44,064 INFO o.a.j.r.c.ReportGeneratorConfiguration: Property 'jmeter.reportgenerator.graph.responseTimePercentilesOverTime.exclude_controllers' not found, using default value 'false' instead.
2026-08-16 15:52:44,064 INFO o.a.j.r.c.ReportGeneratorConfiguration: Property 'jmeter.reportgenerator.graph.responseTimesOverTime.exclude_controllers' not found, using default value 'false' instead.
2026-08-16 15:52:44,064 INFO o.a.j.r.c.ReportGeneratorConfiguration: Property 'jmeter.reportgenerator.graph.connectTimeOverTime.exclude_controllers' not found, using default value 'false' instead.
2026-08-16 15:52:44,064 INFO o.a.j.r.c.ReportGeneratorConfiguration: Property 'jmeter.reportgenerator.graph.latenciesOverTime.exclude_controllers' not found, using default value 'false' instead.
2026-08-16 15:52:44,064 INFO o.a.j.r.c.ReportGeneratorConfiguration: Property 'jmeter.reportgenerator.exporter.json.filters_only_sample_series' not found, using default value 'true' instead.
2026-08-16 15:52:44,064 INFO o.a.j.r.c.ReportGeneratorConfiguration: Property 'jmeter.reportgenerator.exporter.json.series_filter' not found, using default value '' instead.
2026-08-16 15:52:44,064 INFO o.a.j.r.c.ReportGeneratorConfiguration: Property 'jmeter.reportgenerator.exporter.json.show_controllers_only' not found, using default value 'false' instead.
2026-08-16 15:52:44,064 INFO o.a.j.r.c.ReportGeneratorConfiguration: Property 'jmeter.reportgenerator.exporter.html.filters_only_sample_series' not found, using default value 'true' instead.
2026-08-16 15:52:44,064 INFO o.a.j.r.c.ReportGeneratorConfiguration: Property 'jmeter.reportgenerator.exporter.html.series_filter' not found, using default value '' instead.
2026-08-16 15:52:44,064 INFO o.a.j.r.c.ReportGeneratorConfiguration: Property 'jmeter.reportgenerator.exporter.html.show_controllers_only' not found, using default value 'false' instead.
2026-08-16 15:52:44,080 INFO o.a.j.e.StandardJMeterEngine: Running the test!
2026-08-16 15:52:44,081 INFO o.a.j.s.SampleEvent: List of sample_variables: []
2026-08-16 15:52:44,081 INFO o.a.j.s.SampleEvent: List of sample_variables: []
2026-08-16 15:52:44,084 INFO o.a.j.e.u.CompoundVariable: Note: Function class names must contain the string: '.functions.'
2026-08-16 15:52:44,084 INFO o.a.j.e.u.CompoundVariable: Note: Function class names must not contain the string: '.gui.'
2026-08-16 15:52:44,109 INFO o.a.j.r.ClassFinder: Will scan jar C:\tools\apache-jmeter-5.6.3\lib\ext\jmeter-plugins-manager-2.0.jar with filter ExtendsClassFilter [parents=[interface org.apache.jmeter.functions.Function], inner=false, contains=null, notContains=null]. Consider exposing JMeter plugins via META-INF/services, and add JMeter-Skip-Class-Scanning=true manifest attribute so JMeter can skip classfile scanning
2026-08-16 15:52:44,133 INFO o.a.j.r.ClassFinder: Will scan jar C:\tools\apache-jmeter-5.6.3\lib\ext\jmeter-plugins-manager-1.12.jar with filter ExtendsClassFilter [parents=[interface org.apache.jmeter.functions.Function], inner=false, contains=null, notContains=null]. Consider exposing JMeter plugins via META-INF/services, and add JMeter-Skip-Class-Scanning=true manifest attribute so JMeter can skip classfile scanning
2026-08-16 15:52:44,176 INFO o.a.j.r.ClassFinder: Will scan jar C:\tools\apache-jmeter-5.6.3\lib\ext\jmeter-plugins-casutg-3.1.1.jar with filter ExtendsClassFilter [parents=[interface org.apache.jmeter.functions.Function], inner=false, contains=null, notContains=null]. Consider exposing JMeter plugins via META-INF/services, and add JMeter-Skip-Class-Scanning=true manifest attribute so JMeter can skip classfile scanning
2026-08-16 15:52:44,316 INFO o.a.j.JMeter: Running test (1786870364316)
2026-08-16 15:52:44,326 INFO o.a.j.e.StandardJMeterEngine: Starting ThreadGroup: 1 : Endurance Profile - 500 VU, 15 minutes total
2026-08-16 15:52:44,327 INFO o.a.j.e.StandardJMeterEngine: Starting 500 threads for group Endurance Profile - 500 VU, 15 minutes total.
2026-08-16 15:52:44,327 INFO o.a.j.e.StandardJMeterEngine: Thread will start next loop on error
2026-08-16 15:52:44,327 INFO k.a.j.t.AbstractSimpleThreadGroup: Starting thread group number 1 threads 500
2026-08-16 15:52:44,332 INFO o.a.j.s.SampleResult: Note: Sample TimeStamps are START times
2026-08-16 15:52:44,332 INFO o.a.j.s.SampleResult: sampleresult.default.encoding is set to UTF-8
2026-08-16 15:52:44,332 INFO o.a.j.s.SampleResult: sampleresult.useNanoTime=true
2026-08-16 15:52:44,332 INFO o.a.j.s.SampleResult: sampleresult.nanoThreadSleep=5000
2026-08-16 15:52:44,499 INFO k.a.j.t.AbstractSimpleThreadGroup: Started thread group number 1
2026-08-16 15:52:44,499 INFO o.a.j.e.StandardJMeterEngine: All thread groups have been started
2026-08-16 15:52:44,568 INFO o.a.j.t.JMeterThread: Thread started: Endurance Profile - 500 VU, 15 minutes total 1-500
2026-08-16 15:52:44,808 INFO o.a.j.t.JMeterThread: Thread started: Endurance Profile - 500 VU, 15 minutes total 1-499
2026-08-16 15:52:45,048 INFO o.a.j.t.JMeterThread: Thread started: Endurance Profile - 500 VU, 15 minutes total 1-498
2026-08-16 15:52:45,289 INFO o.a.j.t.JMeterThread: Thread started: Endurance Profile - 500 VU, 15 minutes total 1-497
2026-08-16 15:52:45,389 INFO o.a.j.p.h.s.HTTPHCAbstractImpl: Local host = LAPTOP-MVP7T81B
2026-08-16 15:52:45,392 INFO o.a.j.p.h.s.HTTPHC4Impl: HTTP request retry count = 0
2026-08-16 15:52:45,527 INFO o.a.j.t.JMeterThread: Thread started: Endurance Profile - 500 VU, 15 minutes total 1-496
2026-08-16 15:52:45,767 INFO o.a.j.t.JMeterThread: Thread started: Endurance Profile - 500 VU, 15 minutes total 1-495
2026-08-16 15:52:46,008 INFO o.a.j.t.JMeterThread: Thread started: Endurance Profile - 500 VU, 15 minutes total 1-494
2026-08-16 15:52:46,248 INFO o.a.j.t.JMeterThread: Thread started: Endurance Profile - 500 VU, 15 minutes total 1-493
2026-08-16 15:52:46,488 INFO o.a.j.t.JMeterThread: Thread started: Endurance Profile - 500 VU, 15 minutes total 1-492
2026-08-16 15:52:46,727 INFO o.a.j.t.JMeterThread: Thread started: Endurance Profile - 500 VU, 15 minutes total 1-491
2026-08-16 15:52:46,969 INFO o.a.j.t.JMeterThread: Thread started: Endurance Profile - 500 VU, 15 minutes total 1-490
2026-08-16 15:52:47,207 INFO o.a.j.t.JMeterThread: Thread started: Endurance Profile - 500 VU, 15 minutes total 1-489
2026-08-16 15:52:47,459 INFO o.a.j.t.JMeterThread: Thread started: Endurance Profile - 500 VU, 15 minutes total 1-488
2026-08-16 15:52:47,697 INFO o.a.j.t.JMeterThread: Thread started: Endurance Profile - 500 VU, 15 minutes total 1-487
2026-08-16 15:52:47,936 INFO o.a.j.t.JMeterThread: Thread started: Endurance Profile - 500 VU, 15 minutes total 1-486
2026-08-16 15:52:48,177 INFO o.a.j.t.JMeterThread: Thread started: Endurance Profile - 500 VU, 15 minutes total 1-485
2026-08-16 15:52:48,418 INFO o.a.j.t.JMeterThread: Thread started: Endurance Profile - 500 VU, 15 minutes total 1-484
2026-08-16 15:52:48,648 INFO o.a.j.t.JMeterThread: Thread started: Endurance Profile - 500 VU, 15 minutes total 1-483
2026-08-16 15:52:48,887 INFO o.a.j.t.JMeterThread: Thread started: Endurance Profile - 500 VU, 15 minutes total 1-482
2026-08-16 15:52:49,128 INFO o.a.j.t.JMeterThread: Thread started: Endurance Profile - 500 VU, 15 minutes total 1-481
2026-08-16 15:52:49,367 INFO o.a.j.t.JMeterThread: Thread started: Endurance Profile - 500 VU, 15 minutes total 1-480
2026-08-16 15:52:49,607 INFO o.a.j.t.JMeterThread: Thread started: Endurance Profile - 500 VU, 15 minutes total 1-479
2026-08-16 15:52:49,848 INFO o.a.j.t.JMeterThread: Thread started: Endurance Profile - 500 VU, 15 minutes total 1-478
2026-08-16 15:52:50,087 INFO o.a.j.t.JMeterThread: Thread started: Endurance Profile - 500 VU, 15 minutes total 1-477
2026-08-16 15:52:50,328 INFO o.a.j.t.JMeterThread: Thread started: Endurance Profile - 500 VU, 15 minutes total 1-476
2026-08-16 15:52:50,567 INFO o.a.j.t.JMeterThread: Thread started: Endurance Profile - 500 VU, 15 minutes total 1-475
2026-08-16 15:52:50,807 INFO o.a.j.t.JMeterThread: Thread started: Endurance Profile - 500 VU, 15 minutes total 1-474
2026-08-16 15:52:51,047 INFO o.a.j.t.JMeterThread: Thread started: Endurance Profile - 500 VU, 15 minutes total 1-473
2026-08-16 15:52:51,287 INFO o.a.j.t.JMeterThread: Thread started: Endurance Profile - 500 VU, 15 minutes total 1-472
2026-08-16 15:52:51,527 INFO o.a.j.t.JMeterThread: Thread started: Endurance Profile - 500 VU, 15 minutes total 1-471
2026-08-16 15:52:51,767 INFO o.a.j.t.JMeterThread: Thread started: Endurance Profile - 500 VU, 15 minutes total 1-470
2026-08-16 15:52:52,007 INFO o.a.j.t.JMeterThread: Thread started: Endurance Profile - 500 VU, 15 minutes total 1-469
2026-08-16 15:52:52,248 INFO o.a.j.t.JMeterThread: Thread started: Endurance Profile - 500 VU, 15 minutes total 1-468
2026-08-16 15:52:52,487 INFO o.a.j.t.JMeterThread: Thread started: Endurance Profile - 500 VU, 15 minutes total 1-467
2026-08-16 15:52:52,727 INFO o.a.j.t.JMeterThread: Thread started: Endurance Profile - 500 VU, 15 minutes total 1-466
2026-08-16 15:52:52,967 INFO o.a.j.t.JMeterThread: Thread started: Endurance Profile - 500 VU, 15 minutes total 1-465
2026-08-16 15:52:53,208 INFO o.a.j.t.JMeterThread: Thread started: Endurance Profile - 500 VU, 15 minutes total 1-464
2026-08-16 15:52:53,447 INFO o.a.j.t.JMeterThread: Thread started: Endurance Profile - 500 VU, 15 minutes total 1-463
2026-08-16 15:52:53,688 INFO o.a.j.t.JMeterThread: Thread started: Endurance Profile - 500 VU, 15 minutes total 1-462
2026-08-16 15:52:53,927 INFO o.a.j.t.JMeterThread: Thread started: Endurance Profile - 500 VU, 15 minutes total 1-461
2026-08-16 15:52:54,168 INFO o.a.j.t.JMeterThread: Thread started: Endurance Profile - 500 VU, 15 minutes total 1-460
2026-08-16 15:52:54,407 INFO o.a.j.t.JMeterThread: Thread started: Endurance Profile - 500 VU, 15 minutes total 1-459
2026-08-16 15:52:54,648 INFO o.a.j.t.JMeterThread: Thread started: Endurance Profile - 500 VU, 15 minutes total 1-458
2026-08-16 15:52:54,888 INFO o.a.j.t.JMeterThread: Thread started: Endurance Profile - 500 VU, 15 minutes total 1-457
2026-08-16 15:52:54,939 INFO o.a.j.u.JsseSSLManager: Using default SSL protocol: TLS
2026-08-16 15:52:54,939 INFO o.a.j.u.JsseSSLManager: SSL session context: per-thread
2026-08-16 15:52:55,127 INFO o.a.j.t.JMeterThread: Thread started: Endurance Profile - 500 VU, 15 minutes total 1-456
2026-08-16 15:52:55,368 INFO o.a.j.t.JMeterThread: Thread started: Endurance Profile - 500 VU, 15 minutes total 1-455
2026-08-16 15:52:55,607 INFO o.a.j.t.JMeterThread: Thread started: Endurance Profile - 500 VU, 15 minutes total 1-454
2026-08-16 15:52:55,848 INFO o.a.j.t.JMeterThread: Thread started: Endurance Profile - 500 VU, 15 minutes total 1-453
2026-08-16 15:52:56,087 INFO o.a.j.t.JMeterThread: Thread started: Endurance Profile - 500 VU, 15 minutes total 1-452
2026-08-16 15:52:56,328 INFO o.a.j.t.JMeterThread: Thread started: Endurance Profile - 500 VU, 15 minutes total 1-451
2026-08-16 15:52:56,568 INFO o.a.j.t.JMeterThread: Thread started: Endurance Profile - 500 VU, 15 minutes total 1-450
2026-08-16 15:52:56,808 INFO o.a.j.t.JMeterThread: Thread started: Endurance Profile - 500 VU, 15 minutes total 1-449
2026-08-16 15:52:57,047 INFO o.a.j.t.JMeterThread: Thread started: Endurance Profile - 500 VU, 15 minutes total 1-448
2026-08-16 15:52:57,288 INFO o.a.j.t.JMeterThread: Thread started: Endurance Profile - 500 VU, 15 minutes total 1-447
2026-08-16 15:52:57,527 INFO o.a.j.t.JMeterThread: Thread started: Endurance Profile - 500 VU, 15 minutes total 1-446
2026-08-16 15:52:57,767 INFO o.a.j.t.JMeterThread: Thread started: Endurance Profile - 500 VU, 15 minutes total 1-445
2026-08-16 15:52:58,008 INFO o.a.j.t.JMeterThread: Thread started: Endurance Profile - 500 VU, 15 minutes total 1-444
2026-08-16 15:52:58,247 INFO o.a.j.t.JMeterThread: Thread started: Endurance Profile - 500 VU, 15 minutes total 1-443
2026-08-16 15:52:58,487 INFO o.a.j.t.JMeterThread: Thread started: Endurance Profile - 500 VU, 15 minutes total 1-442
2026-08-16 15:52:58,728 INFO o.a.j.t.JMeterThread: Thread started: Endurance Profile - 500 VU, 15 minutes total 1-441
2026-08-16 15:52:58,967 INFO o.a.j.t.JMeterThread: Thread started: Endurance Profile - 500 VU, 15 minutes total 1-440
2026-08-16 15:52:59,208 INFO o.a.j.t.JMeterThread: Thread started: Endurance Profile - 500 VU, 15 minutes total 1-439
2026-08-16 15:52:59,448 INFO o.a.j.t.JMeterThread: Thread started: Endurance Profile - 500 VU, 15 minutes total 1-438
2026-08-16 15:52:59,687 INFO o.a.j.t.JMeterThread: Thread started: Endurance Profile - 500 VU, 15 minutes total 1-437
2026-08-16 15:52:59,927 INFO o.a.j.t.JMeterThread: Thread started: Endurance Profile - 500 VU, 15 minutes total 1-436
2026-08-16 15:53:00,168 INFO o.a.j.t.JMeterThread: Thread started: Endurance Profile - 500 VU, 15 minutes total 1-435
2026-08-16 15:53:00,408 INFO o.a.j.t.JMeterThread: Thread started: Endurance Profile - 500 VU, 15 minutes total 1-434
2026-08-16 15:53:00,647 INFO o.a.j.t.JMeterThread: Thread started: Endurance Profile - 500 VU, 15 minutes total 1-433
2026-08-16 15:53:00,887 INFO o.a.j.t.JMeterThread: Thread started: Endurance Profile - 500 VU, 15 minutes total 1-432
2026-08-16 15:53:01,128 INFO o.a.j.t.JMeterThread: Thread started: Endurance Profile - 500 VU, 15 minutes total 1-431
2026-08-16 15:53:01,367 INFO o.a.j.t.JMeterThread: Thread started: Endurance Profile - 500 VU, 15 minutes total 1-430
2026-08-16 15:53:01,607 INFO o.a.j.t.JMeterThread: Thread started: Endurance Profile - 500 VU, 15 minutes total 1-429
2026-08-16 15:53:01,848 INFO o.a.j.t.JMeterThread: Thread started: Endurance Profile - 500 VU, 15 minutes total 1-428
2026-08-16 15:53:02,088 INFO o.a.j.t.JMeterThread: Thread started: Endurance Profile - 500 VU, 15 minutes total 1-427
2026-08-16 15:53:02,328 INFO o.a.j.t.JMeterThread: Thread started: Endurance Profile - 500 VU, 15 minutes total 1-426
2026-08-16 15:53:02,568 INFO o.a.j.t.JMeterThread: Thread started: Endurance Profile - 500 VU, 15 minutes total 1-425
2026-08-16 15:53:02,808 INFO o.a.j.t.JMeterThread: Thread started: Endurance Profile - 500 VU, 15 minutes total 1-424
2026-08-16 15:53:03,048 INFO o.a.j.t.JMeterThread: Thread started: Endurance Profile - 500 VU, 15 minutes total 1-423
2026-08-16 15:53:03,287 INFO o.a.j.t.JMeterThread: Thread started: Endurance Profile - 500 VU, 15 minutes total 1-422
2026-08-16 15:53:03,527 INFO o.a.j.t.JMeterThread: Thread started: Endurance Profile - 500 VU, 15 minutes total 1-421
2026-08-16 15:53:03,768 INFO o.a.j.t.JMeterThread: Thread started: Endurance Profile - 500 VU, 15 minutes total 1-420
2026-08-16 15:53:04,007 INFO o.a.j.t.JMeterThread: Thread started: Endurance Profile - 500 VU, 15 minutes total 1-419
2026-08-16 15:53:04,248 INFO o.a.j.t.JMeterThread: Thread started: Endurance Profile - 500 VU, 15 minutes total 1-418
2026-08-16 15:53:04,487 INFO o.a.j.t.JMeterThread: Thread started: Endurance Profile - 500 VU, 15 minutes total 1-417
2026-08-16 15:53:04,727 INFO o.a.j.t.JMeterThread: Thread started: Endurance Profile - 500 VU, 15 minutes total 1-416
2026-08-16 15:53:04,967 INFO o.a.j.t.JMeterThread: Thread started: Endurance Profile - 500 VU, 15 minutes total 1-415
2026-08-16 15:53:05,208 INFO o.a.j.t.JMeterThread: Thread started: Endurance Profile - 500 VU, 15 minutes total 1-414
2026-08-16 15:53:05,447 INFO o.a.j.t.JMeterThread: Thread started: Endurance Profile - 500 VU, 15 minutes total 1-413
2026-08-16 15:53:05,687 INFO o.a.j.t.JMeterThread: Thread started: Endurance Profile - 500 VU, 15 minutes total 1-412
2026-08-16 15:53:05,927 INFO o.a.j.t.JMeterThread: Thread started: Endurance Profile - 500 VU, 15 minutes total 1-411
2026-08-16 15:53:06,168 INFO o.a.j.t.JMeterThread: Thread started: Endurance Profile - 500 VU, 15 minutes total 1-410
2026-08-16 15:53:06,408 INFO o.a.j.t.JMeterThread: Thread started: Endurance Profile - 500 VU, 15 minutes total 1-409
2026-08-16 15:53:06,648 INFO o.a.j.t.JMeterThread: Thread started: Endurance Profile - 500 VU, 15 minutes total 1-408
2026-08-16 15:53:06,889 INFO o.a.j.t.JMeterThread: Thread started: Endurance Profile - 500 VU, 15 minutes total 1-407
2026-08-16 15:53:07,128 INFO o.a.j.t.JMeterThread: Thread started: Endurance Profile - 500 VU, 15 minutes total 1-406
2026-08-16 15:53:07,368 INFO o.a.j.t.JMeterThread: Thread started: Endurance Profile - 500 VU, 15 minutes total 1-405
2026-08-16 15:53:07,608 INFO o.a.j.t.JMeterThread: Thread started: Endurance Profile - 500 VU, 15 minutes total 1-404
2026-08-16 15:53:07,848 INFO o.a.j.t.JMeterThread: Thread started: Endurance Profile - 500 VU, 15 minutes total 1-403
2026-08-16 15:53:08,088 INFO o.a.j.t.JMeterThread: Thread started: Endurance Profile - 500 VU, 15 minutes total 1-402
2026-08-16 15:53:08,328 INFO o.a.j.t.JMeterThread: Thread started: Endurance Profile - 500 VU, 15 minutes total 1-401
2026-08-16 15:53:08,568 INFO o.a.j.t.JMeterThread: Thread started: Endurance Profile - 500 VU, 15 minutes total 1-400
2026-08-16 15:53:08,808 INFO o.a.j.t.JMeterThread: Thread started: Endurance Profile - 500 VU, 15 minutes total 1-399
2026-08-16 15:53:09,048 INFO o.a.j.t.JMeterThread: Thread started: Endurance Profile - 500 VU, 15 minutes total 1-398
2026-08-16 15:53:09,288 INFO o.a.j.t.JMeterThread: Thread started: Endurance Profile - 500 VU, 15 minutes total 1-397
2026-08-16 15:53:09,527 INFO o.a.j.t.JMeterThread: Thread started: Endurance Profile - 500 VU, 15 minutes total 1-396
2026-08-16 15:53:09,767 INFO o.a.j.t.JMeterThread: Thread started: Endurance Profile - 500 VU, 15 minutes total 1-395
2026-08-16 15:53:10,008 INFO o.a.j.t.JMeterThread: Thread started: Endurance Profile - 500 VU, 15 minutes total 1-394
2026-08-16 15:53:10,247 INFO o.a.j.t.JMeterThread: Thread started: Endurance Profile - 500 VU, 15 minutes total 1-393
2026-08-16 15:53:10,487 INFO o.a.j.t.JMeterThread: Thread started: Endurance Profile - 500 VU, 15 minutes total 1-392
2026-08-16 15:53:10,728 INFO o.a.j.t.JMeterThread: Thread started: Endurance Profile - 500 VU, 15 minutes total 1-391
2026-08-16 15:53:10,967 INFO o.a.j.t.JMeterThread: Thread started: Endurance Profile - 500 VU, 15 minutes total 1-390
2026-08-16 15:53:11,208 INFO o.a.j.t.JMeterThread: Thread started: Endurance Profile - 500 VU, 15 minutes total 1-389
2026-08-16 15:53:11,448 INFO o.a.j.t.JMeterThread: Thread started: Endurance Profile - 500 VU, 15 minutes total 1-388
2026-08-16 15:53:11,687 INFO o.a.j.t.JMeterThread: Thread started: Endurance Profile - 500 VU, 15 minutes total 1-387
2026-08-16 15:53:11,928 INFO o.a.j.t.JMeterThread: Thread started: Endurance Profile - 500 VU, 15 minutes total 1-386
2026-08-16 15:53:12,168 INFO o.a.j.t.JMeterThread: Thread started: Endurance Profile - 500 VU, 15 minutes total 1-385
2026-08-16 15:53:12,408 INFO o.a.j.t.JMeterThread: Thread started: Endurance Profile - 500 VU, 15 minutes total 1-384
2026-08-16 15:53:12,647 INFO o.a.j.t.JMeterThread: Thread started: Endurance Profile - 500 VU, 15 minutes total 1-383
2026-08-16 15:53:12,888 INFO o.a.j.t.JMeterThread: Thread started: Endurance Profile - 500 VU, 15 minutes total 1-382
2026-08-16 15:53:13,127 INFO o.a.j.t.JMeterThread: Thread started: Endurance Profile - 500 VU, 15 minutes total 1-381
2026-08-16 15:53:13,367 INFO o.a.j.t.JMeterThread: Thread started: Endurance Profile - 500 VU, 15 minutes total 1-380
2026-08-16 15:53:13,607 INFO o.a.j.t.JMeterThread: Thread started: Endurance Profile - 500 VU, 15 minutes total 1-379
2026-08-16 15:53:13,848 INFO o.a.j.t.JMeterThread: Thread started: Endurance Profile - 500 VU, 15 minutes total 1-378
2026-08-16 15:53:14,087 INFO o.a.j.t.JMeterThread: Thread started: Endurance Profile - 500 VU, 15 minutes total 1-377
2026-08-16 15:53:14,327 INFO o.a.j.t.JMeterThread: Thread started: Endurance Profile - 500 VU, 15 minutes total 1-376
2026-08-16 15:53:14,568 INFO o.a.j.t.JMeterThread: Thread started: Endurance Profile - 500 VU, 15 minutes total 1-375
2026-08-16 15:53:14,808 INFO o.a.j.t.JMeterThread: Thread started: Endurance Profile - 500 VU, 15 minutes total 1-374
2026-08-16 15:53:15,048 INFO o.a.j.t.JMeterThread: Thread started: Endurance Profile - 500 VU, 15 minutes total 1-373
2026-08-16 15:53:15,288 INFO o.a.j.t.JMeterThread: Thread started: Endurance Profile - 500 VU, 15 minutes total 1-372
2026-08-16 15:53:15,527 INFO o.a.j.t.JMeterThread: Thread started: Endurance Profile - 500 VU, 15 minutes total 1-371
2026-08-16 15:53:15,768 INFO o.a.j.t.JMeterThread: Thread started: Endurance Profile - 500 VU, 15 minutes total 1-370
2026-08-16 15:53:16,008 INFO o.a.j.t.JMeterThread: Thread started: Endurance Profile - 500 VU, 15 minutes total 1-369
2026-08-16 15:53:16,248 INFO o.a.j.t.JMeterThread: Thread started: Endurance Profile - 500 VU, 15 minutes total 1-368
2026-08-16 15:53:16,488 INFO o.a.j.t.JMeterThread: Thread started: Endurance Profile - 500 VU, 15 minutes total 1-367
2026-08-16 15:53:16,727 INFO o.a.j.t.JMeterThread: Thread started: Endurance Profile - 500 VU, 15 minutes total 1-366
2026-08-16 15:53:16,967 INFO o.a.j.t.JMeterThread: Thread started: Endurance Profile - 500 VU, 15 minutes total 1-365
2026-08-16 15:53:17,208 INFO o.a.j.t.JMeterThread: Thread started: Endurance Profile - 500 VU, 15 minutes total 1-364
2026-08-16 15:53:17,447 INFO o.a.j.t.JMeterThread: Thread started: Endurance Profile - 500 VU, 15 minutes total 1-363
2026-08-16 15:53:17,688 INFO o.a.j.t.JMeterThread: Thread started: Endurance Profile - 500 VU, 15 minutes total 1-362
2026-08-16 15:53:17,927 INFO o.a.j.t.JMeterThread: Thread started: Endurance Profile - 500 VU, 15 minutes total 1-361
2026-08-16 15:53:18,167 INFO o.a.j.t.JMeterThread: Thread started: Endurance Profile - 500 VU, 15 minutes total 1-360
2026-08-16 15:53:18,407 INFO o.a.j.t.JMeterThread: Thread started: Endurance Profile - 500 VU, 15 minutes total 1-359
2026-08-16 15:53:18,648 INFO o.a.j.t.JMeterThread: Thread started: Endurance Profile - 500 VU, 15 minutes total 1-358
2026-08-16 15:53:18,888 INFO o.a.j.t.JMeterThread: Thread started: Endurance Profile - 500 VU, 15 minutes total 1-357
2026-08-16 15:53:19,128 INFO o.a.j.t.JMeterThread: Thread started: Endurance Profile - 500 VU, 15 minutes total 1-356
2026-08-16 15:53:19,368 INFO o.a.j.t.JMeterThread: Thread started: Endurance Profile - 500 VU, 15 minutes total 1-355
2026-08-16 15:53:19,608 INFO o.a.j.t.JMeterThread: Thread started: Endurance Profile - 500 VU, 15 minutes total 1-354
2026-08-16 15:53:19,848 INFO o.a.j.t.JMeterThread: Thread started: Endurance Profile - 500 VU, 15 minutes total 1-353
2026-08-16 15:53:20,088 INFO o.a.j.t.JMeterThread: Thread started: Endurance Profile - 500 VU, 15 minutes total 1-352
2026-08-16 15:53:20,328 INFO o.a.j.t.JMeterThread: Thread started: Endurance Profile - 500 VU, 15 minutes total 1-351
2026-08-16 15:53:20,568 INFO o.a.j.t.JMeterThread: Thread started: Endurance Profile - 500 VU, 15 minutes total 1-350
2026-08-16 15:53:20,808 INFO o.a.j.t.JMeterThread: Thread started: Endurance Profile - 500 VU, 15 minutes total 1-349
2026-08-16 15:53:21,048 INFO o.a.j.t.JMeterThread: Thread started: Endurance Profile - 500 VU, 15 minutes total 1-348
2026-08-16 15:53:21,288 INFO o.a.j.t.JMeterThread: Thread started: Endurance Profile - 500 VU, 15 minutes total 1-347
2026-08-16 15:53:21,527 INFO o.a.j.t.JMeterThread: Thread started: Endurance Profile - 500 VU, 15 minutes total 1-346
2026-08-16 15:53:21,767 INFO o.a.j.t.JMeterThread: Thread started: Endurance Profile - 500 VU, 15 minutes total 1-345
2026-08-16 15:53:22,008 INFO o.a.j.t.JMeterThread: Thread started: Endurance Profile - 500 VU, 15 minutes total 1-344
2026-08-16 15:53:22,248 INFO o.a.j.t.JMeterThread: Thread started: Endurance Profile - 500 VU, 15 minutes total 1-343
2026-08-16 15:53:22,488 INFO o.a.j.t.JMeterThread: Thread started: Endurance Profile - 500 VU, 15 minutes total 1-342
2026-08-16 15:53:22,727 INFO o.a.j.t.JMeterThread: Thread started: Endurance Profile - 500 VU, 15 minutes total 1-341
2026-08-16 15:53:22,967 INFO o.a.j.t.JMeterThread: Thread started: Endurance Profile - 500 VU, 15 minutes total 1-340
2026-08-16 15:53:23,207 INFO o.a.j.t.JMeterThread: Thread started: Endurance Profile - 500 VU, 15 minutes total 1-339
2026-08-16 15:53:23,447 INFO o.a.j.t.JMeterThread: Thread started: Endurance Profile - 500 VU, 15 minutes total 1-338
2026-08-16 15:53:23,688 INFO o.a.j.t.JMeterThread: Thread started: Endurance Profile - 500 VU, 15 minutes total 1-337
2026-08-16 15:53:23,927 INFO o.a.j.t.JMeterThread: Thread started: Endurance Profile - 500 VU, 15 minutes total 1-336
2026-08-16 15:53:24,167 INFO o.a.j.t.JMeterThread: Thread started: Endurance Profile - 500 VU, 15 minutes total 1-335
2026-08-16 15:53:24,407 INFO o.a.j.t.JMeterThread: Thread started: Endurance Profile - 500 VU, 15 minutes total 1-334
2026-08-16 15:53:24,648 INFO o.a.j.t.JMeterThread: Thread started: Endurance Profile - 500 VU, 15 minutes total 1-333
2026-08-16 15:53:24,888 INFO o.a.j.t.JMeterThread: Thread started: Endurance Profile - 500 VU, 15 minutes total 1-332
2026-08-16 15:53:25,131 INFO o.a.j.t.JMeterThread: Thread started: Endurance Profile - 500 VU, 15 minutes total 1-331
2026-08-16 15:53:25,368 INFO o.a.j.t.JMeterThread: Thread started: Endurance Profile - 500 VU, 15 minutes total 1-330
2026-08-16 15:53:25,608 INFO o.a.j.t.JMeterThread: Thread started: Endurance Profile - 500 VU, 15 minutes total 1-329
2026-08-16 15:53:25,847 INFO o.a.j.t.JMeterThread: Thread started: Endurance Profile - 500 VU, 15 minutes total 1-328
2026-08-16 15:53:26,088 INFO o.a.j.t.JMeterThread: Thread started: Endurance Profile - 500 VU, 15 minutes total 1-327
2026-08-16 15:53:26,327 INFO o.a.j.t.JMeterThread: Thread started: Endurance Profile - 500 VU, 15 minutes total 1-326
2026-08-16 15:53:26,567 INFO o.a.j.t.JMeterThread: Thread started: Endurance Profile - 500 VU, 15 minutes total 1-325
2026-08-16 15:53:26,807 INFO o.a.j.t.JMeterThread: Thread started: Endurance Profile - 500 VU, 15 minutes total 1-324
2026-08-16 15:53:27,047 INFO o.a.j.t.JMeterThread: Thread started: Endurance Profile - 500 VU, 15 minutes total 1-323
2026-08-16 15:53:27,288 INFO o.a.j.t.JMeterThread: Thread started: Endurance Profile - 500 VU, 15 minutes total 1-322
2026-08-16 15:53:27,529 INFO o.a.j.t.JMeterThread: Thread started: Endurance Profile - 500 VU, 15 minutes total 1-321
2026-08-16 15:53:27,768 INFO o.a.j.t.JMeterThread: Thread started: Endurance Profile - 500 VU, 15 minutes total 1-320
2026-08-16 15:53:28,008 INFO o.a.j.t.JMeterThread: Thread started: Endurance Profile - 500 VU, 15 minutes total 1-319
2026-08-16 15:53:28,248 INFO o.a.j.t.JMeterThread: Thread started: Endurance Profile - 500 VU, 15 minutes total 1-318
2026-08-16 15:53:28,488 INFO o.a.j.t.JMeterThread: Thread started: Endurance Profile - 500 VU, 15 minutes total 1-317
2026-08-16 15:53:28,728 INFO o.a.j.t.JMeterThread: Thread started: Endurance Profile - 500 VU, 15 minutes total 1-316
2026-08-16 15:53:28,968 INFO o.a.j.t.JMeterThread: Thread started: Endurance Profile - 500 VU, 15 minutes total 1-315
2026-08-16 15:53:29,208 INFO o.a.j.t.JMeterThread: Thread started: Endurance Profile - 500 VU, 15 minutes total 1-314
2026-08-16 15:53:29,448 INFO o.a.j.t.JMeterThread: Thread started: Endurance Profile - 500 VU, 15 minutes total 1-313
2026-08-16 15:53:29,687 INFO o.a.j.t.JMeterThread: Thread started: Endurance Profile - 500 VU, 15 minutes total 1-312
2026-08-16 15:53:29,928 INFO o.a.j.t.JMeterThread: Thread started: Endurance Profile - 500 VU, 15 minutes total 1-311
2026-08-16 15:53:30,168 INFO o.a.j.t.JMeterThread: Thread started: Endurance Profile - 500 VU, 15 minutes total 1-310
2026-08-16 15:53:30,407 INFO o.a.j.t.JMeterThread: Thread started: Endurance Profile - 500 VU, 15 minutes total 1-309
2026-08-16 15:53:30,647 INFO o.a.j.t.JMeterThread: Thread started: Endurance Profile - 500 VU, 15 minutes total 1-308
2026-08-16 15:53:30,887 INFO o.a.j.t.JMeterThread: Thread started: Endurance Profile - 500 VU, 15 minutes total 1-307
2026-08-16 15:53:31,128 INFO o.a.j.t.JMeterThread: Thread started: Endurance Profile - 500 VU, 15 minutes total 1-306
2026-08-16 15:53:31,367 INFO o.a.j.t.JMeterThread: Thread started: Endurance Profile - 500 VU, 15 minutes total 1-305
2026-08-16 15:53:31,607 INFO o.a.j.t.JMeterThread: Thread started: Endurance Profile - 500 VU, 15 minutes total 1-304
2026-08-16 15:53:31,848 INFO o.a.j.t.JMeterThread: Thread started: Endurance Profile - 500 VU, 15 minutes total 1-303
2026-08-16 15:53:32,087 INFO o.a.j.t.JMeterThread: Thread started: Endurance Profile - 500 VU, 15 minutes total 1-302
2026-08-16 15:53:32,328 INFO o.a.j.t.JMeterThread: Thread started: Endurance Profile - 500 VU, 15 minutes total 1-301
2026-08-16 15:53:32,567 INFO o.a.j.t.JMeterThread: Thread started: Endurance Profile - 500 VU, 15 minutes total 1-300
2026-08-16 15:53:32,808 INFO o.a.j.t.JMeterThread: Thread started: Endurance Profile - 500 VU, 15 minutes total 1-299
2026-08-16 15:53:33,047 INFO o.a.j.t.JMeterThread: Thread started: Endurance Profile - 500 VU, 15 minutes total 1-298
2026-08-16 15:53:33,291 INFO o.a.j.t.JMeterThread: Thread started: Endurance Profile - 500 VU, 15 minutes total 1-297
2026-08-16 15:53:33,528 INFO o.a.j.t.JMeterThread: Thread started: Endurance Profile - 500 VU, 15 minutes total 1-296
2026-08-16 15:53:33,767 INFO o.a.j.t.JMeterThread: Thread started: Endurance Profile - 500 VU, 15 minutes total 1-295
2026-08-16 15:53:34,008 INFO o.a.j.t.JMeterThread: Thread started: Endurance Profile - 500 VU, 15 minutes total 1-294
2026-08-16 15:53:34,248 INFO o.a.j.t.JMeterThread: Thread started: Endurance Profile - 500 VU, 15 minutes total 1-293
2026-08-16 15:53:34,488 INFO o.a.j.t.JMeterThread: Thread started: Endurance Profile - 500 VU, 15 minutes total 1-292
2026-08-16 15:53:34,727 INFO o.a.j.t.JMeterThread: Thread started: Endurance Profile - 500 VU, 15 minutes total 1-291
2026-08-16 15:53:34,967 INFO o.a.j.t.JMeterThread: Thread started: Endurance Profile - 500 VU, 15 minutes total 1-290
2026-08-16 15:53:35,208 INFO o.a.j.t.JMeterThread: Thread started: Endurance Profile - 500 VU, 15 minutes total 1-289
2026-08-16 15:53:35,448 INFO o.a.j.t.JMeterThread: Thread started: Endurance Profile - 500 VU, 15 minutes total 1-288
2026-08-16 15:53:35,688 INFO o.a.j.t.JMeterThread: Thread started: Endurance Profile - 500 VU, 15 minutes total 1-287
2026-08-16 15:53:35,928 INFO o.a.j.t.JMeterThread: Thread started: Endurance Profile - 500 VU, 15 minutes total 1-286
2026-08-16 15:53:36,168 INFO o.a.j.t.JMeterThread: Thread started: Endurance Profile - 500 VU, 15 minutes total 1-285
2026-08-16 15:53:36,407 INFO o.a.j.t.JMeterThread: Thread started: Endurance Profile - 500 VU, 15 minutes total 1-284
2026-08-16 15:53:36,647 INFO o.a.j.t.JMeterThread: Thread started: Endurance Profile - 500 VU, 15 minutes total 1-283
2026-08-16 15:53:36,887 INFO o.a.j.t.JMeterThread: Thread started: Endurance Profile - 500 VU, 15 minutes total 1-282
2026-08-16 15:53:37,127 INFO o.a.j.t.JMeterThread: Thread started: Endurance Profile - 500 VU, 15 minutes total 1-281
2026-08-16 15:53:37,368 INFO o.a.j.t.JMeterThread: Thread started: Endurance Profile - 500 VU, 15 minutes total 1-280
2026-08-16 15:53:37,607 INFO o.a.j.t.JMeterThread: Thread started: Endurance Profile - 500 VU, 15 minutes total 1-279
2026-08-16 15:53:37,848 INFO o.a.j.t.JMeterThread: Thread started: Endurance Profile - 500 VU, 15 minutes total 1-278
2026-08-16 15:53:38,087 INFO o.a.j.t.JMeterThread: Thread started: Endurance Profile - 500 VU, 15 minutes total 1-277
2026-08-16 15:53:38,328 INFO o.a.j.t.JMeterThread: Thread started: Endurance Profile - 500 VU, 15 minutes total 1-276
2026-08-16 15:53:38,568 INFO o.a.j.t.JMeterThread: Thread started: Endurance Profile - 500 VU, 15 minutes total 1-275
2026-08-16 15:53:38,807 INFO o.a.j.t.JMeterThread: Thread started: Endurance Profile - 500 VU, 15 minutes total 1-274
2026-08-16 15:53:39,048 INFO o.a.j.t.JMeterThread: Thread started: Endurance Profile - 500 VU, 15 minutes total 1-273
2026-08-16 15:53:39,288 INFO o.a.j.t.JMeterThread: Thread started: Endurance Profile - 500 VU, 15 minutes total 1-272
2026-08-16 15:53:39,528 INFO o.a.j.t.JMeterThread: Thread started: Endurance Profile - 500 VU, 15 minutes total 1-271
2026-08-16 15:53:39,768 INFO o.a.j.t.JMeterThread: Thread started: Endurance Profile - 500 VU, 15 minutes total 1-270
2026-08-16 15:53:40,008 INFO o.a.j.t.JMeterThread: Thread started: Endurance Profile - 500 VU, 15 minutes total 1-269
2026-08-16 15:53:40,247 INFO o.a.j.t.JMeterThread: Thread started: Endurance Profile - 500 VU, 15 minutes total 1-268
2026-08-16 15:53:40,488 INFO o.a.j.t.JMeterThread: Thread started: Endurance Profile - 500 VU, 15 minutes total 1-267
2026-08-16 15:53:40,728 INFO o.a.j.t.JMeterThread: Thread started: Endurance Profile - 500 VU, 15 minutes total 1-266
2026-08-16 15:53:40,968 INFO o.a.j.t.JMeterThread: Thread started: Endurance Profile - 500 VU, 15 minutes total 1-265
2026-08-16 15:53:41,208 INFO o.a.j.t.JMeterThread: Thread started: Endurance Profile - 500 VU, 15 minutes total 1-264
2026-08-16 15:53:41,448 INFO o.a.j.t.JMeterThread: Thread started: Endurance Profile - 500 VU, 15 minutes total 1-263
2026-08-16 15:53:41,687 INFO o.a.j.t.JMeterThread: Thread started: Endurance Profile - 500 VU, 15 minutes total 1-262
2026-08-16 15:53:41,928 INFO o.a.j.t.JMeterThread: Thread started: Endurance Profile - 500 VU, 15 minutes total 1-261
2026-08-16 15:53:42,167 INFO o.a.j.t.JMeterThread: Thread started: Endurance Profile - 500 VU, 15 minutes total 1-260
2026-08-16 15:53:42,407 INFO o.a.j.t.JMeterThread: Thread started: Endurance Profile - 500 VU, 15 minutes total 1-259
2026-08-16 15:53:42,647 INFO o.a.j.t.JMeterThread: Thread started: Endurance Profile - 500 VU, 15 minutes total 1-258
2026-08-16 15:53:42,888 INFO o.a.j.t.JMeterThread: Thread started: Endurance Profile - 500 VU, 15 minutes total 1-257
2026-08-16 15:53:43,128 INFO o.a.j.t.JMeterThread: Thread started: Endurance Profile - 500 VU, 15 minutes total 1-256
2026-08-16 15:53:43,368 INFO o.a.j.t.JMeterThread: Thread started: Endurance Profile - 500 VU, 15 minutes total 1-255
2026-08-16 15:53:43,607 INFO o.a.j.t.JMeterThread: Thread started: Endurance Profile - 500 VU, 15 minutes total 1-254
2026-08-16 15:53:43,848 INFO o.a.j.t.JMeterThread: Thread started: Endurance Profile - 500 VU, 15 minutes total 1-253
2026-08-16 15:53:44,087 INFO o.a.j.t.JMeterThread: Thread started: Endurance Profile - 500 VU, 15 minutes total 1-252
2026-08-16 15:53:44,327 INFO o.a.j.t.JMeterThread: Thread started: Endurance Profile - 500 VU, 15 minutes total 1-251
2026-08-16 15:53:44,567 INFO o.a.j.t.JMeterThread: Thread started: Endurance Profile - 500 VU, 15 minutes total 1-250
2026-08-16 15:53:44,808 INFO o.a.j.t.JMeterThread: Thread started: Endurance Profile - 500 VU, 15 minutes total 1-249
2026-08-16 15:53:45,047 INFO o.a.j.t.JMeterThread: Thread started: Endurance Profile - 500 VU, 15 minutes total 1-248
2026-08-16 15:53:45,288 INFO o.a.j.t.JMeterThread: Thread started: Endurance Profile - 500 VU, 15 minutes total 1-247
2026-08-16 15:53:45,527 INFO o.a.j.t.JMeterThread: Thread started: Endurance Profile - 500 VU, 15 minutes total 1-246
2026-08-16 15:53:45,768 INFO o.a.j.t.JMeterThread: Thread started: Endurance Profile - 500 VU, 15 minutes total 1-245
2026-08-16 15:53:46,007 INFO o.a.j.t.JMeterThread: Thread started: Endurance Profile - 500 VU, 15 minutes total 1-244
2026-08-16 15:53:46,247 INFO o.a.j.t.JMeterThread: Thread started: Endurance Profile - 500 VU, 15 minutes total 1-243
2026-08-16 15:53:46,488 INFO o.a.j.t.JMeterThread: Thread started: Endurance Profile - 500 VU, 15 minutes total 1-242
2026-08-16 15:53:46,727 INFO o.a.j.t.JMeterThread: Thread started: Endurance Profile - 500 VU, 15 minutes total 1-241
2026-08-16 15:53:46,967 INFO o.a.j.t.JMeterThread: Thread started: Endurance Profile - 500 VU, 15 minutes total 1-240
2026-08-16 15:53:47,208 INFO o.a.j.t.JMeterThread: Thread started: Endurance Profile - 500 VU, 15 minutes total 1-239
2026-08-16 15:53:47,448 INFO o.a.j.t.JMeterThread: Thread started: Endurance Profile - 500 VU, 15 minutes total 1-238
2026-08-16 15:53:47,688 INFO o.a.j.t.JMeterThread: Thread started: Endurance Profile - 500 VU, 15 minutes total 1-237
2026-08-16 15:53:47,927 INFO o.a.j.t.JMeterThread: Thread started: Endurance Profile - 500 VU, 15 minutes total 1-236
2026-08-16 15:53:48,167 INFO o.a.j.t.JMeterThread: Thread started: Endurance Profile - 500 VU, 15 minutes total 1-235
2026-08-16 15:53:48,407 INFO o.a.j.t.JMeterThread: Thread started: Endurance Profile - 500 VU, 15 minutes total 1-234
2026-08-16 15:53:48,648 INFO o.a.j.t.JMeterThread: Thread started: Endurance Profile - 500 VU, 15 minutes total 1-233
2026-08-16 15:53:48,887 INFO o.a.j.t.JMeterThread: Thread started: Endurance Profile - 500 VU, 15 minutes total 1-232
2026-08-16 15:53:49,127 INFO o.a.j.t.JMeterThread: Thread started: Endurance Profile - 500 VU, 15 minutes total 1-231
2026-08-16 15:53:49,367 INFO o.a.j.t.JMeterThread: Thread started: Endurance Profile - 500 VU, 15 minutes total 1-230
2026-08-16 15:53:49,607 INFO o.a.j.t.JMeterThread: Thread started: Endurance Profile - 500 VU, 15 minutes total 1-229
2026-08-16 15:53:49,848 INFO o.a.j.t.JMeterThread: Thread started: Endurance Profile - 500 VU, 15 minutes total 1-228
2026-08-16 15:53:50,088 INFO o.a.j.t.JMeterThread: Thread started: Endurance Profile - 500 VU, 15 minutes total 1-227
2026-08-16 15:53:50,328 INFO o.a.j.t.JMeterThread: Thread started: Endurance Profile - 500 VU, 15 minutes total 1-226
2026-08-16 15:53:50,567 INFO o.a.j.t.JMeterThread: Thread started: Endurance Profile - 500 VU, 15 minutes total 1-225
2026-08-16 15:53:50,808 INFO o.a.j.t.JMeterThread: Thread started: Endurance Profile - 500 VU, 15 minutes total 1-224
2026-08-16 15:53:51,048 INFO o.a.j.t.JMeterThread: Thread started: Endurance Profile - 500 VU, 15 minutes total 1-223
2026-08-16 15:53:51,287 INFO o.a.j.t.JMeterThread: Thread started: Endurance Profile - 500 VU, 15 minutes total 1-222
2026-08-16 15:53:51,528 INFO o.a.j.t.JMeterThread: Thread started: Endurance Profile - 500 VU, 15 minutes total 1-221
2026-08-16 15:53:51,768 INFO o.a.j.t.JMeterThread: Thread started: Endurance Profile - 500 VU, 15 minutes total 1-220
2026-08-16 15:53:52,009 INFO o.a.j.t.JMeterThread: Thread started: Endurance Profile - 500 VU, 15 minutes total 1-219
2026-08-16 15:53:52,248 INFO o.a.j.t.JMeterThread: Thread started: Endurance Profile - 500 VU, 15 minutes total 1-218
2026-08-16 15:53:52,488 INFO o.a.j.t.JMeterThread: Thread started: Endurance Profile - 500 VU, 15 minutes total 1-217
2026-08-16 15:53:52,728 INFO o.a.j.t.JMeterThread: Thread started: Endurance Profile - 500 VU, 15 minutes total 1-216
2026-08-16 15:53:52,967 INFO o.a.j.t.JMeterThread: Thread started: Endurance Profile - 500 VU, 15 minutes total 1-215
2026-08-16 15:53:53,208 INFO o.a.j.t.JMeterThread: Thread started: Endurance Profile - 500 VU, 15 minutes total 1-214
2026-08-16 15:53:53,448 INFO o.a.j.t.JMeterThread: Thread started: Endurance Profile - 500 VU, 15 minutes total 1-213
2026-08-16 15:53:53,687 INFO o.a.j.t.JMeterThread: Thread started: Endurance Profile - 500 VU, 15 minutes total 1-212
2026-08-16 15:53:53,928 INFO o.a.j.t.JMeterThread: Thread started: Endurance Profile - 500 VU, 15 minutes total 1-211
2026-08-16 15:53:54,168 INFO o.a.j.t.JMeterThread: Thread started: Endurance Profile - 500 VU, 15 minutes total 1-210
2026-08-16 15:53:54,408 INFO o.a.j.t.JMeterThread: Thread started: Endurance Profile - 500 VU, 15 minutes total 1-209
2026-08-16 15:53:54,647 INFO o.a.j.t.JMeterThread: Thread started: Endurance Profile - 500 VU, 15 minutes total 1-208
2026-08-16 15:53:54,887 INFO o.a.j.t.JMeterThread: Thread started: Endurance Profile - 500 VU, 15 minutes total 1-207
2026-08-16 15:53:55,128 INFO o.a.j.t.JMeterThread: Thread started: Endurance Profile - 500 VU, 15 minutes total 1-206
2026-08-16 15:53:55,367 INFO o.a.j.t.JMeterThread: Thread started: Endurance Profile - 500 VU, 15 minutes total 1-205
2026-08-16 15:53:55,608 INFO o.a.j.t.JMeterThread: Thread started: Endurance Profile - 500 VU, 15 minutes total 1-204
2026-08-16 15:53:55,848 INFO o.a.j.t.JMeterThread: Thread started: Endurance Profile - 500 VU, 15 minutes total 1-203
2026-08-16 15:53:56,087 INFO o.a.j.t.JMeterThread: Thread started: Endurance Profile - 500 VU, 15 minutes total 1-202
2026-08-16 15:53:56,327 INFO o.a.j.t.JMeterThread: Thread started: Endurance Profile - 500 VU, 15 minutes total 1-201
2026-08-16 15:53:56,568 INFO o.a.j.t.JMeterThread: Thread started: Endurance Profile - 500 VU, 15 minutes total 1-200
2026-08-16 15:53:56,808 INFO o.a.j.t.JMeterThread: Thread started: Endurance Profile - 500 VU, 15 minutes total 1-199
2026-08-16 15:53:57,047 INFO o.a.j.t.JMeterThread: Thread started: Endurance Profile - 500 VU, 15 minutes total 1-198
2026-08-16 15:53:57,288 INFO o.a.j.t.JMeterThread: Thread started: Endurance Profile - 500 VU, 15 minutes total 1-197
2026-08-16 15:53:57,528 INFO o.a.j.t.JMeterThread: Thread started: Endurance Profile - 500 VU, 15 minutes total 1-196
2026-08-16 15:53:57,767 INFO o.a.j.t.JMeterThread: Thread started: Endurance Profile - 500 VU, 15 minutes total 1-195
2026-08-16 15:53:58,007 INFO o.a.j.t.JMeterThread: Thread started: Endurance Profile - 500 VU, 15 minutes total 1-194
2026-08-16 15:53:58,248 INFO o.a.j.t.JMeterThread: Thread started: Endurance Profile - 500 VU, 15 minutes total 1-193
2026-08-16 15:53:58,488 INFO o.a.j.t.JMeterThread: Thread started: Endurance Profile - 500 VU, 15 minutes total 1-192
2026-08-16 15:53:58,728 INFO o.a.j.t.JMeterThread: Thread started: Endurance Profile - 500 VU, 15 minutes total 1-191
2026-08-16 15:53:58,968 INFO o.a.j.t.JMeterThread: Thread started: Endurance Profile - 500 VU, 15 minutes total 1-190
2026-08-16 15:53:59,208 INFO o.a.j.t.JMeterThread: Thread started: Endurance Profile - 500 VU, 15 minutes total 1-189
2026-08-16 15:53:59,448 INFO o.a.j.t.JMeterThread: Thread started: Endurance Profile - 500 VU, 15 minutes total 1-188
2026-08-16 15:53:59,687 INFO o.a.j.t.JMeterThread: Thread started: Endurance Profile - 500 VU, 15 minutes total 1-187
2026-08-16 15:53:59,927 INFO o.a.j.t.JMeterThread: Thread started: Endurance Profile - 500 VU, 15 minutes total 1-186
2026-08-16 15:54:00,167 INFO o.a.j.t.JMeterThread: Thread started: Endurance Profile - 500 VU, 15 minutes total 1-185
2026-08-16 15:54:00,407 INFO o.a.j.t.JMeterThread: Thread started: Endurance Profile - 500 VU, 15 minutes total 1-184
2026-08-16 15:54:00,647 INFO o.a.j.t.JMeterThread: Thread started: Endurance Profile - 500 VU, 15 minutes total 1-183
2026-08-16 15:54:00,887 INFO o.a.j.t.JMeterThread: Thread started: Endurance Profile - 500 VU, 15 minutes total 1-182
2026-08-16 15:54:01,127 INFO o.a.j.t.JMeterThread: Thread started: Endurance Profile - 500 VU, 15 minutes total 1-181
2026-08-16 15:54:01,367 INFO o.a.j.t.JMeterThread: Thread started: Endurance Profile - 500 VU, 15 minutes total 1-180
2026-08-16 15:54:01,608 INFO o.a.j.t.JMeterThread: Thread started: Endurance Profile - 500 VU, 15 minutes total 1-179
2026-08-16 15:54:01,848 INFO o.a.j.t.JMeterThread: Thread started: Endurance Profile - 500 VU, 15 minutes total 1-178
2026-08-16 15:54:02,089 INFO o.a.j.t.JMeterThread: Thread started: Endurance Profile - 500 VU, 15 minutes total 1-177
2026-08-16 15:54:02,328 INFO o.a.j.t.JMeterThread: Thread started: Endurance Profile - 500 VU, 15 minutes total 1-176
2026-08-16 15:54:02,568 INFO o.a.j.t.JMeterThread: Thread started: Endurance Profile - 500 VU, 15 minutes total 1-175
2026-08-16 15:54:02,808 INFO o.a.j.t.JMeterThread: Thread started: Endurance Profile - 500 VU, 15 minutes total 1-174
2026-08-16 15:54:03,047 INFO o.a.j.t.JMeterThread: Thread started: Endurance Profile - 500 VU, 15 minutes total 1-173
2026-08-16 15:54:03,288 INFO o.a.j.t.JMeterThread: Thread started: Endurance Profile - 500 VU, 15 minutes total 1-172
2026-08-16 15:54:03,528 INFO o.a.j.t.JMeterThread: Thread started: Endurance Profile - 500 VU, 15 minutes total 1-171
2026-08-16 15:54:03,768 INFO o.a.j.t.JMeterThread: Thread started: Endurance Profile - 500 VU, 15 minutes total 1-170
2026-08-16 15:54:04,008 INFO o.a.j.t.JMeterThread: Thread started: Endurance Profile - 500 VU, 15 minutes total 1-169
2026-08-16 15:54:04,248 INFO o.a.j.t.JMeterThread: Thread started: Endurance Profile - 500 VU, 15 minutes total 1-168
2026-08-16 15:54:04,488 INFO o.a.j.t.JMeterThread: Thread started: Endurance Profile - 500 VU, 15 minutes total 1-167
2026-08-16 15:54:04,728 INFO o.a.j.t.JMeterThread: Thread started: Endurance Profile - 500 VU, 15 minutes total 1-166
2026-08-16 15:54:04,967 INFO o.a.j.t.JMeterThread: Thread started: Endurance Profile - 500 VU, 15 minutes total 1-165
2026-08-16 15:54:05,207 INFO o.a.j.t.JMeterThread: Thread started: Endurance Profile - 500 VU, 15 minutes total 1-164
2026-08-16 15:54:05,447 INFO o.a.j.t.JMeterThread: Thread started: Endurance Profile - 500 VU, 15 minutes total 1-163
2026-08-16 15:54:05,687 INFO o.a.j.t.JMeterThread: Thread started: Endurance Profile - 500 VU, 15 minutes total 1-162
2026-08-16 15:54:05,927 INFO o.a.j.t.JMeterThread: Thread started: Endurance Profile - 500 VU, 15 minutes total 1-161
2026-08-16 15:54:06,168 INFO o.a.j.t.JMeterThread: Thread started: Endurance Profile - 500 VU, 15 minutes total 1-160
2026-08-16 15:54:06,408 INFO o.a.j.t.JMeterThread: Thread started: Endurance Profile - 500 VU, 15 minutes total 1-159
2026-08-16 15:54:06,648 INFO o.a.j.t.JMeterThread: Thread started: Endurance Profile - 500 VU, 15 minutes total 1-158
2026-08-16 15:54:06,888 INFO o.a.j.t.JMeterThread: Thread started: Endurance Profile - 500 VU, 15 minutes total 1-157
2026-08-16 15:54:07,128 INFO o.a.j.t.JMeterThread: Thread started: Endurance Profile - 500 VU, 15 minutes total 1-156
2026-08-16 15:54:07,367 INFO o.a.j.t.JMeterThread: Thread started: Endurance Profile - 500 VU, 15 minutes total 1-155
2026-08-16 15:54:07,607 INFO o.a.j.t.JMeterThread: Thread started: Endurance Profile - 500 VU, 15 minutes total 1-154
2026-08-16 15:54:07,847 INFO o.a.j.t.JMeterThread: Thread started: Endurance Profile - 500 VU, 15 minutes total 1-153
2026-08-16 15:54:08,087 INFO o.a.j.t.JMeterThread: Thread started: Endurance Profile - 500 VU, 15 minutes total 1-152
2026-08-16 15:54:08,327 INFO o.a.j.t.JMeterThread: Thread started: Endurance Profile - 500 VU, 15 minutes total 1-151
2026-08-16 15:54:08,568 INFO o.a.j.t.JMeterThread: Thread started: Endurance Profile - 500 VU, 15 minutes total 1-150
2026-08-16 15:54:08,808 INFO o.a.j.t.JMeterThread: Thread started: Endurance Profile - 500 VU, 15 minutes total 1-149
2026-08-16 15:54:09,047 INFO o.a.j.t.JMeterThread: Thread started: Endurance Profile - 500 VU, 15 minutes total 1-148
2026-08-16 15:54:09,287 INFO o.a.j.t.JMeterThread: Thread started: Endurance Profile - 500 VU, 15 minutes total 1-147
2026-08-16 15:54:09,528 INFO o.a.j.t.JMeterThread: Thread started: Endurance Profile - 500 VU, 15 minutes total 1-146
2026-08-16 15:54:09,767 INFO o.a.j.t.JMeterThread: Thread started: Endurance Profile - 500 VU, 15 minutes total 1-145
2026-08-16 15:54:10,007 INFO o.a.j.t.JMeterThread: Thread started: Endurance Profile - 500 VU, 15 minutes total 1-144
2026-08-16 15:54:10,248 INFO o.a.j.t.JMeterThread: Thread started: Endurance Profile - 500 VU, 15 minutes total 1-143
2026-08-16 15:54:10,487 INFO o.a.j.t.JMeterThread: Thread started: Endurance Profile - 500 VU, 15 minutes total 1-142
2026-08-16 15:54:10,727 INFO o.a.j.t.JMeterThread: Thread started: Endurance Profile - 500 VU, 15 minutes total 1-141
2026-08-16 15:54:10,967 INFO o.a.j.t.JMeterThread: Thread started: Endurance Profile - 500 VU, 15 minutes total 1-140
2026-08-16 15:54:11,207 INFO o.a.j.t.JMeterThread: Thread started: Endurance Profile - 500 VU, 15 minutes total 1-139
2026-08-16 15:54:11,448 INFO o.a.j.t.JMeterThread: Thread started: Endurance Profile - 500 VU, 15 minutes total 1-138
2026-08-16 15:54:11,687 INFO o.a.j.t.JMeterThread: Thread started: Endurance Profile - 500 VU, 15 minutes total 1-137
2026-08-16 15:54:11,927 INFO o.a.j.t.JMeterThread: Thread started: Endurance Profile - 500 VU, 15 minutes total 1-136
2026-08-16 15:54:12,168 INFO o.a.j.t.JMeterThread: Thread started: Endurance Profile - 500 VU, 15 minutes total 1-135
2026-08-16 15:54:12,408 INFO o.a.j.t.JMeterThread: Thread started: Endurance Profile - 500 VU, 15 minutes total 1-134
2026-08-16 15:54:12,648 INFO o.a.j.t.JMeterThread: Thread started: Endurance Profile - 500 VU, 15 minutes total 1-133
2026-08-16 15:54:12,888 INFO o.a.j.t.JMeterThread: Thread started: Endurance Profile - 500 VU, 15 minutes total 1-132
2026-08-16 15:54:13,128 INFO o.a.j.t.JMeterThread: Thread started: Endurance Profile - 500 VU, 15 minutes total 1-131
2026-08-16 15:54:13,368 INFO o.a.j.t.JMeterThread: Thread started: Endurance Profile - 500 VU, 15 minutes total 1-130
2026-08-16 15:54:13,608 INFO o.a.j.t.JMeterThread: Thread started: Endurance Profile - 500 VU, 15 minutes total 1-129
2026-08-16 15:54:13,848 INFO o.a.j.t.JMeterThread: Thread started: Endurance Profile - 500 VU, 15 minutes total 1-128
2026-08-16 15:54:14,087 INFO o.a.j.t.JMeterThread: Thread started: Endurance Profile - 500 VU, 15 minutes total 1-127
2026-08-16 15:54:14,328 INFO o.a.j.t.JMeterThread: Thread started: Endurance Profile - 500 VU, 15 minutes total 1-126
2026-08-16 15:54:14,567 INFO o.a.j.t.JMeterThread: Thread started: Endurance Profile - 500 VU, 15 minutes total 1-125
2026-08-16 15:54:14,807 INFO o.a.j.t.JMeterThread: Thread started: Endurance Profile - 500 VU, 15 minutes total 1-124
2026-08-16 15:54:15,047 INFO o.a.j.t.JMeterThread: Thread started: Endurance Profile - 500 VU, 15 minutes total 1-123
2026-08-16 15:54:15,288 INFO o.a.j.t.JMeterThread: Thread started: Endurance Profile - 500 VU, 15 minutes total 1-122
2026-08-16 15:54:15,528 INFO o.a.j.t.JMeterThread: Thread started: Endurance Profile - 500 VU, 15 minutes total 1-121
2026-08-16 15:54:15,767 INFO o.a.j.t.JMeterThread: Thread started: Endurance Profile - 500 VU, 15 minutes total 1-120
2026-08-16 15:54:16,008 INFO o.a.j.t.JMeterThread: Thread started: Endurance Profile - 500 VU, 15 minutes total 1-119
2026-08-16 15:54:16,248 INFO o.a.j.t.JMeterThread: Thread started: Endurance Profile - 500 VU, 15 minutes total 1-118
2026-08-16 15:54:16,488 INFO o.a.j.t.JMeterThread: Thread started: Endurance Profile - 500 VU, 15 minutes total 1-117
2026-08-16 15:54:16,727 INFO o.a.j.t.JMeterThread: Thread started: Endurance Profile - 500 VU, 15 minutes total 1-116
2026-08-16 15:54:16,968 INFO o.a.j.t.JMeterThread: Thread started: Endurance Profile - 500 VU, 15 minutes total 1-115
2026-08-16 15:54:17,208 INFO o.a.j.t.JMeterThread: Thread started: Endurance Profile - 500 VU, 15 minutes total 1-114
2026-08-16 15:54:17,448 INFO o.a.j.t.JMeterThread: Thread started: Endurance Profile - 500 VU, 15 minutes total 1-113
2026-08-16 15:54:17,687 INFO o.a.j.t.JMeterThread: Thread started: Endurance Profile - 500 VU, 15 minutes total 1-112
2026-08-16 15:54:17,928 INFO o.a.j.t.JMeterThread: Thread started: Endurance Profile - 500 VU, 15 minutes total 1-111
2026-08-16 15:54:18,168 INFO o.a.j.t.JMeterThread: Thread started: Endurance Profile - 500 VU, 15 minutes total 1-110
2026-08-16 15:54:18,407 INFO o.a.j.t.JMeterThread: Thread started: Endurance Profile - 500 VU, 15 minutes total 1-109
2026-08-16 15:54:18,648 INFO o.a.j.t.JMeterThread: Thread started: Endurance Profile - 500 VU, 15 minutes total 1-108
2026-08-16 15:54:18,888 INFO o.a.j.t.JMeterThread: Thread started: Endurance Profile - 500 VU, 15 minutes total 1-107
2026-08-16 15:54:19,128 INFO o.a.j.t.JMeterThread: Thread started: Endurance Profile - 500 VU, 15 minutes total 1-106
2026-08-16 15:54:19,367 INFO o.a.j.t.JMeterThread: Thread started: Endurance Profile - 500 VU, 15 minutes total 1-105
2026-08-16 15:54:19,608 INFO o.a.j.t.JMeterThread: Thread started: Endurance Profile - 500 VU, 15 minutes total 1-104
2026-08-16 15:54:19,847 INFO o.a.j.t.JMeterThread: Thread started: Endurance Profile - 500 VU, 15 minutes total 1-103
2026-08-16 15:54:20,087 INFO o.a.j.t.JMeterThread: Thread started: Endurance Profile - 500 VU, 15 minutes total 1-102
2026-08-16 15:54:20,327 INFO o.a.j.t.JMeterThread: Thread started: Endurance Profile - 500 VU, 15 minutes total 1-101
2026-08-16 15:54:20,568 INFO o.a.j.t.JMeterThread: Thread started: Endurance Profile - 500 VU, 15 minutes total 1-100
2026-08-16 15:54:20,808 INFO o.a.j.t.JMeterThread: Thread started: Endurance Profile - 500 VU, 15 minutes total 1-99
2026-08-16 15:54:21,047 INFO o.a.j.t.JMeterThread: Thread started: Endurance Profile - 500 VU, 15 minutes total 1-98
2026-08-16 15:54:21,288 INFO o.a.j.t.JMeterThread: Thread started: Endurance Profile - 500 VU, 15 minutes total 1-97
2026-08-16 15:54:21,528 INFO o.a.j.t.JMeterThread: Thread started: Endurance Profile - 500 VU, 15 minutes total 1-96
2026-08-16 15:54:21,768 INFO o.a.j.t.JMeterThread: Thread started: Endurance Profile - 500 VU, 15 minutes total 1-95
2026-08-16 15:54:22,008 INFO o.a.j.t.JMeterThread: Thread started: Endurance Profile - 500 VU, 15 minutes total 1-94
2026-08-16 15:54:22,247 INFO o.a.j.t.JMeterThread: Thread started: Endurance Profile - 500 VU, 15 minutes total 1-93
2026-08-16 15:54:22,487 INFO o.a.j.t.JMeterThread: Thread started: Endurance Profile - 500 VU, 15 minutes total 1-92
2026-08-16 15:54:22,728 INFO o.a.j.t.JMeterThread: Thread started: Endurance Profile - 500 VU, 15 minutes total 1-91
2026-08-16 15:54:22,967 INFO o.a.j.t.JMeterThread: Thread started: Endurance Profile - 500 VU, 15 minutes total 1-90
2026-08-16 15:54:23,207 INFO o.a.j.t.JMeterThread: Thread started: Endurance Profile - 500 VU, 15 minutes total 1-89
2026-08-16 15:54:23,448 INFO o.a.j.t.JMeterThread: Thread started: Endurance Profile - 500 VU, 15 minutes total 1-88
2026-08-16 15:54:23,688 INFO o.a.j.t.JMeterThread: Thread started: Endurance Profile - 500 VU, 15 minutes total 1-87
2026-08-16 15:54:23,927 INFO o.a.j.t.JMeterThread: Thread started: Endurance Profile - 500 VU, 15 minutes total 1-86
2026-08-16 15:54:24,168 INFO o.a.j.t.JMeterThread: Thread started: Endurance Profile - 500 VU, 15 minutes total 1-85
2026-08-16 15:54:24,408 INFO o.a.j.t.JMeterThread: Thread started: Endurance Profile - 500 VU, 15 minutes total 1-84
2026-08-16 15:54:24,648 INFO o.a.j.t.JMeterThread: Thread started: Endurance Profile - 500 VU, 15 minutes total 1-83
2026-08-16 15:54:24,888 INFO o.a.j.t.JMeterThread: Thread started: Endurance Profile - 500 VU, 15 minutes total 1-82
2026-08-16 15:54:25,127 INFO o.a.j.t.JMeterThread: Thread started: Endurance Profile - 500 VU, 15 minutes total 1-81
2026-08-16 15:54:25,368 INFO o.a.j.t.JMeterThread: Thread started: Endurance Profile - 500 VU, 15 minutes total 1-80
2026-08-16 15:54:25,607 INFO o.a.j.t.JMeterThread: Thread started: Endurance Profile - 500 VU, 15 minutes total 1-79
2026-08-16 15:54:25,847 INFO o.a.j.t.JMeterThread: Thread started: Endurance Profile - 500 VU, 15 minutes total 1-78
2026-08-16 15:54:26,087 INFO o.a.j.t.JMeterThread: Thread started: Endurance Profile - 500 VU, 15 minutes total 1-77
2026-08-16 15:54:26,327 INFO o.a.j.t.JMeterThread: Thread started: Endurance Profile - 500 VU, 15 minutes total 1-76
2026-08-16 15:54:26,567 INFO o.a.j.t.JMeterThread: Thread started: Endurance Profile - 500 VU, 15 minutes total 1-75
2026-08-16 15:54:26,808 INFO o.a.j.t.JMeterThread: Thread started: Endurance Profile - 500 VU, 15 minutes total 1-74
2026-08-16 15:54:27,048 INFO o.a.j.t.JMeterThread: Thread started: Endurance Profile - 500 VU, 15 minutes total 1-73
2026-08-16 15:54:27,288 INFO o.a.j.t.JMeterThread: Thread started: Endurance Profile - 500 VU, 15 minutes total 1-72
2026-08-16 15:54:27,528 INFO o.a.j.t.JMeterThread: Thread started: Endurance Profile - 500 VU, 15 minutes total 1-71
2026-08-16 15:54:27,768 INFO o.a.j.t.JMeterThread: Thread started: Endurance Profile - 500 VU, 15 minutes total 1-70
2026-08-16 15:54:28,007 INFO o.a.j.t.JMeterThread: Thread started: Endurance Profile - 500 VU, 15 minutes total 1-69
2026-08-16 15:54:28,248 INFO o.a.j.t.JMeterThread: Thread started: Endurance Profile - 500 VU, 15 minutes total 1-68
2026-08-16 15:54:28,488 INFO o.a.j.t.JMeterThread: Thread started: Endurance Profile - 500 VU, 15 minutes total 1-67
2026-08-16 15:54:28,728 INFO o.a.j.t.JMeterThread: Thread started: Endurance Profile - 500 VU, 15 minutes total 1-66
2026-08-16 15:54:28,968 INFO o.a.j.t.JMeterThread: Thread started: Endurance Profile - 500 VU, 15 minutes total 1-65
2026-08-16 15:54:29,208 INFO o.a.j.t.JMeterThread: Thread started: Endurance Profile - 500 VU, 15 minutes total 1-64
2026-08-16 15:54:29,447 INFO o.a.j.t.JMeterThread: Thread started: Endurance Profile - 500 VU, 15 minutes total 1-63
2026-08-16 15:54:29,688 INFO o.a.j.t.JMeterThread: Thread started: Endurance Profile - 500 VU, 15 minutes total 1-62
2026-08-16 15:54:29,927 INFO o.a.j.t.JMeterThread: Thread started: Endurance Profile - 500 VU, 15 minutes total 1-61
2026-08-16 15:54:30,168 INFO o.a.j.t.JMeterThread: Thread started: Endurance Profile - 500 VU, 15 minutes total 1-60
2026-08-16 15:54:30,407 INFO o.a.j.t.JMeterThread: Thread started: Endurance Profile - 500 VU, 15 minutes total 1-59
2026-08-16 15:54:30,648 INFO o.a.j.t.JMeterThread: Thread started: Endurance Profile - 500 VU, 15 minutes total 1-58
2026-08-16 15:54:30,887 INFO o.a.j.t.JMeterThread: Thread started: Endurance Profile - 500 VU, 15 minutes total 1-57
2026-08-16 15:54:31,127 INFO o.a.j.t.JMeterThread: Thread started: Endurance Profile - 500 VU, 15 minutes total 1-56
2026-08-16 15:54:31,367 INFO o.a.j.t.JMeterThread: Thread started: Endurance Profile - 500 VU, 15 minutes total 1-55
2026-08-16 15:54:31,607 INFO o.a.j.t.JMeterThread: Thread started: Endurance Profile - 500 VU, 15 minutes total 1-54
2026-08-16 15:54:31,848 INFO o.a.j.t.JMeterThread: Thread started: Endurance Profile - 500 VU, 15 minutes total 1-53
2026-08-16 15:54:32,088 INFO o.a.j.t.JMeterThread: Thread started: Endurance Profile - 500 VU, 15 minutes total 1-52
2026-08-16 15:54:32,328 INFO o.a.j.t.JMeterThread: Thread started: Endurance Profile - 500 VU, 15 minutes total 1-51
2026-08-16 15:54:32,568 INFO o.a.j.t.JMeterThread: Thread started: Endurance Profile - 500 VU, 15 minutes total 1-50
2026-08-16 15:54:32,808 INFO o.a.j.t.JMeterThread: Thread started: Endurance Profile - 500 VU, 15 minutes total 1-49
2026-08-16 15:54:33,048 INFO o.a.j.t.JMeterThread: Thread started: Endurance Profile - 500 VU, 15 minutes total 1-48
2026-08-16 15:54:33,297 INFO o.a.j.t.JMeterThread: Thread started: Endurance Profile - 500 VU, 15 minutes total 1-47
2026-08-16 15:54:33,534 INFO o.a.j.t.JMeterThread: Thread started: Endurance Profile - 500 VU, 15 minutes total 1-46
2026-08-16 15:54:33,772 INFO o.a.j.t.JMeterThread: Thread started: Endurance Profile - 500 VU, 15 minutes total 1-45
2026-08-16 15:54:34,011 INFO o.a.j.t.JMeterThread: Thread started: Endurance Profile - 500 VU, 15 minutes total 1-44
2026-08-16 15:54:34,250 INFO o.a.j.t.JMeterThread: Thread started: Endurance Profile - 500 VU, 15 minutes total 1-43
2026-08-16 15:54:34,489 INFO o.a.j.t.JMeterThread: Thread started: Endurance Profile - 500 VU, 15 minutes total 1-42
2026-08-16 15:54:34,729 INFO o.a.j.t.JMeterThread: Thread started: Endurance Profile - 500 VU, 15 minutes total 1-41
2026-08-16 15:54:34,967 INFO o.a.j.t.JMeterThread: Thread started: Endurance Profile - 500 VU, 15 minutes total 1-40
2026-08-16 15:54:35,207 INFO o.a.j.t.JMeterThread: Thread started: Endurance Profile - 500 VU, 15 minutes total 1-39
2026-08-16 15:54:35,461 INFO o.a.j.t.JMeterThread: Thread started: Endurance Profile - 500 VU, 15 minutes total 1-38
2026-08-16 15:54:35,700 INFO o.a.j.t.JMeterThread: Thread started: Endurance Profile - 500 VU, 15 minutes total 1-37
2026-08-16 15:54:35,938 INFO o.a.j.t.JMeterThread: Thread started: Endurance Profile - 500 VU, 15 minutes total 1-36
2026-08-16 15:54:36,176 INFO o.a.j.t.JMeterThread: Thread started: Endurance Profile - 500 VU, 15 minutes total 1-35
2026-08-16 15:54:36,414 INFO o.a.j.t.JMeterThread: Thread started: Endurance Profile - 500 VU, 15 minutes total 1-34
2026-08-16 15:54:36,651 INFO o.a.j.t.JMeterThread: Thread started: Endurance Profile - 500 VU, 15 minutes total 1-33
2026-08-16 15:54:36,890 INFO o.a.j.t.JMeterThread: Thread started: Endurance Profile - 500 VU, 15 minutes total 1-32
2026-08-16 15:54:37,128 INFO o.a.j.t.JMeterThread: Thread started: Endurance Profile - 500 VU, 15 minutes total 1-31
2026-08-16 15:54:37,383 INFO o.a.j.t.JMeterThread: Thread started: Endurance Profile - 500 VU, 15 minutes total 1-30
2026-08-16 15:54:37,620 INFO o.a.j.t.JMeterThread: Thread started: Endurance Profile - 500 VU, 15 minutes total 1-29
2026-08-16 15:54:37,859 INFO o.a.j.t.JMeterThread: Thread started: Endurance Profile - 500 VU, 15 minutes total 1-28
2026-08-16 15:54:38,096 INFO o.a.j.t.JMeterThread: Thread started: Endurance Profile - 500 VU, 15 minutes total 1-27
2026-08-16 15:54:38,329 INFO o.a.j.t.JMeterThread: Thread started: Endurance Profile - 500 VU, 15 minutes total 1-26
2026-08-16 15:54:38,568 INFO o.a.j.t.JMeterThread: Thread started: Endurance Profile - 500 VU, 15 minutes total 1-25
2026-08-16 15:54:38,808 INFO o.a.j.t.JMeterThread: Thread started: Endurance Profile - 500 VU, 15 minutes total 1-24
2026-08-16 15:54:39,048 INFO o.a.j.t.JMeterThread: Thread started: Endurance Profile - 500 VU, 15 minutes total 1-23
2026-08-16 15:54:39,288 INFO o.a.j.t.JMeterThread: Thread started: Endurance Profile - 500 VU, 15 minutes total 1-22
2026-08-16 15:54:39,527 INFO o.a.j.t.JMeterThread: Thread started: Endurance Profile - 500 VU, 15 minutes total 1-21
2026-08-16 15:54:39,767 INFO o.a.j.t.JMeterThread: Thread started: Endurance Profile - 500 VU, 15 minutes total 1-20
2026-08-16 15:54:40,008 INFO o.a.j.t.JMeterThread: Thread started: Endurance Profile - 500 VU, 15 minutes total 1-19
2026-08-16 15:54:40,248 INFO o.a.j.t.JMeterThread: Thread started: Endurance Profile - 500 VU, 15 minutes total 1-18
2026-08-16 15:54:40,487 INFO o.a.j.t.JMeterThread: Thread started: Endurance Profile - 500 VU, 15 minutes total 1-17
2026-08-16 15:54:40,727 INFO o.a.j.t.JMeterThread: Thread started: Endurance Profile - 500 VU, 15 minutes total 1-16
2026-08-16 15:54:40,967 INFO o.a.j.t.JMeterThread: Thread started: Endurance Profile - 500 VU, 15 minutes total 1-15
2026-08-16 15:54:41,208 INFO o.a.j.t.JMeterThread: Thread started: Endurance Profile - 500 VU, 15 minutes total 1-14
2026-08-16 15:54:41,447 INFO o.a.j.t.JMeterThread: Thread started: Endurance Profile - 500 VU, 15 minutes total 1-13
2026-08-16 15:54:41,687 INFO o.a.j.t.JMeterThread: Thread started: Endurance Profile - 500 VU, 15 minutes total 1-12
2026-08-16 15:54:41,928 INFO o.a.j.t.JMeterThread: Thread started: Endurance Profile - 500 VU, 15 minutes total 1-11
2026-08-16 15:54:42,167 INFO o.a.j.t.JMeterThread: Thread started: Endurance Profile - 500 VU, 15 minutes total 1-10
2026-08-16 15:54:42,407 INFO o.a.j.t.JMeterThread: Thread started: Endurance Profile - 500 VU, 15 minutes total 1-9
2026-08-16 15:54:42,647 INFO o.a.j.t.JMeterThread: Thread started: Endurance Profile - 500 VU, 15 minutes total 1-8
2026-08-16 15:54:42,887 INFO o.a.j.t.JMeterThread: Thread started: Endurance Profile - 500 VU, 15 minutes total 1-7
2026-08-16 15:54:43,127 INFO o.a.j.t.JMeterThread: Thread started: Endurance Profile - 500 VU, 15 minutes total 1-6
2026-08-16 15:54:43,368 INFO o.a.j.t.JMeterThread: Thread started: Endurance Profile - 500 VU, 15 minutes total 1-5
2026-08-16 15:54:43,608 INFO o.a.j.t.JMeterThread: Thread started: Endurance Profile - 500 VU, 15 minutes total 1-4
2026-08-16 15:54:43,847 INFO o.a.j.t.JMeterThread: Thread started: Endurance Profile - 500 VU, 15 minutes total 1-3
2026-08-16 15:54:44,088 INFO o.a.j.t.JMeterThread: Thread started: Endurance Profile - 500 VU, 15 minutes total 1-2
2026-08-16 15:54:44,328 INFO o.a.j.t.JMeterThread: Thread started: Endurance Profile - 500 VU, 15 minutes total 1-1
2026-08-16 16:06:42,796 INFO o.a.j.t.JMeterThread: Thread finished: Endurance Profile - 500 VU, 15 minutes total 1-498
2026-08-16 16:06:43,440 INFO o.a.j.t.JMeterThread: Thread finished: Endurance Profile - 500 VU, 15 minutes total 1-494
2026-08-16 16:06:43,510 INFO o.a.j.t.JMeterThread: Thread finished: Endurance Profile - 500 VU, 15 minutes total 1-491
2026-08-16 16:06:43,590 INFO o.a.j.t.JMeterThread: Thread finished: Endurance Profile - 500 VU, 15 minutes total 1-500
2026-08-16 16:06:43,631 INFO o.a.j.t.JMeterThread: Thread finished: Endurance Profile - 500 VU, 15 minutes total 1-499
2026-08-16 16:06:43,950 INFO o.a.j.t.JMeterThread: Thread finished: Endurance Profile - 500 VU, 15 minutes total 1-484
2026-08-16 16:06:44,233 INFO o.a.j.t.JMeterThread: Thread finished: Endurance Profile - 500 VU, 15 minutes total 1-497
2026-08-16 16:06:44,357 INFO o.a.j.t.JMeterThread: Thread finished: Endurance Profile - 500 VU, 15 minutes total 1-496
2026-08-16 16:06:44,492 INFO o.a.j.t.JMeterThread: Thread finished: Endurance Profile - 500 VU, 15 minutes total 1-489
2026-08-16 16:06:44,532 INFO o.a.j.t.JMeterThread: Thread finished: Endurance Profile - 500 VU, 15 minutes total 1-480
2026-08-16 16:06:44,706 INFO o.a.j.t.JMeterThread: Thread finished: Endurance Profile - 500 VU, 15 minutes total 1-488
2026-08-16 16:06:44,729 INFO o.a.j.t.JMeterThread: Thread finished: Endurance Profile - 500 VU, 15 minutes total 1-495
2026-08-16 16:06:44,866 INFO o.a.j.t.JMeterThread: Thread finished: Endurance Profile - 500 VU, 15 minutes total 1-485
2026-08-16 16:06:45,083 INFO o.a.j.t.JMeterThread: Thread finished: Endurance Profile - 500 VU, 15 minutes total 1-492
2026-08-16 16:06:45,092 INFO o.a.j.t.JMeterThread: Thread finished: Endurance Profile - 500 VU, 15 minutes total 1-490
2026-08-16 16:06:45,166 INFO o.a.j.t.JMeterThread: Thread finished: Endurance Profile - 500 VU, 15 minutes total 1-483
2026-08-16 16:06:45,208 INFO o.a.j.t.JMeterThread: Thread finished: Endurance Profile - 500 VU, 15 minutes total 1-493
2026-08-16 16:06:45,252 INFO o.a.j.t.JMeterThread: Thread finished: Endurance Profile - 500 VU, 15 minutes total 1-486
2026-08-16 16:06:45,746 INFO o.a.j.t.JMeterThread: Thread finished: Endurance Profile - 500 VU, 15 minutes total 1-481
2026-08-16 16:06:45,749 INFO o.a.j.t.JMeterThread: Thread finished: Endurance Profile - 500 VU, 15 minutes total 1-476
2026-08-16 16:06:45,777 INFO o.a.j.t.JMeterThread: Thread finished: Endurance Profile - 500 VU, 15 minutes total 1-487
2026-08-16 16:06:45,805 INFO o.a.j.t.JMeterThread: Thread finished: Endurance Profile - 500 VU, 15 minutes total 1-465
2026-08-16 16:06:45,950 INFO o.a.j.t.JMeterThread: Thread finished: Endurance Profile - 500 VU, 15 minutes total 1-479
2026-08-16 16:06:45,954 INFO o.a.j.t.JMeterThread: Thread finished: Endurance Profile - 500 VU, 15 minutes total 1-475
2026-08-16 16:06:46,251 INFO o.a.j.t.JMeterThread: Thread finished: Endurance Profile - 500 VU, 15 minutes total 1-471
2026-08-16 16:06:46,377 INFO o.a.j.t.JMeterThread: Thread finished: Endurance Profile - 500 VU, 15 minutes total 1-474
2026-08-16 16:06:46,495 INFO o.a.j.t.JMeterThread: Thread finished: Endurance Profile - 500 VU, 15 minutes total 1-482
2026-08-16 16:06:46,690 INFO o.a.j.t.JMeterThread: Thread finished: Endurance Profile - 500 VU, 15 minutes total 1-472
2026-08-16 16:06:46,790 INFO o.a.j.t.JMeterThread: Thread finished: Endurance Profile - 500 VU, 15 minutes total 1-458
2026-08-16 16:06:46,791 INFO o.a.j.t.JMeterThread: Thread finished: Endurance Profile - 500 VU, 15 minutes total 1-464
2026-08-16 16:06:46,857 INFO o.a.j.t.JMeterThread: Thread finished: Endurance Profile - 500 VU, 15 minutes total 1-477
2026-08-16 16:06:46,997 INFO o.a.j.t.JMeterThread: Thread finished: Endurance Profile - 500 VU, 15 minutes total 1-478
2026-08-16 16:06:47,192 INFO o.a.j.t.JMeterThread: Thread finished: Endurance Profile - 500 VU, 15 minutes total 1-467
2026-08-16 16:06:47,374 INFO o.a.j.t.JMeterThread: Thread finished: Endurance Profile - 500 VU, 15 minutes total 1-463
2026-08-16 16:06:47,422 INFO o.a.j.t.JMeterThread: Thread finished: Endurance Profile - 500 VU, 15 minutes total 1-473
2026-08-16 16:06:47,435 INFO o.a.j.t.JMeterThread: Thread finished: Endurance Profile - 500 VU, 15 minutes total 1-460
2026-08-16 16:06:47,542 INFO o.a.j.t.JMeterThread: Thread finished: Endurance Profile - 500 VU, 15 minutes total 1-468
2026-08-16 16:06:47,629 INFO o.a.j.t.JMeterThread: Thread finished: Endurance Profile - 500 VU, 15 minutes total 1-461
2026-08-16 16:06:47,712 INFO o.a.j.t.JMeterThread: Thread finished: Endurance Profile - 500 VU, 15 minutes total 1-459
2026-08-16 16:06:47,908 INFO o.a.j.t.JMeterThread: Thread finished: Endurance Profile - 500 VU, 15 minutes total 1-470
2026-08-16 16:06:47,974 INFO o.a.j.t.JMeterThread: Thread finished: Endurance Profile - 500 VU, 15 minutes total 1-469
2026-08-16 16:06:48,448 INFO o.a.j.t.JMeterThread: Thread finished: Endurance Profile - 500 VU, 15 minutes total 1-466
2026-08-16 16:06:48,867 INFO o.a.j.t.JMeterThread: Thread finished: Endurance Profile - 500 VU, 15 minutes total 1-462
2026-08-16 16:06:48,926 INFO o.a.j.t.JMeterThread: Thread finished: Endurance Profile - 500 VU, 15 minutes total 1-456
2026-08-16 16:06:48,996 INFO o.a.j.t.JMeterThread: Thread finished: Endurance Profile - 500 VU, 15 minutes total 1-448
2026-08-16 16:06:49,083 INFO o.a.j.t.JMeterThread: Thread finished: Endurance Profile - 500 VU, 15 minutes total 1-457
2026-08-16 16:06:49,166 INFO o.a.j.t.JMeterThread: Thread finished: Endurance Profile - 500 VU, 15 minutes total 1-450
2026-08-16 16:06:49,171 INFO o.a.j.t.JMeterThread: Thread finished: Endurance Profile - 500 VU, 15 minutes total 1-455
2026-08-16 16:06:49,200 INFO o.a.j.t.JMeterThread: Thread finished: Endurance Profile - 500 VU, 15 minutes total 1-445
2026-08-16 16:06:49,217 INFO o.a.j.t.JMeterThread: Thread finished: Endurance Profile - 500 VU, 15 minutes total 1-442
2026-08-16 16:06:49,250 INFO o.a.j.t.JMeterThread: Thread finished: Endurance Profile - 500 VU, 15 minutes total 1-449
2026-08-16 16:06:49,397 INFO o.a.j.t.JMeterThread: Thread finished: Endurance Profile - 500 VU, 15 minutes total 1-453
2026-08-16 16:06:49,634 INFO o.a.j.t.JMeterThread: Thread finished: Endurance Profile - 500 VU, 15 minutes total 1-446
2026-08-16 16:06:49,635 INFO o.a.j.t.JMeterThread: Thread finished: Endurance Profile - 500 VU, 15 minutes total 1-452
2026-08-16 16:06:49,790 INFO o.a.j.t.JMeterThread: Thread finished: Endurance Profile - 500 VU, 15 minutes total 1-454
2026-08-16 16:06:50,020 INFO o.a.j.t.JMeterThread: Thread finished: Endurance Profile - 500 VU, 15 minutes total 1-439
2026-08-16 16:06:50,298 INFO o.a.j.t.JMeterThread: Thread finished: Endurance Profile - 500 VU, 15 minutes total 1-451
2026-08-16 16:06:50,405 INFO o.a.j.t.JMeterThread: Thread finished: Endurance Profile - 500 VU, 15 minutes total 1-430
2026-08-16 16:06:50,483 INFO o.a.j.t.JMeterThread: Thread finished: Endurance Profile - 500 VU, 15 minutes total 1-447
2026-08-16 16:06:50,485 INFO o.a.j.t.JMeterThread: Thread finished: Endurance Profile - 500 VU, 15 minutes total 1-434
2026-08-16 16:06:50,860 INFO o.a.j.t.JMeterThread: Thread finished: Endurance Profile - 500 VU, 15 minutes total 1-435
2026-08-16 16:06:50,998 INFO o.a.j.t.JMeterThread: Thread finished: Endurance Profile - 500 VU, 15 minutes total 1-441
2026-08-16 16:06:51,070 INFO o.a.j.t.JMeterThread: Thread finished: Endurance Profile - 500 VU, 15 minutes total 1-444
2026-08-16 16:06:51,071 INFO o.a.j.t.JMeterThread: Thread finished: Endurance Profile - 500 VU, 15 minutes total 1-436
2026-08-16 16:06:51,168 INFO o.a.j.t.JMeterThread: Thread finished: Endurance Profile - 500 VU, 15 minutes total 1-443
2026-08-16 16:06:51,170 INFO o.a.j.t.JMeterThread: Thread finished: Endurance Profile - 500 VU, 15 minutes total 1-440
2026-08-16 16:06:51,215 INFO o.a.j.t.JMeterThread: Thread finished: Endurance Profile - 500 VU, 15 minutes total 1-427
2026-08-16 16:06:51,268 INFO o.a.j.t.JMeterThread: Thread finished: Endurance Profile - 500 VU, 15 minutes total 1-431
2026-08-16 16:06:51,461 INFO o.a.j.t.JMeterThread: Thread finished: Endurance Profile - 500 VU, 15 minutes total 1-438
2026-08-16 16:06:51,600 INFO o.a.j.t.JMeterThread: Thread finished: Endurance Profile - 500 VU, 15 minutes total 1-437
2026-08-16 16:06:51,845 INFO o.a.j.t.JMeterThread: Thread finished: Endurance Profile - 500 VU, 15 minutes total 1-422
2026-08-16 16:06:51,865 INFO o.a.j.t.JMeterThread: Thread finished: Endurance Profile - 500 VU, 15 minutes total 1-429
2026-08-16 16:06:51,984 INFO o.a.j.t.JMeterThread: Thread finished: Endurance Profile - 500 VU, 15 minutes total 1-417
2026-08-16 16:06:52,100 INFO o.a.j.t.JMeterThread: Thread finished: Endurance Profile - 500 VU, 15 minutes total 1-432
2026-08-16 16:06:52,149 INFO o.a.j.t.JMeterThread: Thread finished: Endurance Profile - 500 VU, 15 minutes total 1-433
2026-08-16 16:06:52,370 INFO o.a.j.t.JMeterThread: Thread finished: Endurance Profile - 500 VU, 15 minutes total 1-426
2026-08-16 16:06:52,546 INFO o.a.j.t.JMeterThread: Thread finished: Endurance Profile - 500 VU, 15 minutes total 1-421
2026-08-16 16:06:52,634 INFO o.a.j.t.JMeterThread: Thread finished: Endurance Profile - 500 VU, 15 minutes total 1-420
2026-08-16 16:06:52,687 INFO o.a.j.t.JMeterThread: Thread finished: Endurance Profile - 500 VU, 15 minutes total 1-423
2026-08-16 16:06:53,068 INFO o.a.j.t.JMeterThread: Thread finished: Endurance Profile - 500 VU, 15 minutes total 1-428
2026-08-16 16:06:53,081 INFO o.a.j.t.JMeterThread: Thread finished: Endurance Profile - 500 VU, 15 minutes total 1-425
2026-08-16 16:06:53,203 INFO o.a.j.t.JMeterThread: Thread finished: Endurance Profile - 500 VU, 15 minutes total 1-419
2026-08-16 16:06:53,417 INFO o.a.j.t.JMeterThread: Thread finished: Endurance Profile - 500 VU, 15 minutes total 1-418
2026-08-16 16:06:53,418 INFO o.a.j.t.JMeterThread: Thread finished: Endurance Profile - 500 VU, 15 minutes total 1-415
2026-08-16 16:06:53,478 INFO o.a.j.t.JMeterThread: Thread finished: Endurance Profile - 500 VU, 15 minutes total 1-424
2026-08-16 16:06:53,593 INFO o.a.j.t.JMeterThread: Thread finished: Endurance Profile - 500 VU, 15 minutes total 1-409
2026-08-16 16:06:53,730 INFO o.a.j.t.JMeterThread: Thread finished: Endurance Profile - 500 VU, 15 minutes total 1-408
2026-08-16 16:06:53,846 INFO o.a.j.t.JMeterThread: Thread finished: Endurance Profile - 500 VU, 15 minutes total 1-401
2026-08-16 16:06:53,890 INFO o.a.j.t.JMeterThread: Thread finished: Endurance Profile - 500 VU, 15 minutes total 1-412
2026-08-16 16:06:54,022 INFO o.a.j.t.JMeterThread: Thread finished: Endurance Profile - 500 VU, 15 minutes total 1-414
2026-08-16 16:06:54,028 INFO o.a.j.t.JMeterThread: Thread finished: Endurance Profile - 500 VU, 15 minutes total 1-416
2026-08-16 16:06:54,205 INFO o.a.j.t.JMeterThread: Thread finished: Endurance Profile - 500 VU, 15 minutes total 1-413
2026-08-16 16:06:54,432 INFO o.a.j.t.JMeterThread: Thread finished: Endurance Profile - 500 VU, 15 minutes total 1-406
2026-08-16 16:06:54,515 INFO o.a.j.t.JMeterThread: Thread finished: Endurance Profile - 500 VU, 15 minutes total 1-405
2026-08-16 16:06:54,644 INFO o.a.j.t.JMeterThread: Thread finished: Endurance Profile - 500 VU, 15 minutes total 1-396
2026-08-16 16:06:54,722 INFO o.a.j.t.JMeterThread: Thread finished: Endurance Profile - 500 VU, 15 minutes total 1-395
2026-08-16 16:06:54,872 INFO o.a.j.t.JMeterThread: Thread finished: Endurance Profile - 500 VU, 15 minutes total 1-410
2026-08-16 16:06:54,990 INFO o.a.j.t.JMeterThread: Thread finished: Endurance Profile - 500 VU, 15 minutes total 1-399
2026-08-16 16:06:55,048 INFO o.a.j.t.JMeterThread: Thread finished: Endurance Profile - 500 VU, 15 minutes total 1-411
2026-08-16 16:06:55,127 INFO o.a.j.t.JMeterThread: Thread finished: Endurance Profile - 500 VU, 15 minutes total 1-404
2026-08-16 16:06:55,529 INFO o.a.j.t.JMeterThread: Thread finished: Endurance Profile - 500 VU, 15 minutes total 1-403
2026-08-16 16:06:55,596 INFO o.a.j.t.JMeterThread: Thread finished: Endurance Profile - 500 VU, 15 minutes total 1-407
2026-08-16 16:06:55,630 INFO o.a.j.t.JMeterThread: Thread finished: Endurance Profile - 500 VU, 15 minutes total 1-402
2026-08-16 16:06:55,635 INFO o.a.j.t.JMeterThread: Thread finished: Endurance Profile - 500 VU, 15 minutes total 1-400
2026-08-16 16:06:55,753 INFO o.a.j.t.JMeterThread: Thread finished: Endurance Profile - 500 VU, 15 minutes total 1-397
2026-08-16 16:06:56,084 INFO o.a.j.t.JMeterThread: Thread finished: Endurance Profile - 500 VU, 15 minutes total 1-398
2026-08-16 16:06:56,253 INFO o.a.j.t.JMeterThread: Thread finished: Endurance Profile - 500 VU, 15 minutes total 1-387
2026-08-16 16:06:56,318 INFO o.a.j.t.JMeterThread: Thread finished: Endurance Profile - 500 VU, 15 minutes total 1-388
2026-08-16 16:06:56,445 INFO o.a.j.t.JMeterThread: Thread finished: Endurance Profile - 500 VU, 15 minutes total 1-394
2026-08-16 16:06:56,447 INFO o.a.j.t.JMeterThread: Thread finished: Endurance Profile - 500 VU, 15 minutes total 1-389
2026-08-16 16:06:56,601 INFO o.a.j.t.JMeterThread: Thread finished: Endurance Profile - 500 VU, 15 minutes total 1-390
2026-08-16 16:06:56,687 INFO o.a.j.t.JMeterThread: Thread finished: Endurance Profile - 500 VU, 15 minutes total 1-393
2026-08-16 16:06:57,021 INFO o.a.j.t.JMeterThread: Thread finished: Endurance Profile - 500 VU, 15 minutes total 1-391
2026-08-16 16:06:57,119 INFO o.a.j.t.JMeterThread: Thread finished: Endurance Profile - 500 VU, 15 minutes total 1-392
2026-08-16 16:06:57,194 INFO o.a.j.t.JMeterThread: Thread finished: Endurance Profile - 500 VU, 15 minutes total 1-384
2026-08-16 16:06:57,202 INFO o.a.j.t.JMeterThread: Thread finished: Endurance Profile - 500 VU, 15 minutes total 1-385
2026-08-16 16:06:57,235 INFO o.a.j.t.JMeterThread: Thread finished: Endurance Profile - 500 VU, 15 minutes total 1-386
2026-08-16 16:06:57,671 INFO o.a.j.t.JMeterThread: Thread finished: Endurance Profile - 500 VU, 15 minutes total 1-375
2026-08-16 16:06:57,688 INFO o.a.j.t.JMeterThread: Thread finished: Endurance Profile - 500 VU, 15 minutes total 1-377
2026-08-16 16:06:57,849 INFO o.a.j.t.JMeterThread: Thread finished: Endurance Profile - 500 VU, 15 minutes total 1-379
2026-08-16 16:06:57,916 INFO o.a.j.t.JMeterThread: Thread finished: Endurance Profile - 500 VU, 15 minutes total 1-374
2026-08-16 16:06:58,110 INFO o.a.j.t.JMeterThread: Thread finished: Endurance Profile - 500 VU, 15 minutes total 1-380
2026-08-16 16:06:58,369 INFO o.a.j.t.JMeterThread: Thread finished: Endurance Profile - 500 VU, 15 minutes total 1-383
2026-08-16 16:06:58,409 INFO o.a.j.t.JMeterThread: Thread finished: Endurance Profile - 500 VU, 15 minutes total 1-381
2026-08-16 16:06:58,410 INFO o.a.j.t.JMeterThread: Thread finished: Endurance Profile - 500 VU, 15 minutes total 1-376
2026-08-16 16:06:58,446 INFO o.a.j.t.JMeterThread: Thread finished: Endurance Profile - 500 VU, 15 minutes total 1-378
2026-08-16 16:06:58,577 INFO o.a.j.t.JMeterThread: Thread finished: Endurance Profile - 500 VU, 15 minutes total 1-382
2026-08-16 16:06:58,842 INFO o.a.j.t.JMeterThread: Thread finished: Endurance Profile - 500 VU, 15 minutes total 1-373
2026-08-16 16:06:58,846 INFO o.a.j.t.JMeterThread: Thread finished: Endurance Profile - 500 VU, 15 minutes total 1-366
2026-08-16 16:06:59,162 INFO o.a.j.t.JMeterThread: Thread finished: Endurance Profile - 500 VU, 15 minutes total 1-363
2026-08-16 16:06:59,212 INFO o.a.j.t.JMeterThread: Thread finished: Endurance Profile - 500 VU, 15 minutes total 1-368
2026-08-16 16:06:59,232 INFO o.a.j.t.JMeterThread: Thread finished: Endurance Profile - 500 VU, 15 minutes total 1-372
2026-08-16 16:06:59,271 INFO o.a.j.t.JMeterThread: Thread finished: Endurance Profile - 500 VU, 15 minutes total 1-367
2026-08-16 16:06:59,493 INFO o.a.j.t.JMeterThread: Thread finished: Endurance Profile - 500 VU, 15 minutes total 1-357
2026-08-16 16:06:59,507 INFO o.a.j.t.JMeterThread: Thread finished: Endurance Profile - 500 VU, 15 minutes total 1-371
2026-08-16 16:06:59,599 INFO o.a.j.t.JMeterThread: Thread finished: Endurance Profile - 500 VU, 15 minutes total 1-356
2026-08-16 16:06:59,772 INFO o.a.j.t.JMeterThread: Thread finished: Endurance Profile - 500 VU, 15 minutes total 1-369
2026-08-16 16:06:59,811 INFO o.a.j.t.JMeterThread: Thread finished: Endurance Profile - 500 VU, 15 minutes total 1-355
2026-08-16 16:06:59,816 INFO o.a.j.t.JMeterThread: Thread finished: Endurance Profile - 500 VU, 15 minutes total 1-364
2026-08-16 16:06:59,881 INFO o.a.j.t.JMeterThread: Thread finished: Endurance Profile - 500 VU, 15 minutes total 1-353
2026-08-16 16:06:59,967 INFO o.a.j.t.JMeterThread: Thread finished: Endurance Profile - 500 VU, 15 minutes total 1-370
2026-08-16 16:06:59,977 INFO o.a.j.t.JMeterThread: Thread finished: Endurance Profile - 500 VU, 15 minutes total 1-352
2026-08-16 16:06:59,990 INFO o.a.j.t.JMeterThread: Thread finished: Endurance Profile - 500 VU, 15 minutes total 1-361
2026-08-16 16:07:00,276 INFO o.a.j.r.Summariser: summary +    144 in 00:14:16 =    0.2/s Avg:  4081 Min:     1 Max:  9793 Err:     0 (0.00%) Active: 357 Started: 500 Finished: 143
2026-08-16 16:07:00,276 INFO o.a.j.t.JMeterThread: Thread finished: Endurance Profile - 500 VU, 15 minutes total 1-365
2026-08-16 16:07:00,523 INFO o.a.j.t.JMeterThread: Thread finished: Endurance Profile - 500 VU, 15 minutes total 1-348
2026-08-16 16:07:00,567 INFO o.a.j.t.JMeterThread: Thread finished: Endurance Profile - 500 VU, 15 minutes total 1-360
2026-08-16 16:07:00,819 INFO o.a.j.t.JMeterThread: Thread finished: Endurance Profile - 500 VU, 15 minutes total 1-358
2026-08-16 16:07:00,983 INFO o.a.j.t.JMeterThread: Thread finished: Endurance Profile - 500 VU, 15 minutes total 1-362
2026-08-16 16:07:00,986 INFO o.a.j.t.JMeterThread: Thread finished: Endurance Profile - 500 VU, 15 minutes total 1-359
2026-08-16 16:07:01,085 INFO o.a.j.t.JMeterThread: Thread finished: Endurance Profile - 500 VU, 15 minutes total 1-349
2026-08-16 16:07:01,466 INFO o.a.j.t.JMeterThread: Thread finished: Endurance Profile - 500 VU, 15 minutes total 1-347
2026-08-16 16:07:01,522 INFO o.a.j.t.JMeterThread: Thread finished: Endurance Profile - 500 VU, 15 minutes total 1-354
2026-08-16 16:07:01,582 INFO o.a.j.t.JMeterThread: Thread finished: Endurance Profile - 500 VU, 15 minutes total 1-341
2026-08-16 16:07:01,829 INFO o.a.j.t.JMeterThread: Thread finished: Endurance Profile - 500 VU, 15 minutes total 1-345
2026-08-16 16:07:02,061 INFO o.a.j.t.JMeterThread: Thread finished: Endurance Profile - 500 VU, 15 minutes total 1-351
2026-08-16 16:07:02,139 INFO o.a.j.t.JMeterThread: Thread finished: Endurance Profile - 500 VU, 15 minutes total 1-343
2026-08-16 16:07:02,335 INFO o.a.j.t.JMeterThread: Thread finished: Endurance Profile - 500 VU, 15 minutes total 1-344
2026-08-16 16:07:02,336 INFO o.a.j.t.JMeterThread: Thread finished: Endurance Profile - 500 VU, 15 minutes total 1-350
2026-08-16 16:07:02,566 INFO o.a.j.t.JMeterThread: Thread finished: Endurance Profile - 500 VU, 15 minutes total 1-326
2026-08-16 16:07:02,577 INFO o.a.j.t.JMeterThread: Thread finished: Endurance Profile - 500 VU, 15 minutes total 1-346
2026-08-16 16:07:02,705 INFO o.a.j.t.JMeterThread: Thread finished: Endurance Profile - 500 VU, 15 minutes total 1-336
2026-08-16 16:07:02,965 INFO o.a.j.t.JMeterThread: Thread finished: Endurance Profile - 500 VU, 15 minutes total 1-337
2026-08-16 16:07:02,970 INFO o.a.j.t.JMeterThread: Thread finished: Endurance Profile - 500 VU, 15 minutes total 1-342
2026-08-16 16:07:02,975 INFO o.a.j.t.JMeterThread: Thread finished: Endurance Profile - 500 VU, 15 minutes total 1-334
2026-08-16 16:07:03,033 INFO o.a.j.t.JMeterThread: Thread finished: Endurance Profile - 500 VU, 15 minutes total 1-323
2026-08-16 16:07:03,085 INFO o.a.j.t.JMeterThread: Thread finished: Endurance Profile - 500 VU, 15 minutes total 1-340
2026-08-16 16:07:03,220 INFO o.a.j.t.JMeterThread: Thread finished: Endurance Profile - 500 VU, 15 minutes total 1-328
2026-08-16 16:07:03,305 INFO o.a.j.t.JMeterThread: Thread finished: Endurance Profile - 500 VU, 15 minutes total 1-338
2026-08-16 16:07:03,317 INFO o.a.j.t.JMeterThread: Thread finished: Endurance Profile - 500 VU, 15 minutes total 1-339
2026-08-16 16:07:03,389 INFO o.a.j.t.JMeterThread: Thread finished: Endurance Profile - 500 VU, 15 minutes total 1-332
2026-08-16 16:07:03,540 INFO o.a.j.t.JMeterThread: Thread finished: Endurance Profile - 500 VU, 15 minutes total 1-324
2026-08-16 16:07:03,714 INFO o.a.j.t.JMeterThread: Thread finished: Endurance Profile - 500 VU, 15 minutes total 1-335
2026-08-16 16:07:03,789 INFO o.a.j.t.JMeterThread: Thread finished: Endurance Profile - 500 VU, 15 minutes total 1-330
2026-08-16 16:07:03,827 INFO o.a.j.t.JMeterThread: Thread finished: Endurance Profile - 500 VU, 15 minutes total 1-333
2026-08-16 16:07:04,021 INFO o.a.j.t.JMeterThread: Thread finished: Endurance Profile - 500 VU, 15 minutes total 1-331
2026-08-16 16:07:04,220 INFO o.a.j.t.JMeterThread: Thread finished: Endurance Profile - 500 VU, 15 minutes total 1-329
2026-08-16 16:07:04,367 INFO o.a.j.t.JMeterThread: Thread finished: Endurance Profile - 500 VU, 15 minutes total 1-325
2026-08-16 16:07:04,433 INFO o.a.j.t.JMeterThread: Thread finished: Endurance Profile - 500 VU, 15 minutes total 1-319
2026-08-16 16:07:04,455 INFO o.a.j.t.JMeterThread: Thread finished: Endurance Profile - 500 VU, 15 minutes total 1-327
2026-08-16 16:07:04,834 INFO o.a.j.t.JMeterThread: Thread finished: Endurance Profile - 500 VU, 15 minutes total 1-316
2026-08-16 16:07:04,843 INFO o.a.j.t.JMeterThread: Thread finished: Endurance Profile - 500 VU, 15 minutes total 1-317
2026-08-16 16:07:04,926 INFO o.a.j.t.JMeterThread: Thread finished: Endurance Profile - 500 VU, 15 minutes total 1-318
2026-08-16 16:07:05,139 INFO o.a.j.t.JMeterThread: Thread finished: Endurance Profile - 500 VU, 15 minutes total 1-320
2026-08-16 16:07:05,404 INFO o.a.j.t.JMeterThread: Thread finished: Endurance Profile - 500 VU, 15 minutes total 1-322
2026-08-16 16:07:05,435 INFO o.a.j.t.JMeterThread: Thread finished: Endurance Profile - 500 VU, 15 minutes total 1-315
2026-08-16 16:07:05,652 INFO o.a.j.t.JMeterThread: Thread finished: Endurance Profile - 500 VU, 15 minutes total 1-321
2026-08-16 16:07:05,663 INFO o.a.j.t.JMeterThread: Thread finished: Endurance Profile - 500 VU, 15 minutes total 1-314
2026-08-16 16:07:05,711 INFO o.a.j.t.JMeterThread: Thread finished: Endurance Profile - 500 VU, 15 minutes total 1-310
2026-08-16 16:07:05,816 INFO o.a.j.t.JMeterThread: Thread finished: Endurance Profile - 500 VU, 15 minutes total 1-305
2026-08-16 16:07:06,166 INFO o.a.j.t.JMeterThread: Thread finished: Endurance Profile - 500 VU, 15 minutes total 1-311
2026-08-16 16:07:06,366 INFO o.a.j.t.JMeterThread: Thread finished: Endurance Profile - 500 VU, 15 minutes total 1-309
2026-08-16 16:07:06,494 INFO o.a.j.t.JMeterThread: Thread finished: Endurance Profile - 500 VU, 15 minutes total 1-313
2026-08-16 16:07:06,507 INFO o.a.j.t.JMeterThread: Thread finished: Endurance Profile - 500 VU, 15 minutes total 1-295
2026-08-16 16:07:06,600 INFO o.a.j.t.JMeterThread: Thread finished: Endurance Profile - 500 VU, 15 minutes total 1-293
2026-08-16 16:07:06,912 INFO o.a.j.t.JMeterThread: Thread finished: Endurance Profile - 500 VU, 15 minutes total 1-312
2026-08-16 16:07:06,963 INFO o.a.j.t.JMeterThread: Thread finished: Endurance Profile - 500 VU, 15 minutes total 1-306
2026-08-16 16:07:07,020 INFO o.a.j.t.JMeterThread: Thread finished: Endurance Profile - 500 VU, 15 minutes total 1-308
2026-08-16 16:07:07,140 INFO o.a.j.t.JMeterThread: Thread finished: Endurance Profile - 500 VU, 15 minutes total 1-307
2026-08-16 16:07:07,241 INFO o.a.j.t.JMeterThread: Thread finished: Endurance Profile - 500 VU, 15 minutes total 1-301
2026-08-16 16:07:07,276 INFO o.a.j.t.JMeterThread: Thread finished: Endurance Profile - 500 VU, 15 minutes total 1-297
2026-08-16 16:07:07,526 INFO o.a.j.t.JMeterThread: Thread finished: Endurance Profile - 500 VU, 15 minutes total 1-299
2026-08-16 16:07:07,548 INFO o.a.j.t.JMeterThread: Thread finished: Endurance Profile - 500 VU, 15 minutes total 1-294
2026-08-16 16:07:07,575 INFO o.a.j.t.JMeterThread: Thread finished: Endurance Profile - 500 VU, 15 minutes total 1-289
2026-08-16 16:07:07,579 INFO o.a.j.t.JMeterThread: Thread finished: Endurance Profile - 500 VU, 15 minutes total 1-296
2026-08-16 16:07:07,602 INFO o.a.j.t.JMeterThread: Thread finished: Endurance Profile - 500 VU, 15 minutes total 1-304
2026-08-16 16:07:07,631 INFO o.a.j.t.JMeterThread: Thread finished: Endurance Profile - 500 VU, 15 minutes total 1-298
2026-08-16 16:07:07,638 INFO o.a.j.t.JMeterThread: Thread finished: Endurance Profile - 500 VU, 15 minutes total 1-292
2026-08-16 16:07:07,721 INFO o.a.j.t.JMeterThread: Thread finished: Endurance Profile - 500 VU, 15 minutes total 1-303
2026-08-16 16:07:07,947 INFO o.a.j.t.JMeterThread: Thread finished: Endurance Profile - 500 VU, 15 minutes total 1-290
2026-08-16 16:07:08,093 INFO o.a.j.t.JMeterThread: Thread finished: Endurance Profile - 500 VU, 15 minutes total 1-302
2026-08-16 16:07:08,295 INFO o.a.j.t.JMeterThread: Thread finished: Endurance Profile - 500 VU, 15 minutes total 1-300
2026-08-16 16:07:08,618 INFO o.a.j.t.JMeterThread: Thread finished: Endurance Profile - 500 VU, 15 minutes total 1-283
2026-08-16 16:07:08,807 INFO o.a.j.t.JMeterThread: Thread finished: Endurance Profile - 500 VU, 15 minutes total 1-284
2026-08-16 16:07:08,818 INFO o.a.j.t.JMeterThread: Thread finished: Endurance Profile - 500 VU, 15 minutes total 1-285
2026-08-16 16:07:08,882 INFO o.a.j.t.JMeterThread: Thread finished: Endurance Profile - 500 VU, 15 minutes total 1-286
2026-08-16 16:07:08,885 INFO o.a.j.t.JMeterThread: Thread finished: Endurance Profile - 500 VU, 15 minutes total 1-288
2026-08-16 16:07:09,327 INFO o.a.j.t.JMeterThread: Thread finished: Endurance Profile - 500 VU, 15 minutes total 1-291
2026-08-16 16:07:09,376 INFO o.a.j.t.JMeterThread: Thread finished: Endurance Profile - 500 VU, 15 minutes total 1-282
2026-08-16 16:07:09,426 INFO o.a.j.t.JMeterThread: Thread finished: Endurance Profile - 500 VU, 15 minutes total 1-276
2026-08-16 16:07:09,611 INFO o.a.j.t.JMeterThread: Thread finished: Endurance Profile - 500 VU, 15 minutes total 1-287
2026-08-16 16:07:09,794 INFO o.a.j.t.JMeterThread: Thread finished: Endurance Profile - 500 VU, 15 minutes total 1-279
2026-08-16 16:07:09,851 INFO o.a.j.t.JMeterThread: Thread finished: Endurance Profile - 500 VU, 15 minutes total 1-275
2026-08-16 16:07:09,871 INFO o.a.j.t.JMeterThread: Thread finished: Endurance Profile - 500 VU, 15 minutes total 1-281
2026-08-16 16:07:10,105 INFO o.a.j.t.JMeterThread: Thread finished: Endurance Profile - 500 VU, 15 minutes total 1-270
2026-08-16 16:07:10,430 INFO o.a.j.t.JMeterThread: Thread finished: Endurance Profile - 500 VU, 15 minutes total 1-277
2026-08-16 16:07:10,467 INFO o.a.j.t.JMeterThread: Thread finished: Endurance Profile - 500 VU, 15 minutes total 1-267
2026-08-16 16:07:10,579 INFO o.a.j.t.JMeterThread: Thread finished: Endurance Profile - 500 VU, 15 minutes total 1-269
2026-08-16 16:07:10,729 INFO o.a.j.t.JMeterThread: Thread finished: Endurance Profile - 500 VU, 15 minutes total 1-273
2026-08-16 16:07:10,747 INFO o.a.j.t.JMeterThread: Thread finished: Endurance Profile - 500 VU, 15 minutes total 1-280
2026-08-16 16:07:10,769 INFO o.a.j.t.JMeterThread: Thread finished: Endurance Profile - 500 VU, 15 minutes total 1-278
2026-08-16 16:07:11,452 INFO o.a.j.t.JMeterThread: Thread finished: Endurance Profile - 500 VU, 15 minutes total 1-259
2026-08-16 16:07:11,529 INFO o.a.j.t.JMeterThread: Thread finished: Endurance Profile - 500 VU, 15 minutes total 1-274
2026-08-16 16:07:11,597 INFO o.a.j.t.JMeterThread: Thread finished: Endurance Profile - 500 VU, 15 minutes total 1-272
2026-08-16 16:07:11,773 INFO o.a.j.t.JMeterThread: Thread finished: Endurance Profile - 500 VU, 15 minutes total 1-266
2026-08-16 16:07:11,797 INFO o.a.j.t.JMeterThread: Thread finished: Endurance Profile - 500 VU, 15 minutes total 1-265
2026-08-16 16:07:11,822 INFO o.a.j.t.JMeterThread: Thread finished: Endurance Profile - 500 VU, 15 minutes total 1-271
2026-08-16 16:07:11,833 INFO o.a.j.t.JMeterThread: Thread finished: Endurance Profile - 500 VU, 15 minutes total 1-263
2026-08-16 16:07:11,884 INFO o.a.j.t.JMeterThread: Thread finished: Endurance Profile - 500 VU, 15 minutes total 1-264
2026-08-16 16:07:12,013 INFO o.a.j.t.JMeterThread: Thread finished: Endurance Profile - 500 VU, 15 minutes total 1-268
2026-08-16 16:07:12,204 INFO o.a.j.t.JMeterThread: Thread finished: Endurance Profile - 500 VU, 15 minutes total 1-261
2026-08-16 16:07:12,577 INFO o.a.j.t.JMeterThread: Thread finished: Endurance Profile - 500 VU, 15 minutes total 1-248
2026-08-16 16:07:12,646 INFO o.a.j.t.JMeterThread: Thread finished: Endurance Profile - 500 VU, 15 minutes total 1-260
2026-08-16 16:07:12,697 INFO o.a.j.t.JMeterThread: Thread finished: Endurance Profile - 500 VU, 15 minutes total 1-256
2026-08-16 16:07:12,861 INFO o.a.j.t.JMeterThread: Thread finished: Endurance Profile - 500 VU, 15 minutes total 1-262
2026-08-16 16:07:12,911 INFO o.a.j.t.JMeterThread: Thread finished: Endurance Profile - 500 VU, 15 minutes total 1-252
2026-08-16 16:07:13,059 INFO o.a.j.t.JMeterThread: Thread finished: Endurance Profile - 500 VU, 15 minutes total 1-241
2026-08-16 16:07:13,132 INFO o.a.j.t.JMeterThread: Thread finished: Endurance Profile - 500 VU, 15 minutes total 1-246
2026-08-16 16:07:13,149 INFO o.a.j.t.JMeterThread: Thread finished: Endurance Profile - 500 VU, 15 minutes total 1-258
2026-08-16 16:07:13,166 INFO o.a.j.t.JMeterThread: Thread finished: Endurance Profile - 500 VU, 15 minutes total 1-254
2026-08-16 16:07:13,322 INFO o.a.j.t.JMeterThread: Thread finished: Endurance Profile - 500 VU, 15 minutes total 1-235
2026-08-16 16:07:13,394 INFO o.a.j.t.JMeterThread: Thread finished: Endurance Profile - 500 VU, 15 minutes total 1-249
2026-08-16 16:07:13,475 INFO o.a.j.t.JMeterThread: Thread finished: Endurance Profile - 500 VU, 15 minutes total 1-257
2026-08-16 16:07:13,564 INFO o.a.j.t.JMeterThread: Thread finished: Endurance Profile - 500 VU, 15 minutes total 1-255
2026-08-16 16:07:13,598 INFO o.a.j.t.JMeterThread: Thread finished: Endurance Profile - 500 VU, 15 minutes total 1-253
2026-08-16 16:07:13,810 INFO o.a.j.t.JMeterThread: Thread finished: Endurance Profile - 500 VU, 15 minutes total 1-250
2026-08-16 16:07:13,830 INFO o.a.j.t.JMeterThread: Thread finished: Endurance Profile - 500 VU, 15 minutes total 1-245
2026-08-16 16:07:13,886 INFO o.a.j.t.JMeterThread: Thread finished: Endurance Profile - 500 VU, 15 minutes total 1-240
2026-08-16 16:07:13,920 INFO o.a.j.t.JMeterThread: Thread finished: Endurance Profile - 500 VU, 15 minutes total 1-251
2026-08-16 16:07:13,961 INFO o.a.j.t.JMeterThread: Thread finished: Endurance Profile - 500 VU, 15 minutes total 1-238
2026-08-16 16:07:14,040 INFO o.a.j.t.JMeterThread: Thread finished: Endurance Profile - 500 VU, 15 minutes total 1-237
2026-08-16 16:07:14,209 INFO o.a.j.t.JMeterThread: Thread finished: Endurance Profile - 500 VU, 15 minutes total 1-243
2026-08-16 16:07:14,247 INFO o.a.j.t.JMeterThread: Thread finished: Endurance Profile - 500 VU, 15 minutes total 1-242
2026-08-16 16:07:14,388 INFO o.a.j.t.JMeterThread: Thread finished: Endurance Profile - 500 VU, 15 minutes total 1-231
2026-08-16 16:07:14,621 INFO o.a.j.t.JMeterThread: Thread finished: Endurance Profile - 500 VU, 15 minutes total 1-247
2026-08-16 16:07:14,718 INFO o.a.j.t.JMeterThread: Thread finished: Endurance Profile - 500 VU, 15 minutes total 1-228
2026-08-16 16:07:15,106 INFO o.a.j.t.JMeterThread: Thread finished: Endurance Profile - 500 VU, 15 minutes total 1-230
2026-08-16 16:07:15,116 INFO o.a.j.t.JMeterThread: Thread finished: Endurance Profile - 500 VU, 15 minutes total 1-244
2026-08-16 16:07:15,241 INFO o.a.j.t.JMeterThread: Thread finished: Endurance Profile - 500 VU, 15 minutes total 1-226
2026-08-16 16:07:15,396 INFO o.a.j.t.JMeterThread: Thread finished: Endurance Profile - 500 VU, 15 minutes total 1-233
2026-08-16 16:07:15,445 INFO o.a.j.t.JMeterThread: Thread finished: Endurance Profile - 500 VU, 15 minutes total 1-239
2026-08-16 16:07:15,452 INFO o.a.j.t.JMeterThread: Thread finished: Endurance Profile - 500 VU, 15 minutes total 1-236
2026-08-16 16:07:15,481 INFO o.a.j.t.JMeterThread: Thread finished: Endurance Profile - 500 VU, 15 minutes total 1-234
2026-08-16 16:07:16,258 INFO o.a.j.t.JMeterThread: Thread finished: Endurance Profile - 500 VU, 15 minutes total 1-232
2026-08-16 16:07:16,363 INFO o.a.j.t.JMeterThread: Thread finished: Endurance Profile - 500 VU, 15 minutes total 1-229
2026-08-16 16:07:16,602 INFO o.a.j.t.JMeterThread: Thread finished: Endurance Profile - 500 VU, 15 minutes total 1-223
2026-08-16 16:07:16,754 INFO o.a.j.t.JMeterThread: Thread finished: Endurance Profile - 500 VU, 15 minutes total 1-220
2026-08-16 16:07:16,843 INFO o.a.j.t.JMeterThread: Thread finished: Endurance Profile - 500 VU, 15 minutes total 1-219
2026-08-16 16:07:16,872 INFO o.a.j.t.JMeterThread: Thread finished: Endurance Profile - 500 VU, 15 minutes total 1-225
2026-08-16 16:07:16,884 INFO o.a.j.t.JMeterThread: Thread finished: Endurance Profile - 500 VU, 15 minutes total 1-227
2026-08-16 16:07:17,189 INFO o.a.j.t.JMeterThread: Thread finished: Endurance Profile - 500 VU, 15 minutes total 1-222
2026-08-16 16:07:17,221 INFO o.a.j.t.JMeterThread: Thread finished: Endurance Profile - 500 VU, 15 minutes total 1-216
2026-08-16 16:07:17,345 INFO o.a.j.t.JMeterThread: Thread finished: Endurance Profile - 500 VU, 15 minutes total 1-221
2026-08-16 16:07:17,348 INFO o.a.j.t.JMeterThread: Thread finished: Endurance Profile - 500 VU, 15 minutes total 1-217
2026-08-16 16:07:17,462 INFO o.a.j.t.JMeterThread: Thread finished: Endurance Profile - 500 VU, 15 minutes total 1-208
2026-08-16 16:07:17,522 INFO o.a.j.t.JMeterThread: Thread finished: Endurance Profile - 500 VU, 15 minutes total 1-213
2026-08-16 16:07:17,529 INFO o.a.j.t.JMeterThread: Thread finished: Endurance Profile - 500 VU, 15 minutes total 1-224
2026-08-16 16:07:17,533 INFO o.a.j.t.JMeterThread: Thread finished: Endurance Profile - 500 VU, 15 minutes total 1-215
2026-08-16 16:07:17,549 INFO o.a.j.t.JMeterThread: Thread finished: Endurance Profile - 500 VU, 15 minutes total 1-212
2026-08-16 16:07:17,648 INFO o.a.j.t.JMeterThread: Thread finished: Endurance Profile - 500 VU, 15 minutes total 1-210
2026-08-16 16:07:17,803 INFO o.a.j.t.JMeterThread: Thread finished: Endurance Profile - 500 VU, 15 minutes total 1-209
2026-08-16 16:07:17,820 INFO o.a.j.t.JMeterThread: Thread finished: Endurance Profile - 500 VU, 15 minutes total 1-218
2026-08-16 16:07:18,236 INFO o.a.j.t.JMeterThread: Thread finished: Endurance Profile - 500 VU, 15 minutes total 1-204
2026-08-16 16:07:18,347 INFO o.a.j.t.JMeterThread: Thread finished: Endurance Profile - 500 VU, 15 minutes total 1-206
2026-08-16 16:07:18,687 INFO o.a.j.t.JMeterThread: Thread finished: Endurance Profile - 500 VU, 15 minutes total 1-214
2026-08-16 16:07:18,877 INFO o.a.j.t.JMeterThread: Thread finished: Endurance Profile - 500 VU, 15 minutes total 1-205
2026-08-16 16:07:18,948 INFO o.a.j.t.JMeterThread: Thread finished: Endurance Profile - 500 VU, 15 minutes total 1-211
2026-08-16 16:07:19,045 INFO o.a.j.t.JMeterThread: Thread finished: Endurance Profile - 500 VU, 15 minutes total 1-202
2026-08-16 16:07:19,104 INFO o.a.j.t.JMeterThread: Thread finished: Endurance Profile - 500 VU, 15 minutes total 1-197
2026-08-16 16:07:19,332 INFO o.a.j.t.JMeterThread: Thread finished: Endurance Profile - 500 VU, 15 minutes total 1-200
2026-08-16 16:07:19,349 INFO o.a.j.t.JMeterThread: Thread finished: Endurance Profile - 500 VU, 15 minutes total 1-189
2026-08-16 16:07:19,395 INFO o.a.j.t.JMeterThread: Thread finished: Endurance Profile - 500 VU, 15 minutes total 1-207
2026-08-16 16:07:19,400 INFO o.a.j.t.JMeterThread: Thread finished: Endurance Profile - 500 VU, 15 minutes total 1-198
2026-08-16 16:07:19,742 INFO o.a.j.t.JMeterThread: Thread finished: Endurance Profile - 500 VU, 15 minutes total 1-203
2026-08-16 16:07:19,807 INFO o.a.j.t.JMeterThread: Thread finished: Endurance Profile - 500 VU, 15 minutes total 1-195
2026-08-16 16:07:19,832 INFO o.a.j.t.JMeterThread: Thread finished: Endurance Profile - 500 VU, 15 minutes total 1-194
2026-08-16 16:07:19,893 INFO o.a.j.t.JMeterThread: Thread finished: Endurance Profile - 500 VU, 15 minutes total 1-191
2026-08-16 16:07:20,035 INFO o.a.j.t.JMeterThread: Thread finished: Endurance Profile - 500 VU, 15 minutes total 1-196
2026-08-16 16:07:20,158 INFO o.a.j.t.JMeterThread: Thread finished: Endurance Profile - 500 VU, 15 minutes total 1-201
2026-08-16 16:07:20,164 INFO o.a.j.t.JMeterThread: Thread finished: Endurance Profile - 500 VU, 15 minutes total 1-188
2026-08-16 16:07:20,221 INFO o.a.j.t.JMeterThread: Thread finished: Endurance Profile - 500 VU, 15 minutes total 1-180
2026-08-16 16:07:20,237 INFO o.a.j.t.JMeterThread: Thread finished: Endurance Profile - 500 VU, 15 minutes total 1-199
2026-08-16 16:07:20,249 INFO o.a.j.t.JMeterThread: Thread finished: Endurance Profile - 500 VU, 15 minutes total 1-183
2026-08-16 16:07:20,762 INFO o.a.j.t.JMeterThread: Thread finished: Endurance Profile - 500 VU, 15 minutes total 1-193
2026-08-16 16:07:20,940 INFO o.a.j.t.JMeterThread: Thread finished: Endurance Profile - 500 VU, 15 minutes total 1-186
2026-08-16 16:07:20,960 INFO o.a.j.t.JMeterThread: Thread finished: Endurance Profile - 500 VU, 15 minutes total 1-192
2026-08-16 16:07:21,150 INFO o.a.j.t.JMeterThread: Thread finished: Endurance Profile - 500 VU, 15 minutes total 1-187
2026-08-16 16:07:21,275 INFO o.a.j.t.JMeterThread: Thread finished: Endurance Profile - 500 VU, 15 minutes total 1-181
2026-08-16 16:07:21,568 INFO o.a.j.t.JMeterThread: Thread finished: Endurance Profile - 500 VU, 15 minutes total 1-190
2026-08-16 16:07:21,695 INFO o.a.j.t.JMeterThread: Thread finished: Endurance Profile - 500 VU, 15 minutes total 1-179
2026-08-16 16:07:21,711 INFO o.a.j.t.JMeterThread: Thread finished: Endurance Profile - 500 VU, 15 minutes total 1-169
2026-08-16 16:07:21,715 INFO o.a.j.t.JMeterThread: Thread finished: Endurance Profile - 500 VU, 15 minutes total 1-185
2026-08-16 16:07:22,022 INFO o.a.j.t.JMeterThread: Thread finished: Endurance Profile - 500 VU, 15 minutes total 1-184
2026-08-16 16:07:22,454 INFO o.a.j.t.JMeterThread: Thread finished: Endurance Profile - 500 VU, 15 minutes total 1-182
2026-08-16 16:07:22,573 INFO o.a.j.t.JMeterThread: Thread finished: Endurance Profile - 500 VU, 15 minutes total 1-173
2026-08-16 16:07:22,707 INFO o.a.j.t.JMeterThread: Thread finished: Endurance Profile - 500 VU, 15 minutes total 1-166
2026-08-16 16:07:22,728 INFO o.a.j.t.JMeterThread: Thread finished: Endurance Profile - 500 VU, 15 minutes total 1-177
2026-08-16 16:07:22,786 INFO o.a.j.t.JMeterThread: Thread finished: Endurance Profile - 500 VU, 15 minutes total 1-175
2026-08-16 16:07:22,807 INFO o.a.j.t.JMeterThread: Thread finished: Endurance Profile - 500 VU, 15 minutes total 1-172
2026-08-16 16:07:22,871 INFO o.a.j.t.JMeterThread: Thread finished: Endurance Profile - 500 VU, 15 minutes total 1-167
2026-08-16 16:07:22,885 INFO o.a.j.t.JMeterThread: Thread finished: Endurance Profile - 500 VU, 15 minutes total 1-171
2026-08-16 16:07:23,022 INFO o.a.j.t.JMeterThread: Thread finished: Endurance Profile - 500 VU, 15 minutes total 1-178
2026-08-16 16:07:23,097 INFO o.a.j.t.JMeterThread: Thread finished: Endurance Profile - 500 VU, 15 minutes total 1-168
2026-08-16 16:07:23,099 INFO o.a.j.t.JMeterThread: Thread finished: Endurance Profile - 500 VU, 15 minutes total 1-176
2026-08-16 16:07:23,186 INFO o.a.j.t.JMeterThread: Thread finished: Endurance Profile - 500 VU, 15 minutes total 1-174
2026-08-16 16:07:23,317 INFO o.a.j.t.JMeterThread: Thread finished: Endurance Profile - 500 VU, 15 minutes total 1-153
2026-08-16 16:07:23,540 INFO o.a.j.t.JMeterThread: Thread finished: Endurance Profile - 500 VU, 15 minutes total 1-170
2026-08-16 16:07:23,657 INFO o.a.j.t.JMeterThread: Thread finished: Endurance Profile - 500 VU, 15 minutes total 1-157
2026-08-16 16:07:23,836 INFO o.a.j.t.JMeterThread: Thread finished: Endurance Profile - 500 VU, 15 minutes total 1-163
2026-08-16 16:07:23,994 INFO o.a.j.t.JMeterThread: Thread finished: Endurance Profile - 500 VU, 15 minutes total 1-161
2026-08-16 16:07:24,021 INFO o.a.j.t.JMeterThread: Thread finished: Endurance Profile - 500 VU, 15 minutes total 1-159
2026-08-16 16:07:24,069 INFO o.a.j.t.JMeterThread: Thread finished: Endurance Profile - 500 VU, 15 minutes total 1-162
2026-08-16 16:07:24,287 INFO o.a.j.t.JMeterThread: Thread finished: Endurance Profile - 500 VU, 15 minutes total 1-152
2026-08-16 16:07:24,331 INFO o.a.j.t.JMeterThread: Thread finished: Endurance Profile - 500 VU, 15 minutes total 1-155
2026-08-16 16:07:24,412 INFO o.a.j.t.JMeterThread: Thread finished: Endurance Profile - 500 VU, 15 minutes total 1-164
2026-08-16 16:07:24,481 INFO o.a.j.t.JMeterThread: Thread finished: Endurance Profile - 500 VU, 15 minutes total 1-165
2026-08-16 16:07:24,606 INFO o.a.j.t.JMeterThread: Thread finished: Endurance Profile - 500 VU, 15 minutes total 1-151
2026-08-16 16:07:24,808 INFO o.a.j.t.JMeterThread: Thread finished: Endurance Profile - 500 VU, 15 minutes total 1-158
2026-08-16 16:07:24,998 INFO o.a.j.t.JMeterThread: Thread finished: Endurance Profile - 500 VU, 15 minutes total 1-144
2026-08-16 16:07:25,123 INFO o.a.j.t.JMeterThread: Thread finished: Endurance Profile - 500 VU, 15 minutes total 1-154
2026-08-16 16:07:25,185 INFO o.a.j.t.JMeterThread: Thread finished: Endurance Profile - 500 VU, 15 minutes total 1-160
2026-08-16 16:07:25,191 INFO o.a.j.t.JMeterThread: Thread finished: Endurance Profile - 500 VU, 15 minutes total 1-147
2026-08-16 16:07:25,325 INFO o.a.j.t.JMeterThread: Thread finished: Endurance Profile - 500 VU, 15 minutes total 1-150
2026-08-16 16:07:25,410 INFO o.a.j.t.JMeterThread: Thread finished: Endurance Profile - 500 VU, 15 minutes total 1-148
2026-08-16 16:07:25,447 INFO o.a.j.t.JMeterThread: Thread finished: Endurance Profile - 500 VU, 15 minutes total 1-156
2026-08-16 16:07:26,187 INFO o.a.j.t.JMeterThread: Thread finished: Endurance Profile - 500 VU, 15 minutes total 1-140
2026-08-16 16:07:26,270 INFO o.a.j.t.JMeterThread: Thread finished: Endurance Profile - 500 VU, 15 minutes total 1-134
2026-08-16 16:07:26,299 INFO o.a.j.t.JMeterThread: Thread finished: Endurance Profile - 500 VU, 15 minutes total 1-142
2026-08-16 16:07:26,436 INFO o.a.j.t.JMeterThread: Thread finished: Endurance Profile - 500 VU, 15 minutes total 1-149
2026-08-16 16:07:26,438 INFO o.a.j.t.JMeterThread: Thread finished: Endurance Profile - 500 VU, 15 minutes total 1-146
2026-08-16 16:07:26,517 INFO o.a.j.t.JMeterThread: Thread finished: Endurance Profile - 500 VU, 15 minutes total 1-145
2026-08-16 16:07:26,643 INFO o.a.j.t.JMeterThread: Thread finished: Endurance Profile - 500 VU, 15 minutes total 1-133
2026-08-16 16:07:26,748 INFO o.a.j.t.JMeterThread: Thread finished: Endurance Profile - 500 VU, 15 minutes total 1-138
2026-08-16 16:07:27,002 INFO o.a.j.t.JMeterThread: Thread finished: Endurance Profile - 500 VU, 15 minutes total 1-139
2026-08-16 16:07:27,046 INFO o.a.j.t.JMeterThread: Thread finished: Endurance Profile - 500 VU, 15 minutes total 1-137
2026-08-16 16:07:27,220 INFO o.a.j.t.JMeterThread: Thread finished: Endurance Profile - 500 VU, 15 minutes total 1-143
2026-08-16 16:07:27,274 INFO o.a.j.t.JMeterThread: Thread finished: Endurance Profile - 500 VU, 15 minutes total 1-135
2026-08-16 16:07:27,341 INFO o.a.j.t.JMeterThread: Thread finished: Endurance Profile - 500 VU, 15 minutes total 1-131
2026-08-16 16:07:27,351 INFO o.a.j.t.JMeterThread: Thread finished: Endurance Profile - 500 VU, 15 minutes total 1-141
2026-08-16 16:07:27,428 INFO o.a.j.t.JMeterThread: Thread finished: Endurance Profile - 500 VU, 15 minutes total 1-124
2026-08-16 16:07:27,526 INFO o.a.j.t.JMeterThread: Thread finished: Endurance Profile - 500 VU, 15 minutes total 1-127
2026-08-16 16:07:27,622 INFO o.a.j.t.JMeterThread: Thread finished: Endurance Profile - 500 VU, 15 minutes total 1-136
2026-08-16 16:07:27,757 INFO o.a.j.t.JMeterThread: Thread finished: Endurance Profile - 500 VU, 15 minutes total 1-122
2026-08-16 16:07:27,832 INFO o.a.j.t.JMeterThread: Thread finished: Endurance Profile - 500 VU, 15 minutes total 1-123
2026-08-16 16:07:28,073 INFO o.a.j.t.JMeterThread: Thread finished: Endurance Profile - 500 VU, 15 minutes total 1-129
2026-08-16 16:07:28,119 INFO o.a.j.t.JMeterThread: Thread finished: Endurance Profile - 500 VU, 15 minutes total 1-125
2026-08-16 16:07:28,154 INFO o.a.j.t.JMeterThread: Thread finished: Endurance Profile - 500 VU, 15 minutes total 1-132
2026-08-16 16:07:28,159 INFO o.a.j.t.JMeterThread: Thread finished: Endurance Profile - 500 VU, 15 minutes total 1-119
2026-08-16 16:07:28,437 INFO o.a.j.t.JMeterThread: Thread finished: Endurance Profile - 500 VU, 15 minutes total 1-126
2026-08-16 16:07:28,568 INFO o.a.j.t.JMeterThread: Thread finished: Endurance Profile - 500 VU, 15 minutes total 1-130
2026-08-16 16:07:28,819 INFO o.a.j.t.JMeterThread: Thread finished: Endurance Profile - 500 VU, 15 minutes total 1-117
2026-08-16 16:07:28,893 INFO o.a.j.t.JMeterThread: Thread finished: Endurance Profile - 500 VU, 15 minutes total 1-128
2026-08-16 16:07:28,902 INFO o.a.j.t.JMeterThread: Thread finished: Endurance Profile - 500 VU, 15 minutes total 1-121
2026-08-16 16:07:29,051 INFO o.a.j.t.JMeterThread: Thread finished: Endurance Profile - 500 VU, 15 minutes total 1-118
2026-08-16 16:07:29,428 INFO o.a.j.t.JMeterThread: Thread finished: Endurance Profile - 500 VU, 15 minutes total 1-111
2026-08-16 16:07:29,595 INFO o.a.j.t.JMeterThread: Thread finished: Endurance Profile - 500 VU, 15 minutes total 1-114
2026-08-16 16:07:29,723 INFO o.a.j.t.JMeterThread: Thread finished: Endurance Profile - 500 VU, 15 minutes total 1-110
2026-08-16 16:07:29,887 INFO o.a.j.t.JMeterThread: Thread finished: Endurance Profile - 500 VU, 15 minutes total 1-103
2026-08-16 16:07:29,929 INFO o.a.j.t.JMeterThread: Thread finished: Endurance Profile - 500 VU, 15 minutes total 1-108
2026-08-16 16:07:29,952 INFO o.a.j.t.JMeterThread: Thread finished: Endurance Profile - 500 VU, 15 minutes total 1-120
2026-08-16 16:07:30,121 INFO o.a.j.r.Summariser: summary +    246 in 00:00:30 =    8.2/s Avg:  4130 Min:     0 Max: 10246 Err:     0 (0.00%) Active: 111 Started: 500 Finished: 389
2026-08-16 16:07:30,122 INFO o.a.j.r.Summariser: summary =    390 in 00:14:46 =    0.4/s Avg:  4112 Min:     0 Max: 10246 Err:     0 (0.00%)
2026-08-16 16:07:30,122 INFO o.a.j.t.JMeterThread: Thread finished: Endurance Profile - 500 VU, 15 minutes total 1-112
2026-08-16 16:07:30,143 INFO o.a.j.t.JMeterThread: Thread finished: Endurance Profile - 500 VU, 15 minutes total 1-107
2026-08-16 16:07:30,473 INFO o.a.j.t.JMeterThread: Thread finished: Endurance Profile - 500 VU, 15 minutes total 1-116
2026-08-16 16:07:30,519 INFO o.a.j.t.JMeterThread: Thread finished: Endurance Profile - 500 VU, 15 minutes total 1-102
2026-08-16 16:07:30,610 INFO o.a.j.t.JMeterThread: Thread finished: Endurance Profile - 500 VU, 15 minutes total 1-113
2026-08-16 16:07:30,636 INFO o.a.j.t.JMeterThread: Thread finished: Endurance Profile - 500 VU, 15 minutes total 1-115
2026-08-16 16:07:30,774 INFO o.a.j.t.JMeterThread: Thread finished: Endurance Profile - 500 VU, 15 minutes total 1-105
2026-08-16 16:07:31,069 INFO o.a.j.t.JMeterThread: Thread finished: Endurance Profile - 500 VU, 15 minutes total 1-109
2026-08-16 16:07:31,163 INFO o.a.j.t.JMeterThread: Thread finished: Endurance Profile - 500 VU, 15 minutes total 1-96
2026-08-16 16:07:31,195 INFO o.a.j.t.JMeterThread: Thread finished: Endurance Profile - 500 VU, 15 minutes total 1-104
2026-08-16 16:07:31,207 INFO o.a.j.t.JMeterThread: Thread finished: Endurance Profile - 500 VU, 15 minutes total 1-93
2026-08-16 16:07:31,286 INFO o.a.j.t.JMeterThread: Thread finished: Endurance Profile - 500 VU, 15 minutes total 1-100
2026-08-16 16:07:31,377 INFO o.a.j.t.JMeterThread: Thread finished: Endurance Profile - 500 VU, 15 minutes total 1-95
2026-08-16 16:07:31,460 INFO o.a.j.t.JMeterThread: Thread finished: Endurance Profile - 500 VU, 15 minutes total 1-106
2026-08-16 16:07:31,547 INFO o.a.j.t.JMeterThread: Thread finished: Endurance Profile - 500 VU, 15 minutes total 1-101
2026-08-16 16:07:31,586 INFO o.a.j.t.JMeterThread: Thread finished: Endurance Profile - 500 VU, 15 minutes total 1-98
2026-08-16 16:07:31,714 INFO o.a.j.t.JMeterThread: Thread finished: Endurance Profile - 500 VU, 15 minutes total 1-97
2026-08-16 16:07:31,761 INFO o.a.j.t.JMeterThread: Thread finished: Endurance Profile - 500 VU, 15 minutes total 1-89
2026-08-16 16:07:32,097 INFO o.a.j.t.JMeterThread: Thread finished: Endurance Profile - 500 VU, 15 minutes total 1-90
2026-08-16 16:07:32,198 INFO o.a.j.t.JMeterThread: Thread finished: Endurance Profile - 500 VU, 15 minutes total 1-87
2026-08-16 16:07:32,418 INFO o.a.j.t.JMeterThread: Thread finished: Endurance Profile - 500 VU, 15 minutes total 1-94
2026-08-16 16:07:32,429 INFO o.a.j.t.JMeterThread: Thread finished: Endurance Profile - 500 VU, 15 minutes total 1-99
2026-08-16 16:07:32,550 INFO o.a.j.t.JMeterThread: Thread finished: Endurance Profile - 500 VU, 15 minutes total 1-92
2026-08-16 16:07:32,697 INFO o.a.j.t.JMeterThread: Thread finished: Endurance Profile - 500 VU, 15 minutes total 1-91
2026-08-16 16:07:32,841 INFO o.a.j.t.JMeterThread: Thread finished: Endurance Profile - 500 VU, 15 minutes total 1-77
2026-08-16 16:07:32,854 INFO o.a.j.t.JMeterThread: Thread finished: Endurance Profile - 500 VU, 15 minutes total 1-85
2026-08-16 16:07:32,899 INFO o.a.j.t.JMeterThread: Thread finished: Endurance Profile - 500 VU, 15 minutes total 1-88
2026-08-16 16:07:33,078 INFO o.a.j.t.JMeterThread: Thread finished: Endurance Profile - 500 VU, 15 minutes total 1-81
2026-08-16 16:07:33,221 INFO o.a.j.t.JMeterThread: Thread finished: Endurance Profile - 500 VU, 15 minutes total 1-86
2026-08-16 16:07:33,287 INFO o.a.j.t.JMeterThread: Thread finished: Endurance Profile - 500 VU, 15 minutes total 1-83
2026-08-16 16:07:33,290 INFO o.a.j.t.JMeterThread: Thread finished: Endurance Profile - 500 VU, 15 minutes total 1-80
2026-08-16 16:07:33,638 INFO o.a.j.t.JMeterThread: Thread finished: Endurance Profile - 500 VU, 15 minutes total 1-78
2026-08-16 16:07:33,771 INFO o.a.j.t.JMeterThread: Thread finished: Endurance Profile - 500 VU, 15 minutes total 1-82
2026-08-16 16:07:34,191 INFO o.a.j.t.JMeterThread: Thread finished: Endurance Profile - 500 VU, 15 minutes total 1-84
2026-08-16 16:07:34,237 INFO o.a.j.t.JMeterThread: Thread finished: Endurance Profile - 500 VU, 15 minutes total 1-73
2026-08-16 16:07:34,495 INFO o.a.j.t.JMeterThread: Thread finished: Endurance Profile - 500 VU, 15 minutes total 1-76
2026-08-16 16:07:34,699 INFO o.a.j.t.JMeterThread: Thread finished: Endurance Profile - 500 VU, 15 minutes total 1-74
2026-08-16 16:07:34,800 INFO o.a.j.t.JMeterThread: Thread finished: Endurance Profile - 500 VU, 15 minutes total 1-72
2026-08-16 16:07:34,801 INFO o.a.j.t.JMeterThread: Thread finished: Endurance Profile - 500 VU, 15 minutes total 1-65
2026-08-16 16:07:34,849 INFO o.a.j.t.JMeterThread: Thread finished: Endurance Profile - 500 VU, 15 minutes total 1-79
2026-08-16 16:07:34,878 INFO o.a.j.t.JMeterThread: Thread finished: Endurance Profile - 500 VU, 15 minutes total 1-59
2026-08-16 16:07:34,883 INFO o.a.j.t.JMeterThread: Thread finished: Endurance Profile - 500 VU, 15 minutes total 1-71
2026-08-16 16:07:35,168 INFO o.a.j.t.JMeterThread: Thread finished: Endurance Profile - 500 VU, 15 minutes total 1-75
2026-08-16 16:07:35,214 INFO o.a.j.t.JMeterThread: Thread finished: Endurance Profile - 500 VU, 15 minutes total 1-69
2026-08-16 16:07:35,306 INFO o.a.j.t.JMeterThread: Thread finished: Endurance Profile - 500 VU, 15 minutes total 1-70
2026-08-16 16:07:35,642 INFO o.a.j.t.JMeterThread: Thread finished: Endurance Profile - 500 VU, 15 minutes total 1-66
2026-08-16 16:07:36,030 INFO o.a.j.t.JMeterThread: Thread finished: Endurance Profile - 500 VU, 15 minutes total 1-61
2026-08-16 16:07:36,062 INFO o.a.j.t.JMeterThread: Thread finished: Endurance Profile - 500 VU, 15 minutes total 1-60
2026-08-16 16:07:36,063 INFO o.a.j.t.JMeterThread: Thread finished: Endurance Profile - 500 VU, 15 minutes total 1-53
2026-08-16 16:07:36,101 INFO o.a.j.t.JMeterThread: Thread finished: Endurance Profile - 500 VU, 15 minutes total 1-63
2026-08-16 16:07:36,118 INFO o.a.j.t.JMeterThread: Thread finished: Endurance Profile - 500 VU, 15 minutes total 1-52
2026-08-16 16:07:36,147 INFO o.a.j.t.JMeterThread: Thread finished: Endurance Profile - 500 VU, 15 minutes total 1-68
2026-08-16 16:07:36,267 INFO o.a.j.t.JMeterThread: Thread finished: Endurance Profile - 500 VU, 15 minutes total 1-46
2026-08-16 16:07:36,268 INFO o.a.j.t.JMeterThread: Thread finished: Endurance Profile - 500 VU, 15 minutes total 1-62
2026-08-16 16:07:36,354 INFO o.a.j.t.JMeterThread: Thread finished: Endurance Profile - 500 VU, 15 minutes total 1-67
2026-08-16 16:07:36,468 INFO o.a.j.t.JMeterThread: Thread finished: Endurance Profile - 500 VU, 15 minutes total 1-64
2026-08-16 16:07:36,483 INFO o.a.j.t.JMeterThread: Thread finished: Endurance Profile - 500 VU, 15 minutes total 1-58
2026-08-16 16:07:36,911 INFO o.a.j.t.JMeterThread: Thread finished: Endurance Profile - 500 VU, 15 minutes total 1-57
2026-08-16 16:07:36,928 INFO o.a.j.t.JMeterThread: Thread finished: Endurance Profile - 500 VU, 15 minutes total 1-51
2026-08-16 16:07:37,068 INFO o.a.j.t.JMeterThread: Thread finished: Endurance Profile - 500 VU, 15 minutes total 1-41
2026-08-16 16:07:37,193 INFO o.a.j.t.JMeterThread: Thread finished: Endurance Profile - 500 VU, 15 minutes total 1-48
2026-08-16 16:07:37,216 INFO o.a.j.t.JMeterThread: Thread finished: Endurance Profile - 500 VU, 15 minutes total 1-43
2026-08-16 16:07:37,404 INFO o.a.j.t.JMeterThread: Thread finished: Endurance Profile - 500 VU, 15 minutes total 1-47
2026-08-16 16:07:37,408 INFO o.a.j.t.JMeterThread: Thread finished: Endurance Profile - 500 VU, 15 minutes total 1-56
2026-08-16 16:07:37,434 INFO o.a.j.t.JMeterThread: Thread finished: Endurance Profile - 500 VU, 15 minutes total 1-54
2026-08-16 16:07:37,572 INFO o.a.j.t.JMeterThread: Thread finished: Endurance Profile - 500 VU, 15 minutes total 1-45
2026-08-16 16:07:37,590 INFO o.a.j.t.JMeterThread: Thread finished: Endurance Profile - 500 VU, 15 minutes total 1-37
2026-08-16 16:07:37,832 INFO o.a.j.t.JMeterThread: Thread finished: Endurance Profile - 500 VU, 15 minutes total 1-55
2026-08-16 16:07:38,128 INFO o.a.j.t.JMeterThread: Thread finished: Endurance Profile - 500 VU, 15 minutes total 1-50
2026-08-16 16:07:38,147 INFO o.a.j.t.JMeterThread: Thread finished: Endurance Profile - 500 VU, 15 minutes total 1-40
2026-08-16 16:07:38,388 INFO o.a.j.t.JMeterThread: Thread finished: Endurance Profile - 500 VU, 15 minutes total 1-49
2026-08-16 16:07:38,424 INFO o.a.j.t.JMeterThread: Thread finished: Endurance Profile - 500 VU, 15 minutes total 1-44
2026-08-16 16:07:38,554 INFO o.a.j.t.JMeterThread: Thread finished: Endurance Profile - 500 VU, 15 minutes total 1-28
2026-08-16 16:07:38,999 INFO o.a.j.t.JMeterThread: Thread finished: Endurance Profile - 500 VU, 15 minutes total 1-31
2026-08-16 16:07:39,265 INFO o.a.j.t.JMeterThread: Thread finished: Endurance Profile - 500 VU, 15 minutes total 1-42
2026-08-16 16:07:39,319 INFO o.a.j.t.JMeterThread: Thread finished: Endurance Profile - 500 VU, 15 minutes total 1-39
2026-08-16 16:07:39,494 INFO o.a.j.t.JMeterThread: Thread finished: Endurance Profile - 500 VU, 15 minutes total 1-35
2026-08-16 16:07:39,506 INFO o.a.j.t.JMeterThread: Thread finished: Endurance Profile - 500 VU, 15 minutes total 1-38
2026-08-16 16:07:39,602 INFO o.a.j.t.JMeterThread: Thread finished: Endurance Profile - 500 VU, 15 minutes total 1-17
2026-08-16 16:07:39,663 INFO o.a.j.t.JMeterThread: Thread finished: Endurance Profile - 500 VU, 15 minutes total 1-34
2026-08-16 16:07:39,720 INFO o.a.j.t.JMeterThread: Thread finished: Endurance Profile - 500 VU, 15 minutes total 1-32
2026-08-16 16:07:39,785 INFO o.a.j.t.JMeterThread: Thread finished: Endurance Profile - 500 VU, 15 minutes total 1-36
2026-08-16 16:07:39,835 INFO o.a.j.t.JMeterThread: Thread finished: Endurance Profile - 500 VU, 15 minutes total 1-23
2026-08-16 16:07:40,029 INFO o.a.j.t.JMeterThread: Thread finished: Endurance Profile - 500 VU, 15 minutes total 1-33
2026-08-16 16:07:40,123 INFO o.a.j.t.JMeterThread: Thread finished: Endurance Profile - 500 VU, 15 minutes total 1-15
2026-08-16 16:07:40,127 INFO o.a.j.t.JMeterThread: Thread finished: Endurance Profile - 500 VU, 15 minutes total 1-27
2026-08-16 16:07:40,459 INFO o.a.j.t.JMeterThread: Thread finished: Endurance Profile - 500 VU, 15 minutes total 1-25
2026-08-16 16:07:40,522 INFO o.a.j.t.JMeterThread: Thread finished: Endurance Profile - 500 VU, 15 minutes total 1-26
2026-08-16 16:07:40,659 INFO o.a.j.t.JMeterThread: Thread finished: Endurance Profile - 500 VU, 15 minutes total 1-16
2026-08-16 16:07:40,659 INFO o.a.j.t.JMeterThread: Thread finished: Endurance Profile - 500 VU, 15 minutes total 1-30
2026-08-16 16:07:40,824 INFO o.a.j.t.JMeterThread: Thread finished: Endurance Profile - 500 VU, 15 minutes total 1-22
2026-08-16 16:07:40,947 INFO o.a.j.t.JMeterThread: Thread finished: Endurance Profile - 500 VU, 15 minutes total 1-29
2026-08-16 16:07:41,037 INFO o.a.j.t.JMeterThread: Thread finished: Endurance Profile - 500 VU, 15 minutes total 1-19
2026-08-16 16:07:41,135 INFO o.a.j.t.JMeterThread: Thread finished: Endurance Profile - 500 VU, 15 minutes total 1-14
2026-08-16 16:07:41,160 INFO o.a.j.t.JMeterThread: Thread finished: Endurance Profile - 500 VU, 15 minutes total 1-24
2026-08-16 16:07:41,296 INFO o.a.j.t.JMeterThread: Thread finished: Endurance Profile - 500 VU, 15 minutes total 1-21
2026-08-16 16:07:41,486 INFO o.a.j.t.JMeterThread: Thread finished: Endurance Profile - 500 VU, 15 minutes total 1-18
2026-08-16 16:07:41,514 INFO o.a.j.t.JMeterThread: Thread finished: Endurance Profile - 500 VU, 15 minutes total 1-20
2026-08-16 16:07:41,619 INFO o.a.j.t.JMeterThread: Thread finished: Endurance Profile - 500 VU, 15 minutes total 1-6
2026-08-16 16:07:41,939 INFO o.a.j.t.JMeterThread: Thread finished: Endurance Profile - 500 VU, 15 minutes total 1-7
2026-08-16 16:07:42,134 INFO o.a.j.t.JMeterThread: Thread finished: Endurance Profile - 500 VU, 15 minutes total 1-10
2026-08-16 16:07:42,360 INFO o.a.j.t.JMeterThread: Thread finished: Endurance Profile - 500 VU, 15 minutes total 1-9
2026-08-16 16:07:42,367 INFO o.a.j.t.JMeterThread: Thread finished: Endurance Profile - 500 VU, 15 minutes total 1-12
2026-08-16 16:07:42,466 INFO o.a.j.t.JMeterThread: Thread finished: Endurance Profile - 500 VU, 15 minutes total 1-1
2026-08-16 16:07:42,474 INFO o.a.j.t.JMeterThread: Thread finished: Endurance Profile - 500 VU, 15 minutes total 1-13
2026-08-16 16:07:42,490 INFO o.a.j.t.JMeterThread: Thread finished: Endurance Profile - 500 VU, 15 minutes total 1-4
2026-08-16 16:07:42,783 INFO o.a.j.t.JMeterThread: Thread finished: Endurance Profile - 500 VU, 15 minutes total 1-11
2026-08-16 16:07:42,965 INFO o.a.j.t.JMeterThread: Thread finished: Endurance Profile - 500 VU, 15 minutes total 1-2
2026-08-16 16:07:43,122 INFO o.a.j.t.JMeterThread: Thread finished: Endurance Profile - 500 VU, 15 minutes total 1-5
2026-08-16 16:07:43,297 INFO o.a.j.t.JMeterThread: Thread finished: Endurance Profile - 500 VU, 15 minutes total 1-3
2026-08-16 16:07:43,404 INFO o.a.j.t.JMeterThread: Thread finished: Endurance Profile - 500 VU, 15 minutes total 1-8
2026-08-16 16:07:43,404 INFO o.a.j.e.StandardJMeterEngine: Notifying test listeners of end of test
2026-08-16 16:07:43,409 INFO o.a.j.r.Summariser: summary +    110 in 00:00:13 =    8.3/s Avg:  3976 Min:     1 Max: 10759 Err:     0 (0.00%) Active: 0 Started: 500 Finished: 500
2026-08-16 16:07:43,409 INFO o.a.j.r.Summariser: summary =    500 in 00:14:59 =    0.6/s Avg:  4082 Min:     0 Max: 10759 Err:     0 (0.00%)
2026-08-16 16:07:43,409 INFO o.a.j.JMeter: Generating Dashboard
2026-08-16 16:07:43,409 INFO o.a.j.r.d.ReportGenerator: Flushing result collector before report Generation
2026-08-16 16:07:43,441 INFO o.a.j.r.p.NormalizerSampleConsumer: Using format, 'ms', to parse timeStamp field
2026-08-16 16:07:45,980 INFO o.a.j.r.p.AbstractSampleConsumer: class org.apache.jmeter.report.processor.AggregateConsumer#stopProducing(): beginDate produced 0 samples
2026-08-16 16:07:45,980 INFO o.a.j.r.p.AbstractSampleConsumer: class org.apache.jmeter.report.processor.AggregateConsumer#stopProducing(): endDate produced 0 samples
2026-08-16 16:07:45,982 INFO o.a.j.r.p.AbstractSampleConsumer: class org.apache.jmeter.report.processor.ApdexSummaryConsumer#stopProducing(): apdexSummary produced 0 samples
2026-08-16 16:07:45,982 INFO o.a.j.r.p.AbstractSampleConsumer: class org.apache.jmeter.report.processor.RequestsSummaryConsumer#stopProducing(): requestsSummary produced 0 samples
2026-08-16 16:07:45,995 INFO o.a.j.r.p.AbstractSampleConsumer: class org.apache.jmeter.report.processor.StatisticsSummaryConsumer#stopProducing(): statisticsSummary produced 0 samples
2026-08-16 16:07:45,995 INFO o.a.j.r.p.AbstractSampleConsumer: class org.apache.jmeter.report.processor.Top5ErrorsBySamplerConsumer#stopProducing(): top5ErrorsBySampler produced 0 samples
2026-08-16 16:07:45,995 INFO o.a.j.r.p.AbstractSampleConsumer: class org.apache.jmeter.report.processor.ErrorsSummaryConsumer#stopProducing(): errorsSummary produced 0 samples
2026-08-16 16:07:45,995 INFO o.a.j.r.p.AbstractSampleConsumer: class org.apache.jmeter.report.processor.graph.impl.HitsPerSecondGraphConsumer#stopProducing(): hitsPerSecond produced 0 samples
2026-08-16 16:07:47,206 INFO o.a.j.r.p.AbstractSampleConsumer: class org.apache.jmeter.report.processor.graph.impl.LatencyVSRequestGraphConsumer#stopProducing(): latencyVsRequest produced 0 samples
2026-08-16 16:07:47,215 INFO o.a.j.r.p.AbstractSampleConsumer: class org.apache.jmeter.report.processor.graph.impl.SyntheticResponseTimeDistributionGraphConsumer#stopProducing(): syntheticResponseTimeDistribution produced 0 samples
2026-08-16 16:07:47,215 INFO o.a.j.r.p.AbstractSampleConsumer: class org.apache.jmeter.report.processor.graph.impl.BytesThroughputGraphConsumer#stopProducing(): bytesThroughputOverTime produced 0 samples
2026-08-16 16:07:47,215 INFO o.a.j.r.p.AbstractSampleConsumer: class org.apache.jmeter.report.processor.graph.impl.CodesPerSecondGraphConsumer#stopProducing(): codesPerSecond produced 0 samples
2026-08-16 16:07:48,411 INFO o.a.j.r.p.AbstractSampleConsumer: class org.apache.jmeter.report.processor.graph.impl.ResponseTimeVSRequestGraphConsumer#stopProducing(): responseTimeVsRequest produced 0 samples
2026-08-16 16:07:48,414 INFO o.a.j.r.p.AbstractSampleConsumer: class org.apache.jmeter.report.processor.FilterConsumer#stopProducing(): startIntervalControlerFilter produced 1702498 samples
2026-08-16 16:07:48,414 INFO o.a.j.r.p.AbstractSampleConsumer: class org.apache.jmeter.report.processor.graph.impl.TotalTPSGraphConsumer#stopProducing(): totalTPS produced 0 samples
2026-08-16 16:07:48,414 INFO o.a.j.r.p.AbstractSampleConsumer: class org.apache.jmeter.report.processor.graph.impl.ActiveThreadsGraphConsumer#stopProducing(): activeThreadsOverTime produced 0 samples
2026-08-16 16:07:48,414 INFO o.a.j.r.p.AbstractSampleConsumer: class org.apache.jmeter.report.processor.graph.impl.TimeVSThreadGraphConsumer#stopProducing(): timeVsThreads produced 0 samples
2026-08-16 16:07:48,414 INFO o.a.j.r.p.AbstractSampleConsumer: class org.apache.jmeter.report.processor.graph.impl.ResponseTimeDistributionGraphConsumer#stopProducing(): responseTimeDistribution produced 0 samples
2026-08-16 16:07:48,414 INFO o.a.j.r.p.AbstractSampleConsumer: class org.apache.jmeter.report.processor.graph.impl.TransactionsPerSecondGraphConsumer#stopProducing(): transactionsPerSecond produced 0 samples
2026-08-16 16:07:48,414 INFO o.a.j.r.p.AbstractSampleConsumer: class org.apache.jmeter.report.processor.graph.impl.ResponseTimePercentilesGraphConsumer#stopProducing(): responseTimePercentiles produced 0 samples
2026-08-16 16:07:48,414 INFO o.a.j.r.p.AbstractSampleConsumer: class org.apache.jmeter.report.processor.graph.impl.ResponseTimePercentilesOverTimeGraphConsumer#stopProducing(): responseTimePercentilesOverTime produced 0 samples
2026-08-16 16:07:48,427 INFO o.a.j.r.p.AbstractSampleConsumer: class org.apache.jmeter.report.processor.graph.impl.ResponseTimeOverTimeGraphConsumer#stopProducing(): responseTimesOverTime produced 0 samples
2026-08-16 16:07:48,427 INFO o.a.j.r.p.AbstractSampleConsumer: class org.apache.jmeter.report.processor.graph.impl.ConnectTimeOverTimeGraphConsumer#stopProducing(): connectTimeOverTime produced 0 samples
2026-08-16 16:07:48,427 INFO o.a.j.r.p.AbstractSampleConsumer: class org.apache.jmeter.report.processor.graph.impl.LatencyOverTimeGraphConsumer#stopProducing(): latenciesOverTime produced 0 samples
2026-08-16 16:07:48,427 INFO o.a.j.r.p.AbstractSampleConsumer: class org.apache.jmeter.report.processor.FilterConsumer#stopProducing(): nameFilter produced 4251195 samples
2026-08-16 16:07:48,427 INFO o.a.j.r.p.AbstractSampleConsumer: class org.apache.jmeter.report.processor.FilterConsumer#stopProducing(): dateRangeFilter produced 850239 samples
2026-08-16 16:07:48,427 INFO o.a.j.r.p.AbstractSampleConsumer: class org.apache.jmeter.report.processor.NormalizerSampleConsumer#stopProducing(): normalizer produced 283413 samples
2026-08-16 16:07:48,427 INFO o.a.j.r.p.CsvFileSampleSource: produce(): 283413 samples produced in 4s 970 ms on channel 0
2026-08-16 16:07:48,427 INFO o.a.j.r.d.ReportGenerator: Exporting data using exporter:'json' of className:'org.apache.jmeter.report.dashboard.JsonExporter'
2026-08-16 16:07:48,486 INFO o.a.j.r.d.JsonExporter: Found data for consumer statisticsSummary in context
2026-08-16 16:07:48,486 INFO o.a.j.r.d.JsonExporter: Creating statistics for overall
2026-08-16 16:07:48,486 INFO o.a.j.r.d.JsonExporter: Creating statistics for other transactions
2026-08-16 16:07:48,486 INFO o.a.j.r.d.JsonExporter: Checking output folder
2026-08-16 16:07:48,486 INFO o.a.j.r.d.JsonExporter: Writing statistics JSON to D:\group05_eshop\HW\week09\TheDat\results\endurance\23127340_Endurance_20260816_155242_html\statistics.json
2026-08-16 16:07:48,507 INFO o.a.j.r.d.ReportGenerator: Exporting data using exporter:'html' of className:'org.apache.jmeter.report.dashboard.HtmlTemplateExporter'
2026-08-16 16:07:48,514 INFO o.a.j.r.d.HtmlTemplateExporter: Will generate dashboard in folder: D:\group05_eshop\HW\week09\TheDat\results\endurance\23127340_Endurance_20260816_155242_html
2026-08-16 16:07:48,645 INFO o.a.j.r.d.HtmlTemplateExporter: Report will be generated in: D:\group05_eshop\HW\week09\TheDat\results\endurance\23127340_Endurance_20260816_155242_html, creating folder structure
2026-08-16 16:07:48,647 INFO o.a.j.r.d.TemplateVisitor: Copying folder from 'C:\tools\apache-jmeter-5.6.3\bin\report-template' to 'D:\group05_eshop\HW\week09\TheDat\results\endurance\23127340_Endurance_20260816_155242_html', got message: D:\group05_eshop\HW\week09\TheDat\results\endurance\23127340_Endurance_20260816_155242_html, found non empty folder with following content [D:\group05_eshop\HW\week09\TheDat\results\endurance\23127340_Endurance_20260816_155242_html\statistics.json], will be ignored
2026-08-16 16:07:48,810 INFO o.a.j.JMeter: Dashboard generated
