2026-08-16 15:35:44,020 INFO o.a.j.u.JMeterUtils: Setting Locale to en_EN
2026-08-16 15:35:44,042 INFO o.a.j.JMeter: Loading user properties from: C:\tools\apache-jmeter-5.6.3\bin\user.properties
2026-08-16 15:35:44,042 INFO o.a.j.JMeter: Loading system properties from: C:\tools\apache-jmeter-5.6.3\bin\system.properties
2026-08-16 15:35:44,042 INFO o.a.j.JMeter: Copyright (c) 1998-2024 The Apache Software Foundation
2026-08-16 15:35:44,042 INFO o.a.j.JMeter: Version 5.6.3
2026-08-16 15:35:44,042 INFO o.a.j.JMeter: java.version=21.0.11
2026-08-16 15:35:44,042 INFO o.a.j.JMeter: java.vm.name=Java HotSpot(TM) 64-Bit Server VM
2026-08-16 15:35:44,042 INFO o.a.j.JMeter: os.name=Windows 11
2026-08-16 15:35:44,042 INFO o.a.j.JMeter: os.arch=amd64
2026-08-16 15:35:44,042 INFO o.a.j.JMeter: os.version=10.0
2026-08-16 15:35:44,042 INFO o.a.j.JMeter: file.encoding=UTF-8
2026-08-16 15:35:44,042 INFO o.a.j.JMeter: java.awt.headless=true
2026-08-16 15:35:44,042 INFO o.a.j.JMeter: Max memory     =1073741824
2026-08-16 15:35:44,042 INFO o.a.j.JMeter: Available Processors =16
2026-08-16 15:35:44,053 INFO o.a.j.JMeter: Default Locale=English (EN)
2026-08-16 15:35:44,053 INFO o.a.j.JMeter: JMeter  Locale=English (EN)
2026-08-16 15:35:44,053 INFO o.a.j.JMeter: JMeterHome=C:\tools\apache-jmeter-5.6.3
2026-08-16 15:35:44,053 INFO o.a.j.JMeter: user.dir  =D:\group05_eshop
2026-08-16 15:35:44,053 INFO o.a.j.JMeter: PWD       =D:\group05_eshop
2026-08-16 15:35:44,053 INFO o.a.j.JMeter: IP: 172.16.16.28 Name: LAPTOP-MVP7T81B FullName: LAPTOP-MVP7T81B
2026-08-16 15:35:44,053 INFO o.a.j.JMeter: Setting property 'jmeter.reportgenerator.outputdir' to:'D:\group05_eshop\HW\week09\TheDat\results\spike\23127340_Spike_20260816_153542_html'
2026-08-16 15:35:44,053 INFO o.a.j.s.FileServer: Default base='D:\group05_eshop'
2026-08-16 15:35:44,064 INFO o.a.j.s.FileServer: Set new base='D:\group05_eshop\HW\week09\TheDat\test-plans'
2026-08-16 15:35:44,157 INFO o.a.j.s.SaveService: Testplan (JMX) version: 2.2. Testlog (JTL) version: 2.2
2026-08-16 15:35:44,190 INFO o.a.j.s.SaveService: Using SaveService properties version 5.0
2026-08-16 15:35:44,190 INFO o.a.j.s.SaveService: Using SaveService properties file encoding UTF-8
2026-08-16 15:35:44,195 INFO o.a.j.s.SaveService: Loading file: HW\week09\TheDat\test-plans\23127340_Spike_20260816.jmx
2026-08-16 15:35:44,240 INFO o.a.j.p.h.s.HTTPSamplerBase: Parser for text/html is org.apache.jmeter.protocol.http.parser.LagartoBasedHtmlParser
2026-08-16 15:35:44,240 INFO o.a.j.p.h.s.HTTPSamplerBase: Parser for application/xhtml+xml is org.apache.jmeter.protocol.http.parser.LagartoBasedHtmlParser
2026-08-16 15:35:44,240 INFO o.a.j.p.h.s.HTTPSamplerBase: Parser for application/xml is org.apache.jmeter.protocol.http.parser.LagartoBasedHtmlParser
2026-08-16 15:35:44,240 INFO o.a.j.p.h.s.HTTPSamplerBase: Parser for text/xml is org.apache.jmeter.protocol.http.parser.LagartoBasedHtmlParser
2026-08-16 15:35:44,241 INFO o.a.j.p.h.s.HTTPSamplerBase: Parser for text/vnd.wap.wml is org.apache.jmeter.protocol.http.parser.RegexpHTMLParser
2026-08-16 15:35:44,241 INFO o.a.j.p.h.s.HTTPSamplerBase: Parser for text/css is org.apache.jmeter.protocol.http.parser.CssParser
2026-08-16 15:35:44,282 INFO o.a.j.JMeter: Creating summariser <summary>
2026-08-16 15:35:44,284 INFO o.a.j.r.d.ReportGenerator: ReportGenerator will use for Parsing the separator: ','
2026-08-16 15:35:44,284 INFO o.a.j.r.d.ReportGenerator: Will generate report at end of test from  results file: HW/week09/TheDat/results/spike/23127340_Spike_20260816_153542.jtl
2026-08-16 15:35:44,284 INFO o.a.j.r.d.ReportGenerator: Reading report generator properties from: C:\tools\apache-jmeter-5.6.3\bin\reportgenerator.properties
2026-08-16 15:35:44,284 INFO o.a.j.r.d.ReportGenerator: Merging with JMeter properties
2026-08-16 15:35:44,287 INFO o.a.j.r.c.ReportGeneratorConfiguration: Property 'jmeter.reportgenerator.temp_dir' not found, using default value 'temp' instead.
2026-08-16 15:35:44,288 INFO o.a.j.r.c.ReportGeneratorConfiguration: Property 'jmeter.reportgenerator.apdex_per_transaction' not found, using default value 'null' instead.
2026-08-16 15:35:44,288 INFO o.a.j.r.c.ReportGeneratorConfiguration: apdex_per_transaction is empty, not APDEX per transaction customization
2026-08-16 15:35:44,288 INFO o.a.j.r.c.ReportGeneratorConfiguration: Property 'jmeter.reportgenerator.sample_filter' not found, using default value 'null' instead.
2026-08-16 15:35:44,289 INFO o.a.j.r.c.ReportGeneratorConfiguration: Property 'jmeter.reportgenerator.report_title' not found, using default value 'null' instead.
2026-08-16 15:35:44,289 INFO o.a.j.r.c.ReportGeneratorConfiguration: Property 'jmeter.reportgenerator.start_date' not found, using default value 'null' instead.
2026-08-16 15:35:44,289 INFO o.a.j.r.c.ReportGeneratorConfiguration: Property 'jmeter.reportgenerator.end_date' not found, using default value 'null' instead.
2026-08-16 15:35:44,289 INFO o.a.j.r.c.ReportGeneratorConfiguration: Property 'jmeter.reportgenerator.date_format' not found, using default value 'null' instead.
2026-08-16 15:35:44,289 INFO o.a.j.r.c.ReportGeneratorConfiguration: Will use date range start date: null, end date: null
2026-08-16 15:35:44,291 INFO o.a.j.r.c.ReportGeneratorConfiguration: Property 'jmeter.reportgenerator.graph.totalTPS.exclude_controllers' not found, using default value 'false' instead.
2026-08-16 15:35:44,291 INFO o.a.j.r.c.ReportGeneratorConfiguration: Property 'jmeter.reportgenerator.graph.activeThreadsOverTime.exclude_controllers' not found, using default value 'false' instead.
2026-08-16 15:35:44,291 INFO o.a.j.r.c.ReportGeneratorConfiguration: Property 'jmeter.reportgenerator.graph.timeVsThreads.exclude_controllers' not found, using default value 'false' instead.
2026-08-16 15:35:44,291 INFO o.a.j.r.c.ReportGeneratorConfiguration: Property 'jmeter.reportgenerator.graph.responseTimeDistribution.exclude_controllers' not found, using default value 'false' instead.
2026-08-16 15:35:44,291 INFO o.a.j.r.c.ReportGeneratorConfiguration: Property 'jmeter.reportgenerator.graph.transactionsPerSecond.exclude_controllers' not found, using default value 'false' instead.
2026-08-16 15:35:44,291 INFO o.a.j.r.c.ReportGeneratorConfiguration: Property 'jmeter.reportgenerator.graph.responseTimePercentiles.exclude_controllers' not found, using default value 'false' instead.
2026-08-16 15:35:44,292 INFO o.a.j.r.c.ReportGeneratorConfiguration: Property 'jmeter.reportgenerator.graph.responseTimePercentilesOverTime.exclude_controllers' not found, using default value 'false' instead.
2026-08-16 15:35:44,292 INFO o.a.j.r.c.ReportGeneratorConfiguration: Property 'jmeter.reportgenerator.graph.responseTimesOverTime.exclude_controllers' not found, using default value 'false' instead.
2026-08-16 15:35:44,292 INFO o.a.j.r.c.ReportGeneratorConfiguration: Property 'jmeter.reportgenerator.graph.connectTimeOverTime.exclude_controllers' not found, using default value 'false' instead.
2026-08-16 15:35:44,292 INFO o.a.j.r.c.ReportGeneratorConfiguration: Property 'jmeter.reportgenerator.graph.latenciesOverTime.exclude_controllers' not found, using default value 'false' instead.
2026-08-16 15:35:44,293 INFO o.a.j.r.c.ReportGeneratorConfiguration: Property 'jmeter.reportgenerator.exporter.json.filters_only_sample_series' not found, using default value 'true' instead.
2026-08-16 15:35:44,293 INFO o.a.j.r.c.ReportGeneratorConfiguration: Property 'jmeter.reportgenerator.exporter.json.series_filter' not found, using default value '' instead.
2026-08-16 15:35:44,293 INFO o.a.j.r.c.ReportGeneratorConfiguration: Property 'jmeter.reportgenerator.exporter.json.show_controllers_only' not found, using default value 'false' instead.
2026-08-16 15:35:44,293 INFO o.a.j.r.c.ReportGeneratorConfiguration: Property 'jmeter.reportgenerator.exporter.html.filters_only_sample_series' not found, using default value 'true' instead.
2026-08-16 15:35:44,293 INFO o.a.j.r.c.ReportGeneratorConfiguration: Property 'jmeter.reportgenerator.exporter.html.series_filter' not found, using default value '' instead.
2026-08-16 15:35:44,293 INFO o.a.j.r.c.ReportGeneratorConfiguration: Property 'jmeter.reportgenerator.exporter.html.show_controllers_only' not found, using default value 'false' instead.
2026-08-16 15:35:44,302 INFO o.a.j.e.StandardJMeterEngine: Running the test!
2026-08-16 15:35:44,303 INFO o.a.j.s.SampleEvent: List of sample_variables: []
2026-08-16 15:35:44,303 INFO o.a.j.s.SampleEvent: List of sample_variables: []
2026-08-16 15:35:44,305 INFO o.a.j.e.u.CompoundVariable: Note: Function class names must contain the string: '.functions.'
2026-08-16 15:35:44,306 INFO o.a.j.e.u.CompoundVariable: Note: Function class names must not contain the string: '.gui.'
2026-08-16 15:35:44,335 INFO o.a.j.r.ClassFinder: Will scan jar C:\tools\apache-jmeter-5.6.3\lib\ext\jmeter-plugins-manager-2.0.jar with filter ExtendsClassFilter [parents=[interface org.apache.jmeter.functions.Function], inner=false, contains=null, notContains=null]. Consider exposing JMeter plugins via META-INF/services, and add JMeter-Skip-Class-Scanning=true manifest attribute so JMeter can skip classfile scanning
2026-08-16 15:35:44,358 INFO o.a.j.r.ClassFinder: Will scan jar C:\tools\apache-jmeter-5.6.3\lib\ext\jmeter-plugins-manager-1.12.jar with filter ExtendsClassFilter [parents=[interface org.apache.jmeter.functions.Function], inner=false, contains=null, notContains=null]. Consider exposing JMeter plugins via META-INF/services, and add JMeter-Skip-Class-Scanning=true manifest attribute so JMeter can skip classfile scanning
2026-08-16 15:35:44,410 INFO o.a.j.r.ClassFinder: Will scan jar C:\tools\apache-jmeter-5.6.3\lib\ext\jmeter-plugins-casutg-3.1.1.jar with filter ExtendsClassFilter [parents=[interface org.apache.jmeter.functions.Function], inner=false, contains=null, notContains=null]. Consider exposing JMeter plugins via META-INF/services, and add JMeter-Skip-Class-Scanning=true manifest attribute so JMeter can skip classfile scanning
2026-08-16 15:35:44,561 INFO o.a.j.JMeter: Running test (1786869344561)
2026-08-16 15:35:44,574 INFO o.a.j.e.StandardJMeterEngine: Starting ThreadGroup: 1 : Spike Profile - 100 to 1000 to 100 VU
2026-08-16 15:35:44,574 INFO o.a.j.e.StandardJMeterEngine: Starting 1000 threads for group Spike Profile - 100 to 1000 to 100 VU.
2026-08-16 15:35:44,574 INFO o.a.j.e.StandardJMeterEngine: Thread will start next loop on error
2026-08-16 15:35:44,574 INFO k.a.j.t.AbstractSimpleThreadGroup: Starting thread group number 1 threads 1000
2026-08-16 15:35:44,581 INFO o.a.j.s.SampleResult: Note: Sample TimeStamps are START times
2026-08-16 15:35:44,581 INFO o.a.j.s.SampleResult: sampleresult.default.encoding is set to UTF-8
2026-08-16 15:35:44,581 INFO o.a.j.s.SampleResult: sampleresult.useNanoTime=true
2026-08-16 15:35:44,581 INFO o.a.j.s.SampleResult: sampleresult.nanoThreadSleep=5000
2026-08-16 15:35:44,629 INFO o.a.j.t.JMeterThread: Thread started: Spike Profile - 100 to 1000 to 100 VU 1-96
2026-08-16 15:35:44,629 INFO o.a.j.t.JMeterThread: Thread started: Spike Profile - 100 to 1000 to 100 VU 1-97
2026-08-16 15:35:44,629 INFO o.a.j.t.JMeterThread: Thread started: Spike Profile - 100 to 1000 to 100 VU 1-98
2026-08-16 15:35:44,630 INFO o.a.j.t.JMeterThread: Thread started: Spike Profile - 100 to 1000 to 100 VU 1-99
2026-08-16 15:35:44,630 INFO o.a.j.t.JMeterThread: Thread started: Spike Profile - 100 to 1000 to 100 VU 1-100
2026-08-16 15:35:44,635 INFO o.a.j.t.JMeterThread: Thread started: Spike Profile - 100 to 1000 to 100 VU 1-95
2026-08-16 15:35:44,645 INFO o.a.j.t.JMeterThread: Thread started: Spike Profile - 100 to 1000 to 100 VU 1-94
2026-08-16 15:35:44,655 INFO o.a.j.t.JMeterThread: Thread started: Spike Profile - 100 to 1000 to 100 VU 1-93
2026-08-16 15:35:44,665 INFO o.a.j.t.JMeterThread: Thread started: Spike Profile - 100 to 1000 to 100 VU 1-92
2026-08-16 15:35:44,675 INFO o.a.j.t.JMeterThread: Thread started: Spike Profile - 100 to 1000 to 100 VU 1-91
2026-08-16 15:35:44,685 INFO o.a.j.t.JMeterThread: Thread started: Spike Profile - 100 to 1000 to 100 VU 1-90
2026-08-16 15:35:44,694 INFO o.a.j.t.JMeterThread: Thread started: Spike Profile - 100 to 1000 to 100 VU 1-89
2026-08-16 15:35:44,704 INFO o.a.j.t.JMeterThread: Thread started: Spike Profile - 100 to 1000 to 100 VU 1-88
2026-08-16 15:35:44,715 INFO o.a.j.t.JMeterThread: Thread started: Spike Profile - 100 to 1000 to 100 VU 1-87
2026-08-16 15:35:44,724 INFO o.a.j.t.JMeterThread: Thread started: Spike Profile - 100 to 1000 to 100 VU 1-86
2026-08-16 15:35:44,736 INFO o.a.j.t.JMeterThread: Thread started: Spike Profile - 100 to 1000 to 100 VU 1-85
2026-08-16 15:35:44,745 INFO o.a.j.t.JMeterThread: Thread started: Spike Profile - 100 to 1000 to 100 VU 1-84
2026-08-16 15:35:44,755 INFO o.a.j.t.JMeterThread: Thread started: Spike Profile - 100 to 1000 to 100 VU 1-83
2026-08-16 15:35:44,765 INFO o.a.j.t.JMeterThread: Thread started: Spike Profile - 100 to 1000 to 100 VU 1-82
2026-08-16 15:35:44,774 INFO o.a.j.t.JMeterThread: Thread started: Spike Profile - 100 to 1000 to 100 VU 1-81
2026-08-16 15:35:44,785 INFO o.a.j.t.JMeterThread: Thread started: Spike Profile - 100 to 1000 to 100 VU 1-80
2026-08-16 15:35:44,799 INFO o.a.j.t.JMeterThread: Thread started: Spike Profile - 100 to 1000 to 100 VU 1-79
2026-08-16 15:35:44,805 INFO o.a.j.t.JMeterThread: Thread started: Spike Profile - 100 to 1000 to 100 VU 1-78
2026-08-16 15:35:44,815 INFO o.a.j.t.JMeterThread: Thread started: Spike Profile - 100 to 1000 to 100 VU 1-77
2026-08-16 15:35:44,825 INFO o.a.j.t.JMeterThread: Thread started: Spike Profile - 100 to 1000 to 100 VU 1-76
2026-08-16 15:35:44,835 INFO o.a.j.t.JMeterThread: Thread started: Spike Profile - 100 to 1000 to 100 VU 1-75
2026-08-16 15:35:44,845 INFO o.a.j.t.JMeterThread: Thread started: Spike Profile - 100 to 1000 to 100 VU 1-74
2026-08-16 15:35:44,855 INFO o.a.j.t.JMeterThread: Thread started: Spike Profile - 100 to 1000 to 100 VU 1-73
2026-08-16 15:35:44,865 INFO o.a.j.t.JMeterThread: Thread started: Spike Profile - 100 to 1000 to 100 VU 1-72
2026-08-16 15:35:44,875 INFO o.a.j.t.JMeterThread: Thread started: Spike Profile - 100 to 1000 to 100 VU 1-71
2026-08-16 15:35:44,887 INFO o.a.j.t.JMeterThread: Thread started: Spike Profile - 100 to 1000 to 100 VU 1-70
2026-08-16 15:35:44,895 INFO o.a.j.t.JMeterThread: Thread started: Spike Profile - 100 to 1000 to 100 VU 1-69
2026-08-16 15:35:44,905 INFO o.a.j.t.JMeterThread: Thread started: Spike Profile - 100 to 1000 to 100 VU 1-68
2026-08-16 15:35:44,916 INFO o.a.j.t.JMeterThread: Thread started: Spike Profile - 100 to 1000 to 100 VU 1-67
2026-08-16 15:35:44,925 INFO o.a.j.t.JMeterThread: Thread started: Spike Profile - 100 to 1000 to 100 VU 1-66
2026-08-16 15:35:44,935 INFO o.a.j.t.JMeterThread: Thread started: Spike Profile - 100 to 1000 to 100 VU 1-65
2026-08-16 15:35:44,942 INFO k.a.j.t.AbstractSimpleThreadGroup: Started thread group number 1
2026-08-16 15:35:44,943 INFO o.a.j.e.StandardJMeterEngine: All thread groups have been started
2026-08-16 15:35:44,946 INFO o.a.j.t.JMeterThread: Thread started: Spike Profile - 100 to 1000 to 100 VU 1-64
2026-08-16 15:35:44,955 INFO o.a.j.t.JMeterThread: Thread started: Spike Profile - 100 to 1000 to 100 VU 1-63
2026-08-16 15:35:44,965 INFO o.a.j.t.JMeterThread: Thread started: Spike Profile - 100 to 1000 to 100 VU 1-62
2026-08-16 15:35:44,977 INFO o.a.j.t.JMeterThread: Thread started: Spike Profile - 100 to 1000 to 100 VU 1-61
2026-08-16 15:35:44,985 INFO o.a.j.t.JMeterThread: Thread started: Spike Profile - 100 to 1000 to 100 VU 1-60
2026-08-16 15:35:44,996 INFO o.a.j.t.JMeterThread: Thread started: Spike Profile - 100 to 1000 to 100 VU 1-59
2026-08-16 15:35:45,005 INFO o.a.j.t.JMeterThread: Thread started: Spike Profile - 100 to 1000 to 100 VU 1-58
2026-08-16 15:35:45,015 INFO o.a.j.t.JMeterThread: Thread started: Spike Profile - 100 to 1000 to 100 VU 1-57
2026-08-16 15:35:45,025 INFO o.a.j.t.JMeterThread: Thread started: Spike Profile - 100 to 1000 to 100 VU 1-56
2026-08-16 15:35:45,035 INFO o.a.j.t.JMeterThread: Thread started: Spike Profile - 100 to 1000 to 100 VU 1-55
2026-08-16 15:35:45,045 INFO o.a.j.t.JMeterThread: Thread started: Spike Profile - 100 to 1000 to 100 VU 1-54
2026-08-16 15:35:45,055 INFO o.a.j.t.JMeterThread: Thread started: Spike Profile - 100 to 1000 to 100 VU 1-53
2026-08-16 15:35:45,065 INFO o.a.j.t.JMeterThread: Thread started: Spike Profile - 100 to 1000 to 100 VU 1-52
2026-08-16 15:35:45,075 INFO o.a.j.t.JMeterThread: Thread started: Spike Profile - 100 to 1000 to 100 VU 1-51
2026-08-16 15:35:45,085 INFO o.a.j.t.JMeterThread: Thread started: Spike Profile - 100 to 1000 to 100 VU 1-50
2026-08-16 15:35:45,095 INFO o.a.j.t.JMeterThread: Thread started: Spike Profile - 100 to 1000 to 100 VU 1-49
2026-08-16 15:35:45,105 INFO o.a.j.t.JMeterThread: Thread started: Spike Profile - 100 to 1000 to 100 VU 1-48
2026-08-16 15:35:45,114 INFO o.a.j.t.JMeterThread: Thread started: Spike Profile - 100 to 1000 to 100 VU 1-47
2026-08-16 15:35:45,125 INFO o.a.j.t.JMeterThread: Thread started: Spike Profile - 100 to 1000 to 100 VU 1-46
2026-08-16 15:35:45,134 INFO o.a.j.t.JMeterThread: Thread started: Spike Profile - 100 to 1000 to 100 VU 1-45
2026-08-16 15:35:45,144 INFO o.a.j.t.JMeterThread: Thread started: Spike Profile - 100 to 1000 to 100 VU 1-44
2026-08-16 15:35:45,154 INFO o.a.j.t.JMeterThread: Thread started: Spike Profile - 100 to 1000 to 100 VU 1-43
2026-08-16 15:35:45,164 INFO o.a.j.t.JMeterThread: Thread started: Spike Profile - 100 to 1000 to 100 VU 1-42
2026-08-16 15:35:45,174 INFO o.a.j.t.JMeterThread: Thread started: Spike Profile - 100 to 1000 to 100 VU 1-41
2026-08-16 15:35:45,184 INFO o.a.j.t.JMeterThread: Thread started: Spike Profile - 100 to 1000 to 100 VU 1-40
2026-08-16 15:35:45,195 INFO o.a.j.t.JMeterThread: Thread started: Spike Profile - 100 to 1000 to 100 VU 1-39
2026-08-16 15:35:45,204 INFO o.a.j.t.JMeterThread: Thread started: Spike Profile - 100 to 1000 to 100 VU 1-38
2026-08-16 15:35:45,215 INFO o.a.j.t.JMeterThread: Thread started: Spike Profile - 100 to 1000 to 100 VU 1-37
2026-08-16 15:35:45,225 INFO o.a.j.t.JMeterThread: Thread started: Spike Profile - 100 to 1000 to 100 VU 1-36
2026-08-16 15:35:45,235 INFO o.a.j.t.JMeterThread: Thread started: Spike Profile - 100 to 1000 to 100 VU 1-35
2026-08-16 15:35:45,245 INFO o.a.j.t.JMeterThread: Thread started: Spike Profile - 100 to 1000 to 100 VU 1-34
2026-08-16 15:35:45,254 INFO o.a.j.t.JMeterThread: Thread started: Spike Profile - 100 to 1000 to 100 VU 1-33
2026-08-16 15:35:45,265 INFO o.a.j.t.JMeterThread: Thread started: Spike Profile - 100 to 1000 to 100 VU 1-32
2026-08-16 15:35:45,276 INFO o.a.j.t.JMeterThread: Thread started: Spike Profile - 100 to 1000 to 100 VU 1-31
2026-08-16 15:35:45,284 INFO o.a.j.t.JMeterThread: Thread started: Spike Profile - 100 to 1000 to 100 VU 1-30
2026-08-16 15:35:45,296 INFO o.a.j.t.JMeterThread: Thread started: Spike Profile - 100 to 1000 to 100 VU 1-29
2026-08-16 15:35:45,305 INFO o.a.j.t.JMeterThread: Thread started: Spike Profile - 100 to 1000 to 100 VU 1-28
2026-08-16 15:35:45,315 INFO o.a.j.t.JMeterThread: Thread started: Spike Profile - 100 to 1000 to 100 VU 1-27
2026-08-16 15:35:45,325 INFO o.a.j.t.JMeterThread: Thread started: Spike Profile - 100 to 1000 to 100 VU 1-26
2026-08-16 15:35:45,334 INFO o.a.j.t.JMeterThread: Thread started: Spike Profile - 100 to 1000 to 100 VU 1-25
2026-08-16 15:35:45,345 INFO o.a.j.t.JMeterThread: Thread started: Spike Profile - 100 to 1000 to 100 VU 1-24
2026-08-16 15:35:45,354 INFO o.a.j.t.JMeterThread: Thread started: Spike Profile - 100 to 1000 to 100 VU 1-23
2026-08-16 15:35:45,367 INFO o.a.j.t.JMeterThread: Thread started: Spike Profile - 100 to 1000 to 100 VU 1-22
2026-08-16 15:35:45,375 INFO o.a.j.t.JMeterThread: Thread started: Spike Profile - 100 to 1000 to 100 VU 1-21
2026-08-16 15:35:45,385 INFO o.a.j.t.JMeterThread: Thread started: Spike Profile - 100 to 1000 to 100 VU 1-20
2026-08-16 15:35:45,395 INFO o.a.j.t.JMeterThread: Thread started: Spike Profile - 100 to 1000 to 100 VU 1-19
2026-08-16 15:35:45,405 INFO o.a.j.t.JMeterThread: Thread started: Spike Profile - 100 to 1000 to 100 VU 1-18
2026-08-16 15:35:45,415 INFO o.a.j.t.JMeterThread: Thread started: Spike Profile - 100 to 1000 to 100 VU 1-17
2026-08-16 15:35:45,427 INFO o.a.j.t.JMeterThread: Thread started: Spike Profile - 100 to 1000 to 100 VU 1-16
2026-08-16 15:35:45,436 INFO o.a.j.t.JMeterThread: Thread started: Spike Profile - 100 to 1000 to 100 VU 1-15
2026-08-16 15:35:45,445 INFO o.a.j.t.JMeterThread: Thread started: Spike Profile - 100 to 1000 to 100 VU 1-14
2026-08-16 15:35:45,455 INFO o.a.j.t.JMeterThread: Thread started: Spike Profile - 100 to 1000 to 100 VU 1-13
2026-08-16 15:35:45,467 INFO o.a.j.t.JMeterThread: Thread started: Spike Profile - 100 to 1000 to 100 VU 1-12
2026-08-16 15:35:45,475 INFO o.a.j.t.JMeterThread: Thread started: Spike Profile - 100 to 1000 to 100 VU 1-11
2026-08-16 15:35:45,487 INFO o.a.j.t.JMeterThread: Thread started: Spike Profile - 100 to 1000 to 100 VU 1-10
2026-08-16 15:35:45,495 INFO o.a.j.t.JMeterThread: Thread started: Spike Profile - 100 to 1000 to 100 VU 1-9
2026-08-16 15:35:45,505 INFO o.a.j.t.JMeterThread: Thread started: Spike Profile - 100 to 1000 to 100 VU 1-8
2026-08-16 15:35:45,515 INFO o.a.j.t.JMeterThread: Thread started: Spike Profile - 100 to 1000 to 100 VU 1-7
2026-08-16 15:35:45,525 INFO o.a.j.t.JMeterThread: Thread started: Spike Profile - 100 to 1000 to 100 VU 1-6
2026-08-16 15:35:45,535 INFO o.a.j.t.JMeterThread: Thread started: Spike Profile - 100 to 1000 to 100 VU 1-5
2026-08-16 15:35:45,546 INFO o.a.j.t.JMeterThread: Thread started: Spike Profile - 100 to 1000 to 100 VU 1-4
2026-08-16 15:35:45,556 INFO o.a.j.t.JMeterThread: Thread started: Spike Profile - 100 to 1000 to 100 VU 1-3
2026-08-16 15:35:45,566 INFO o.a.j.t.JMeterThread: Thread started: Spike Profile - 100 to 1000 to 100 VU 1-2
2026-08-16 15:35:45,575 INFO o.a.j.t.JMeterThread: Thread started: Spike Profile - 100 to 1000 to 100 VU 1-1
2026-08-16 15:35:46,223 INFO o.a.j.p.h.s.HTTPHCAbstractImpl: Local host = LAPTOP-MVP7T81B
2026-08-16 15:35:46,233 INFO o.a.j.p.h.s.HTTPHC4Impl: HTTP request retry count = 0
2026-08-16 15:35:53,678 INFO o.a.j.u.JsseSSLManager: Using default SSL protocol: TLS
2026-08-16 15:35:53,678 INFO o.a.j.u.JsseSSLManager: SSL session context: per-thread
2026-08-16 15:36:44,599 INFO o.a.j.t.JMeterThread: Thread started: Spike Profile - 100 to 1000 to 100 VU 1-1000
2026-08-16 15:36:44,599 INFO o.a.j.t.JMeterThread: Thread started: Spike Profile - 100 to 1000 to 100 VU 1-999
2026-08-16 15:36:44,615 INFO o.a.j.t.JMeterThread: Thread started: Spike Profile - 100 to 1000 to 100 VU 1-998
2026-08-16 15:36:44,631 INFO o.a.j.t.JMeterThread: Thread started: Spike Profile - 100 to 1000 to 100 VU 1-996
2026-08-16 15:36:44,631 INFO o.a.j.t.JMeterThread: Thread started: Spike Profile - 100 to 1000 to 100 VU 1-997
2026-08-16 15:36:44,647 INFO o.a.j.t.JMeterThread: Thread started: Spike Profile - 100 to 1000 to 100 VU 1-995
2026-08-16 15:36:44,664 INFO o.a.j.t.JMeterThread: Thread started: Spike Profile - 100 to 1000 to 100 VU 1-993
2026-08-16 15:36:44,664 INFO o.a.j.t.JMeterThread: Thread started: Spike Profile - 100 to 1000 to 100 VU 1-994
2026-08-16 15:36:44,680 INFO o.a.j.t.JMeterThread: Thread started: Spike Profile - 100 to 1000 to 100 VU 1-992
2026-08-16 15:36:44,695 INFO o.a.j.t.JMeterThread: Thread started: Spike Profile - 100 to 1000 to 100 VU 1-991
2026-08-16 15:36:44,711 INFO o.a.j.t.JMeterThread: Thread started: Spike Profile - 100 to 1000 to 100 VU 1-989
2026-08-16 15:36:44,711 INFO o.a.j.t.JMeterThread: Thread started: Spike Profile - 100 to 1000 to 100 VU 1-990
2026-08-16 15:36:44,727 INFO o.a.j.t.JMeterThread: Thread started: Spike Profile - 100 to 1000 to 100 VU 1-988
2026-08-16 15:36:44,743 INFO o.a.j.t.JMeterThread: Thread started: Spike Profile - 100 to 1000 to 100 VU 1-987
2026-08-16 15:36:44,743 INFO o.a.j.t.JMeterThread: Thread started: Spike Profile - 100 to 1000 to 100 VU 1-986
2026-08-16 15:36:44,759 INFO o.a.j.t.JMeterThread: Thread started: Spike Profile - 100 to 1000 to 100 VU 1-985
2026-08-16 15:36:44,775 INFO o.a.j.t.JMeterThread: Thread started: Spike Profile - 100 to 1000 to 100 VU 1-984
2026-08-16 15:36:44,775 INFO o.a.j.t.JMeterThread: Thread started: Spike Profile - 100 to 1000 to 100 VU 1-983
2026-08-16 15:36:44,790 INFO o.a.j.t.JMeterThread: Thread started: Spike Profile - 100 to 1000 to 100 VU 1-982
2026-08-16 15:36:44,806 INFO o.a.j.t.JMeterThread: Thread started: Spike Profile - 100 to 1000 to 100 VU 1-981
2026-08-16 15:36:44,822 INFO o.a.j.t.JMeterThread: Thread started: Spike Profile - 100 to 1000 to 100 VU 1-980
2026-08-16 15:36:44,822 INFO o.a.j.t.JMeterThread: Thread started: Spike Profile - 100 to 1000 to 100 VU 1-979
2026-08-16 15:36:44,838 INFO o.a.j.t.JMeterThread: Thread started: Spike Profile - 100 to 1000 to 100 VU 1-978
2026-08-16 15:36:44,855 INFO o.a.j.t.JMeterThread: Thread started: Spike Profile - 100 to 1000 to 100 VU 1-977
2026-08-16 15:36:44,855 INFO o.a.j.t.JMeterThread: Thread started: Spike Profile - 100 to 1000 to 100 VU 1-976
2026-08-16 15:36:44,871 INFO o.a.j.t.JMeterThread: Thread started: Spike Profile - 100 to 1000 to 100 VU 1-975
2026-08-16 15:36:44,887 INFO o.a.j.t.JMeterThread: Thread started: Spike Profile - 100 to 1000 to 100 VU 1-973
2026-08-16 15:36:44,887 INFO o.a.j.t.JMeterThread: Thread started: Spike Profile - 100 to 1000 to 100 VU 1-974
2026-08-16 15:36:44,903 INFO o.a.j.t.JMeterThread: Thread started: Spike Profile - 100 to 1000 to 100 VU 1-972
2026-08-16 15:36:44,919 INFO o.a.j.t.JMeterThread: Thread started: Spike Profile - 100 to 1000 to 100 VU 1-971
2026-08-16 15:36:44,919 INFO o.a.j.t.JMeterThread: Thread started: Spike Profile - 100 to 1000 to 100 VU 1-970
2026-08-16 15:36:44,935 INFO o.a.j.t.JMeterThread: Thread started: Spike Profile - 100 to 1000 to 100 VU 1-969
2026-08-16 15:36:44,951 INFO o.a.j.t.JMeterThread: Thread started: Spike Profile - 100 to 1000 to 100 VU 1-968
2026-08-16 15:36:44,966 INFO o.a.j.t.JMeterThread: Thread started: Spike Profile - 100 to 1000 to 100 VU 1-967
2026-08-16 15:36:44,966 INFO o.a.j.t.JMeterThread: Thread started: Spike Profile - 100 to 1000 to 100 VU 1-966
2026-08-16 15:36:44,983 INFO o.a.j.t.JMeterThread: Thread started: Spike Profile - 100 to 1000 to 100 VU 1-965
2026-08-16 15:36:44,999 INFO o.a.j.t.JMeterThread: Thread started: Spike Profile - 100 to 1000 to 100 VU 1-963
2026-08-16 15:36:44,999 INFO o.a.j.t.JMeterThread: Thread started: Spike Profile - 100 to 1000 to 100 VU 1-964
2026-08-16 15:36:45,015 INFO o.a.j.t.JMeterThread: Thread started: Spike Profile - 100 to 1000 to 100 VU 1-962
2026-08-16 15:36:45,031 INFO o.a.j.t.JMeterThread: Thread started: Spike Profile - 100 to 1000 to 100 VU 1-961
2026-08-16 15:36:45,031 INFO o.a.j.t.JMeterThread: Thread started: Spike Profile - 100 to 1000 to 100 VU 1-960
2026-08-16 15:36:45,047 INFO o.a.j.t.JMeterThread: Thread started: Spike Profile - 100 to 1000 to 100 VU 1-959
2026-08-16 15:36:45,063 INFO o.a.j.t.JMeterThread: Thread started: Spike Profile - 100 to 1000 to 100 VU 1-958
2026-08-16 15:36:45,063 INFO o.a.j.t.JMeterThread: Thread started: Spike Profile - 100 to 1000 to 100 VU 1-957
2026-08-16 15:36:45,079 INFO o.a.j.t.JMeterThread: Thread started: Spike Profile - 100 to 1000 to 100 VU 1-956
2026-08-16 15:36:45,095 INFO o.a.j.t.JMeterThread: Thread started: Spike Profile - 100 to 1000 to 100 VU 1-955
2026-08-16 15:36:45,111 INFO o.a.j.t.JMeterThread: Thread started: Spike Profile - 100 to 1000 to 100 VU 1-953
2026-08-16 15:36:45,111 INFO o.a.j.t.JMeterThread: Thread started: Spike Profile - 100 to 1000 to 100 VU 1-954
2026-08-16 15:36:45,127 INFO o.a.j.t.JMeterThread: Thread started: Spike Profile - 100 to 1000 to 100 VU 1-952
2026-08-16 15:36:45,143 INFO o.a.j.t.JMeterThread: Thread started: Spike Profile - 100 to 1000 to 100 VU 1-950
2026-08-16 15:36:45,143 INFO o.a.j.t.JMeterThread: Thread started: Spike Profile - 100 to 1000 to 100 VU 1-951
2026-08-16 15:36:45,159 INFO o.a.j.t.JMeterThread: Thread started: Spike Profile - 100 to 1000 to 100 VU 1-949
2026-08-16 15:36:45,175 INFO o.a.j.t.JMeterThread: Thread started: Spike Profile - 100 to 1000 to 100 VU 1-948
2026-08-16 15:36:45,175 INFO o.a.j.t.JMeterThread: Thread started: Spike Profile - 100 to 1000 to 100 VU 1-947
2026-08-16 15:36:45,190 INFO o.a.j.t.JMeterThread: Thread started: Spike Profile - 100 to 1000 to 100 VU 1-946
2026-08-16 15:36:45,207 INFO o.a.j.t.JMeterThread: Thread started: Spike Profile - 100 to 1000 to 100 VU 1-945
2026-08-16 15:36:45,222 INFO o.a.j.t.JMeterThread: Thread started: Spike Profile - 100 to 1000 to 100 VU 1-943
2026-08-16 15:36:45,222 INFO o.a.j.t.JMeterThread: Thread started: Spike Profile - 100 to 1000 to 100 VU 1-944
2026-08-16 15:36:45,238 INFO o.a.j.t.JMeterThread: Thread started: Spike Profile - 100 to 1000 to 100 VU 1-942
2026-08-16 15:36:45,254 INFO o.a.j.t.JMeterThread: Thread started: Spike Profile - 100 to 1000 to 100 VU 1-941
2026-08-16 15:36:45,254 INFO o.a.j.t.JMeterThread: Thread started: Spike Profile - 100 to 1000 to 100 VU 1-940
2026-08-16 15:36:45,270 INFO o.a.j.t.JMeterThread: Thread started: Spike Profile - 100 to 1000 to 100 VU 1-939
2026-08-16 15:36:45,286 INFO o.a.j.t.JMeterThread: Thread started: Spike Profile - 100 to 1000 to 100 VU 1-937
2026-08-16 15:36:45,286 INFO o.a.j.t.JMeterThread: Thread started: Spike Profile - 100 to 1000 to 100 VU 1-938
2026-08-16 15:36:45,302 INFO o.a.j.t.JMeterThread: Thread started: Spike Profile - 100 to 1000 to 100 VU 1-936
2026-08-16 15:36:45,319 INFO o.a.j.t.JMeterThread: Thread started: Spike Profile - 100 to 1000 to 100 VU 1-935
2026-08-16 15:36:45,319 INFO o.a.j.t.JMeterThread: Thread started: Spike Profile - 100 to 1000 to 100 VU 1-934
2026-08-16 15:36:45,334 INFO o.a.j.t.JMeterThread: Thread started: Spike Profile - 100 to 1000 to 100 VU 1-933
2026-08-16 15:36:45,350 INFO o.a.j.t.JMeterThread: Thread started: Spike Profile - 100 to 1000 to 100 VU 1-932
2026-08-16 15:36:45,367 INFO o.a.j.t.JMeterThread: Thread started: Spike Profile - 100 to 1000 to 100 VU 1-930
2026-08-16 15:36:45,367 INFO o.a.j.t.JMeterThread: Thread started: Spike Profile - 100 to 1000 to 100 VU 1-931
2026-08-16 15:36:45,383 INFO o.a.j.t.JMeterThread: Thread started: Spike Profile - 100 to 1000 to 100 VU 1-929
2026-08-16 15:36:45,399 INFO o.a.j.t.JMeterThread: Thread started: Spike Profile - 100 to 1000 to 100 VU 1-928
2026-08-16 15:36:45,399 INFO o.a.j.t.JMeterThread: Thread started: Spike Profile - 100 to 1000 to 100 VU 1-927
2026-08-16 15:36:45,415 INFO o.a.j.t.JMeterThread: Thread started: Spike Profile - 100 to 1000 to 100 VU 1-926
2026-08-16 15:36:45,431 INFO o.a.j.t.JMeterThread: Thread started: Spike Profile - 100 to 1000 to 100 VU 1-925
2026-08-16 15:36:45,431 INFO o.a.j.t.JMeterThread: Thread started: Spike Profile - 100 to 1000 to 100 VU 1-924
2026-08-16 15:36:45,447 INFO o.a.j.t.JMeterThread: Thread started: Spike Profile - 100 to 1000 to 100 VU 1-923
2026-08-16 15:36:45,463 INFO o.a.j.t.JMeterThread: Thread started: Spike Profile - 100 to 1000 to 100 VU 1-922
2026-08-16 15:36:45,463 INFO o.a.j.t.JMeterThread: Thread started: Spike Profile - 100 to 1000 to 100 VU 1-921
2026-08-16 15:36:45,479 INFO o.a.j.t.JMeterThread: Thread started: Spike Profile - 100 to 1000 to 100 VU 1-920
2026-08-16 15:36:45,495 INFO o.a.j.t.JMeterThread: Thread started: Spike Profile - 100 to 1000 to 100 VU 1-919
2026-08-16 15:36:45,511 INFO o.a.j.t.JMeterThread: Thread started: Spike Profile - 100 to 1000 to 100 VU 1-917
2026-08-16 15:36:45,511 INFO o.a.j.t.JMeterThread: Thread started: Spike Profile - 100 to 1000 to 100 VU 1-918
2026-08-16 15:36:45,528 INFO o.a.j.t.JMeterThread: Thread started: Spike Profile - 100 to 1000 to 100 VU 1-916
2026-08-16 15:36:45,544 INFO o.a.j.t.JMeterThread: Thread started: Spike Profile - 100 to 1000 to 100 VU 1-914
2026-08-16 15:36:45,544 INFO o.a.j.t.JMeterThread: Thread started: Spike Profile - 100 to 1000 to 100 VU 1-915
2026-08-16 15:36:45,560 INFO o.a.j.t.JMeterThread: Thread started: Spike Profile - 100 to 1000 to 100 VU 1-913
2026-08-16 15:36:45,576 INFO o.a.j.t.JMeterThread: Thread started: Spike Profile - 100 to 1000 to 100 VU 1-912
2026-08-16 15:36:45,576 INFO o.a.j.t.JMeterThread: Thread started: Spike Profile - 100 to 1000 to 100 VU 1-911
2026-08-16 15:36:45,592 INFO o.a.j.t.JMeterThread: Thread started: Spike Profile - 100 to 1000 to 100 VU 1-910
2026-08-16 15:36:45,608 INFO o.a.j.t.JMeterThread: Thread started: Spike Profile - 100 to 1000 to 100 VU 1-909
2026-08-16 15:36:45,608 INFO o.a.j.t.JMeterThread: Thread started: Spike Profile - 100 to 1000 to 100 VU 1-908
2026-08-16 15:36:45,624 INFO o.a.j.t.JMeterThread: Thread started: Spike Profile - 100 to 1000 to 100 VU 1-907
2026-08-16 15:36:45,640 INFO o.a.j.t.JMeterThread: Thread started: Spike Profile - 100 to 1000 to 100 VU 1-906
2026-08-16 15:36:45,656 INFO o.a.j.t.JMeterThread: Thread started: Spike Profile - 100 to 1000 to 100 VU 1-904
2026-08-16 15:36:45,656 INFO o.a.j.t.JMeterThread: Thread started: Spike Profile - 100 to 1000 to 100 VU 1-905
2026-08-16 15:36:45,672 INFO o.a.j.t.JMeterThread: Thread started: Spike Profile - 100 to 1000 to 100 VU 1-903
2026-08-16 15:36:45,688 INFO o.a.j.t.JMeterThread: Thread started: Spike Profile - 100 to 1000 to 100 VU 1-901
2026-08-16 15:36:45,688 INFO o.a.j.t.JMeterThread: Thread started: Spike Profile - 100 to 1000 to 100 VU 1-902
2026-08-16 15:36:45,704 INFO o.a.j.t.JMeterThread: Thread started: Spike Profile - 100 to 1000 to 100 VU 1-900
2026-08-16 15:36:45,720 INFO o.a.j.t.JMeterThread: Thread started: Spike Profile - 100 to 1000 to 100 VU 1-898
2026-08-16 15:36:45,720 INFO o.a.j.t.JMeterThread: Thread started: Spike Profile - 100 to 1000 to 100 VU 1-899
2026-08-16 15:36:45,736 INFO o.a.j.t.JMeterThread: Thread started: Spike Profile - 100 to 1000 to 100 VU 1-897
2026-08-16 15:36:45,752 INFO o.a.j.t.JMeterThread: Thread started: Spike Profile - 100 to 1000 to 100 VU 1-896
2026-08-16 15:36:45,752 INFO o.a.j.t.JMeterThread: Thread started: Spike Profile - 100 to 1000 to 100 VU 1-895
2026-08-16 15:36:45,768 INFO o.a.j.t.JMeterThread: Thread started: Spike Profile - 100 to 1000 to 100 VU 1-894
2026-08-16 15:36:45,784 INFO o.a.j.t.JMeterThread: Thread started: Spike Profile - 100 to 1000 to 100 VU 1-893
2026-08-16 15:36:45,800 INFO o.a.j.t.JMeterThread: Thread started: Spike Profile - 100 to 1000 to 100 VU 1-891
2026-08-16 15:36:45,800 INFO o.a.j.t.JMeterThread: Thread started: Spike Profile - 100 to 1000 to 100 VU 1-892
2026-08-16 15:36:45,816 INFO o.a.j.t.JMeterThread: Thread started: Spike Profile - 100 to 1000 to 100 VU 1-890
2026-08-16 15:36:45,832 INFO o.a.j.t.JMeterThread: Thread started: Spike Profile - 100 to 1000 to 100 VU 1-888
2026-08-16 15:36:45,832 INFO o.a.j.t.JMeterThread: Thread started: Spike Profile - 100 to 1000 to 100 VU 1-889
2026-08-16 15:36:45,848 INFO o.a.j.t.JMeterThread: Thread started: Spike Profile - 100 to 1000 to 100 VU 1-887
2026-08-16 15:36:45,864 INFO o.a.j.t.JMeterThread: Thread started: Spike Profile - 100 to 1000 to 100 VU 1-886
2026-08-16 15:36:45,864 INFO o.a.j.t.JMeterThread: Thread started: Spike Profile - 100 to 1000 to 100 VU 1-885
2026-08-16 15:36:45,880 INFO o.a.j.t.JMeterThread: Thread started: Spike Profile - 100 to 1000 to 100 VU 1-884
2026-08-16 15:36:45,896 INFO o.a.j.t.JMeterThread: Thread started: Spike Profile - 100 to 1000 to 100 VU 1-883
2026-08-16 15:36:45,912 INFO o.a.j.t.JMeterThread: Thread started: Spike Profile - 100 to 1000 to 100 VU 1-881
2026-08-16 15:36:45,912 INFO o.a.j.t.JMeterThread: Thread started: Spike Profile - 100 to 1000 to 100 VU 1-882
2026-08-16 15:36:45,928 INFO o.a.j.t.JMeterThread: Thread started: Spike Profile - 100 to 1000 to 100 VU 1-880
2026-08-16 15:36:45,944 INFO o.a.j.t.JMeterThread: Thread started: Spike Profile - 100 to 1000 to 100 VU 1-879
2026-08-16 15:36:45,944 INFO o.a.j.t.JMeterThread: Thread started: Spike Profile - 100 to 1000 to 100 VU 1-878
2026-08-16 15:36:45,960 INFO o.a.j.t.JMeterThread: Thread started: Spike Profile - 100 to 1000 to 100 VU 1-877
2026-08-16 15:36:45,976 INFO o.a.j.t.JMeterThread: Thread started: Spike Profile - 100 to 1000 to 100 VU 1-876
2026-08-16 15:36:45,976 INFO o.a.j.t.JMeterThread: Thread started: Spike Profile - 100 to 1000 to 100 VU 1-875
2026-08-16 15:36:45,992 INFO o.a.j.t.JMeterThread: Thread started: Spike Profile - 100 to 1000 to 100 VU 1-874
2026-08-16 15:36:46,008 INFO o.a.j.t.JMeterThread: Thread started: Spike Profile - 100 to 1000 to 100 VU 1-872
2026-08-16 15:36:46,008 INFO o.a.j.t.JMeterThread: Thread started: Spike Profile - 100 to 1000 to 100 VU 1-873
2026-08-16 15:36:46,024 INFO o.a.j.t.JMeterThread: Thread started: Spike Profile - 100 to 1000 to 100 VU 1-871
2026-08-16 15:36:46,040 INFO o.a.j.t.JMeterThread: Thread started: Spike Profile - 100 to 1000 to 100 VU 1-869
2026-08-16 15:36:46,040 INFO o.a.j.t.JMeterThread: Thread started: Spike Profile - 100 to 1000 to 100 VU 1-870
2026-08-16 15:36:46,056 INFO o.a.j.t.JMeterThread: Thread started: Spike Profile - 100 to 1000 to 100 VU 1-868
2026-08-16 15:36:46,072 INFO o.a.j.t.JMeterThread: Thread started: Spike Profile - 100 to 1000 to 100 VU 1-867
2026-08-16 15:36:46,088 INFO o.a.j.t.JMeterThread: Thread started: Spike Profile - 100 to 1000 to 100 VU 1-865
2026-08-16 15:36:46,088 INFO o.a.j.t.JMeterThread: Thread started: Spike Profile - 100 to 1000 to 100 VU 1-866
2026-08-16 15:36:46,104 INFO o.a.j.t.JMeterThread: Thread started: Spike Profile - 100 to 1000 to 100 VU 1-864
2026-08-16 15:36:46,120 INFO o.a.j.t.JMeterThread: Thread started: Spike Profile - 100 to 1000 to 100 VU 1-862
2026-08-16 15:36:46,120 INFO o.a.j.t.JMeterThread: Thread started: Spike Profile - 100 to 1000 to 100 VU 1-863
2026-08-16 15:36:46,136 INFO o.a.j.t.JMeterThread: Thread started: Spike Profile - 100 to 1000 to 100 VU 1-861
2026-08-16 15:36:46,152 INFO o.a.j.t.JMeterThread: Thread started: Spike Profile - 100 to 1000 to 100 VU 1-860
2026-08-16 15:36:46,152 INFO o.a.j.t.JMeterThread: Thread started: Spike Profile - 100 to 1000 to 100 VU 1-859
2026-08-16 15:36:46,168 INFO o.a.j.t.JMeterThread: Thread started: Spike Profile - 100 to 1000 to 100 VU 1-858
2026-08-16 15:36:46,184 INFO o.a.j.t.JMeterThread: Thread started: Spike Profile - 100 to 1000 to 100 VU 1-857
2026-08-16 15:36:46,200 INFO o.a.j.t.JMeterThread: Thread started: Spike Profile - 100 to 1000 to 100 VU 1-855
2026-08-16 15:36:46,200 INFO o.a.j.t.JMeterThread: Thread started: Spike Profile - 100 to 1000 to 100 VU 1-856
2026-08-16 15:36:46,216 INFO o.a.j.t.JMeterThread: Thread started: Spike Profile - 100 to 1000 to 100 VU 1-854
2026-08-16 15:36:46,232 INFO o.a.j.t.JMeterThread: Thread started: Spike Profile - 100 to 1000 to 100 VU 1-852
2026-08-16 15:36:46,232 INFO o.a.j.t.JMeterThread: Thread started: Spike Profile - 100 to 1000 to 100 VU 1-853
2026-08-16 15:36:46,248 INFO o.a.j.t.JMeterThread: Thread started: Spike Profile - 100 to 1000 to 100 VU 1-851
2026-08-16 15:36:46,264 INFO o.a.j.t.JMeterThread: Thread started: Spike Profile - 100 to 1000 to 100 VU 1-849
2026-08-16 15:36:46,264 INFO o.a.j.t.JMeterThread: Thread started: Spike Profile - 100 to 1000 to 100 VU 1-850
2026-08-16 15:36:46,280 INFO o.a.j.t.JMeterThread: Thread started: Spike Profile - 100 to 1000 to 100 VU 1-848
2026-08-16 15:36:46,296 INFO o.a.j.t.JMeterThread: Thread started: Spike Profile - 100 to 1000 to 100 VU 1-847
2026-08-16 15:36:46,312 INFO o.a.j.t.JMeterThread: Thread started: Spike Profile - 100 to 1000 to 100 VU 1-845
2026-08-16 15:36:46,312 INFO o.a.j.t.JMeterThread: Thread started: Spike Profile - 100 to 1000 to 100 VU 1-846
2026-08-16 15:36:46,328 INFO o.a.j.t.JMeterThread: Thread started: Spike Profile - 100 to 1000 to 100 VU 1-844
2026-08-16 15:36:46,344 INFO o.a.j.t.JMeterThread: Thread started: Spike Profile - 100 to 1000 to 100 VU 1-843
2026-08-16 15:36:46,344 INFO o.a.j.t.JMeterThread: Thread started: Spike Profile - 100 to 1000 to 100 VU 1-842
2026-08-16 15:36:46,360 INFO o.a.j.t.JMeterThread: Thread started: Spike Profile - 100 to 1000 to 100 VU 1-841
2026-08-16 15:36:46,376 INFO o.a.j.t.JMeterThread: Thread started: Spike Profile - 100 to 1000 to 100 VU 1-839
2026-08-16 15:36:46,376 INFO o.a.j.t.JMeterThread: Thread started: Spike Profile - 100 to 1000 to 100 VU 1-840
2026-08-16 15:36:46,392 INFO o.a.j.t.JMeterThread: Thread started: Spike Profile - 100 to 1000 to 100 VU 1-838
2026-08-16 15:36:46,408 INFO o.a.j.t.JMeterThread: Thread started: Spike Profile - 100 to 1000 to 100 VU 1-836
2026-08-16 15:36:46,408 INFO o.a.j.t.JMeterThread: Thread started: Spike Profile - 100 to 1000 to 100 VU 1-837
2026-08-16 15:36:46,424 INFO o.a.j.t.JMeterThread: Thread started: Spike Profile - 100 to 1000 to 100 VU 1-835
2026-08-16 15:36:46,440 INFO o.a.j.t.JMeterThread: Thread started: Spike Profile - 100 to 1000 to 100 VU 1-834
2026-08-16 15:36:46,440 INFO o.a.j.t.JMeterThread: Thread started: Spike Profile - 100 to 1000 to 100 VU 1-833
2026-08-16 15:36:46,456 INFO o.a.j.t.JMeterThread: Thread started: Spike Profile - 100 to 1000 to 100 VU 1-832
2026-08-16 15:36:46,472 INFO o.a.j.t.JMeterThread: Thread started: Spike Profile - 100 to 1000 to 100 VU 1-831
2026-08-16 15:36:46,488 INFO o.a.j.t.JMeterThread: Thread started: Spike Profile - 100 to 1000 to 100 VU 1-830
2026-08-16 15:36:46,488 INFO o.a.j.t.JMeterThread: Thread started: Spike Profile - 100 to 1000 to 100 VU 1-829
2026-08-16 15:36:46,504 INFO o.a.j.t.JMeterThread: Thread started: Spike Profile - 100 to 1000 to 100 VU 1-828
2026-08-16 15:36:46,520 INFO o.a.j.t.JMeterThread: Thread started: Spike Profile - 100 to 1000 to 100 VU 1-826
2026-08-16 15:36:46,520 INFO o.a.j.t.JMeterThread: Thread started: Spike Profile - 100 to 1000 to 100 VU 1-827
2026-08-16 15:36:46,536 INFO o.a.j.t.JMeterThread: Thread started: Spike Profile - 100 to 1000 to 100 VU 1-825
2026-08-16 15:36:46,552 INFO o.a.j.t.JMeterThread: Thread started: Spike Profile - 100 to 1000 to 100 VU 1-823
2026-08-16 15:36:46,552 INFO o.a.j.t.JMeterThread: Thread started: Spike Profile - 100 to 1000 to 100 VU 1-824
2026-08-16 15:36:46,568 INFO o.a.j.t.JMeterThread: Thread started: Spike Profile - 100 to 1000 to 100 VU 1-822
2026-08-16 15:36:46,584 INFO o.a.j.t.JMeterThread: Thread started: Spike Profile - 100 to 1000 to 100 VU 1-821
2026-08-16 15:36:46,600 INFO o.a.j.t.JMeterThread: Thread started: Spike Profile - 100 to 1000 to 100 VU 1-819
2026-08-16 15:36:46,600 INFO o.a.j.t.JMeterThread: Thread started: Spike Profile - 100 to 1000 to 100 VU 1-820
2026-08-16 15:36:46,616 INFO o.a.j.t.JMeterThread: Thread started: Spike Profile - 100 to 1000 to 100 VU 1-818
2026-08-16 15:36:46,632 INFO o.a.j.t.JMeterThread: Thread started: Spike Profile - 100 to 1000 to 100 VU 1-817
2026-08-16 15:36:46,632 INFO o.a.j.t.JMeterThread: Thread started: Spike Profile - 100 to 1000 to 100 VU 1-816
2026-08-16 15:36:46,648 INFO o.a.j.t.JMeterThread: Thread started: Spike Profile - 100 to 1000 to 100 VU 1-815
2026-08-16 15:36:46,664 INFO o.a.j.t.JMeterThread: Thread started: Spike Profile - 100 to 1000 to 100 VU 1-813
2026-08-16 15:36:46,664 INFO o.a.j.t.JMeterThread: Thread started: Spike Profile - 100 to 1000 to 100 VU 1-814
2026-08-16 15:36:46,680 INFO o.a.j.t.JMeterThread: Thread started: Spike Profile - 100 to 1000 to 100 VU 1-812
2026-08-16 15:36:46,696 INFO o.a.j.t.JMeterThread: Thread started: Spike Profile - 100 to 1000 to 100 VU 1-811
2026-08-16 15:36:46,712 INFO o.a.j.t.JMeterThread: Thread started: Spike Profile - 100 to 1000 to 100 VU 1-810
2026-08-16 15:36:46,712 INFO o.a.j.t.JMeterThread: Thread started: Spike Profile - 100 to 1000 to 100 VU 1-809
2026-08-16 15:36:46,728 INFO o.a.j.t.JMeterThread: Thread started: Spike Profile - 100 to 1000 to 100 VU 1-808
2026-08-16 15:36:46,744 INFO o.a.j.t.JMeterThread: Thread started: Spike Profile - 100 to 1000 to 100 VU 1-807
2026-08-16 15:36:46,744 INFO o.a.j.t.JMeterThread: Thread started: Spike Profile - 100 to 1000 to 100 VU 1-806
2026-08-16 15:36:46,760 INFO o.a.j.t.JMeterThread: Thread started: Spike Profile - 100 to 1000 to 100 VU 1-805
2026-08-16 15:36:46,776 INFO o.a.j.t.JMeterThread: Thread started: Spike Profile - 100 to 1000 to 100 VU 1-804
2026-08-16 15:36:46,776 INFO o.a.j.t.JMeterThread: Thread started: Spike Profile - 100 to 1000 to 100 VU 1-803
2026-08-16 15:36:46,792 INFO o.a.j.t.JMeterThread: Thread started: Spike Profile - 100 to 1000 to 100 VU 1-802
2026-08-16 15:36:46,808 INFO o.a.j.t.JMeterThread: Thread started: Spike Profile - 100 to 1000 to 100 VU 1-801
2026-08-16 15:36:46,808 INFO o.a.j.t.JMeterThread: Thread started: Spike Profile - 100 to 1000 to 100 VU 1-800
2026-08-16 15:36:46,824 INFO o.a.j.t.JMeterThread: Thread started: Spike Profile - 100 to 1000 to 100 VU 1-799
2026-08-16 15:36:46,840 INFO o.a.j.t.JMeterThread: Thread started: Spike Profile - 100 to 1000 to 100 VU 1-798
2026-08-16 15:36:46,840 INFO o.a.j.t.JMeterThread: Thread started: Spike Profile - 100 to 1000 to 100 VU 1-797
2026-08-16 15:36:46,856 INFO o.a.j.t.JMeterThread: Thread started: Spike Profile - 100 to 1000 to 100 VU 1-796
2026-08-16 15:36:46,872 INFO o.a.j.t.JMeterThread: Thread started: Spike Profile - 100 to 1000 to 100 VU 1-795
2026-08-16 15:36:46,888 INFO o.a.j.t.JMeterThread: Thread started: Spike Profile - 100 to 1000 to 100 VU 1-793
2026-08-16 15:36:46,888 INFO o.a.j.t.JMeterThread: Thread started: Spike Profile - 100 to 1000 to 100 VU 1-794
2026-08-16 15:36:46,904 INFO o.a.j.t.JMeterThread: Thread started: Spike Profile - 100 to 1000 to 100 VU 1-792
2026-08-16 15:36:46,919 INFO o.a.j.t.JMeterThread: Thread started: Spike Profile - 100 to 1000 to 100 VU 1-791
2026-08-16 15:36:46,919 INFO o.a.j.t.JMeterThread: Thread started: Spike Profile - 100 to 1000 to 100 VU 1-790
2026-08-16 15:36:46,935 INFO o.a.j.t.JMeterThread: Thread started: Spike Profile - 100 to 1000 to 100 VU 1-789
2026-08-16 15:36:46,951 INFO o.a.j.t.JMeterThread: Thread started: Spike Profile - 100 to 1000 to 100 VU 1-788
2026-08-16 15:36:46,951 INFO o.a.j.t.JMeterThread: Thread started: Spike Profile - 100 to 1000 to 100 VU 1-787
2026-08-16 15:36:46,967 INFO o.a.j.t.JMeterThread: Thread started: Spike Profile - 100 to 1000 to 100 VU 1-786
2026-08-16 15:36:46,983 INFO o.a.j.t.JMeterThread: Thread started: Spike Profile - 100 to 1000 to 100 VU 1-785
2026-08-16 15:36:46,999 INFO o.a.j.t.JMeterThread: Thread started: Spike Profile - 100 to 1000 to 100 VU 1-783
2026-08-16 15:36:46,999 INFO o.a.j.t.JMeterThread: Thread started: Spike Profile - 100 to 1000 to 100 VU 1-784
2026-08-16 15:36:47,015 INFO o.a.j.t.JMeterThread: Thread started: Spike Profile - 100 to 1000 to 100 VU 1-782
2026-08-16 15:36:47,031 INFO o.a.j.t.JMeterThread: Thread started: Spike Profile - 100 to 1000 to 100 VU 1-781
2026-08-16 15:36:47,031 INFO o.a.j.t.JMeterThread: Thread started: Spike Profile - 100 to 1000 to 100 VU 1-780
2026-08-16 15:36:47,046 INFO o.a.j.t.JMeterThread: Thread started: Spike Profile - 100 to 1000 to 100 VU 1-779
2026-08-16 15:36:47,062 INFO o.a.j.t.JMeterThread: Thread started: Spike Profile - 100 to 1000 to 100 VU 1-778
2026-08-16 15:36:47,062 INFO o.a.j.t.JMeterThread: Thread started: Spike Profile - 100 to 1000 to 100 VU 1-777
2026-08-16 15:36:47,078 INFO o.a.j.t.JMeterThread: Thread started: Spike Profile - 100 to 1000 to 100 VU 1-776
2026-08-16 15:36:47,094 INFO o.a.j.t.JMeterThread: Thread started: Spike Profile - 100 to 1000 to 100 VU 1-775
2026-08-16 15:36:47,111 INFO o.a.j.t.JMeterThread: Thread started: Spike Profile - 100 to 1000 to 100 VU 1-773
2026-08-16 15:36:47,111 INFO o.a.j.t.JMeterThread: Thread started: Spike Profile - 100 to 1000 to 100 VU 1-774
2026-08-16 15:36:47,126 INFO o.a.j.t.JMeterThread: Thread started: Spike Profile - 100 to 1000 to 100 VU 1-772
2026-08-16 15:36:47,143 INFO o.a.j.t.JMeterThread: Thread started: Spike Profile - 100 to 1000 to 100 VU 1-771
2026-08-16 15:36:47,143 INFO o.a.j.t.JMeterThread: Thread started: Spike Profile - 100 to 1000 to 100 VU 1-770
2026-08-16 15:36:47,159 INFO o.a.j.t.JMeterThread: Thread started: Spike Profile - 100 to 1000 to 100 VU 1-769
2026-08-16 15:36:47,175 INFO o.a.j.t.JMeterThread: Thread started: Spike Profile - 100 to 1000 to 100 VU 1-768
2026-08-16 15:36:47,175 INFO o.a.j.t.JMeterThread: Thread started: Spike Profile - 100 to 1000 to 100 VU 1-767
2026-08-16 15:36:47,191 INFO o.a.j.t.JMeterThread: Thread started: Spike Profile - 100 to 1000 to 100 VU 1-766
2026-08-16 15:36:47,207 INFO o.a.j.t.JMeterThread: Thread started: Spike Profile - 100 to 1000 to 100 VU 1-765
2026-08-16 15:36:47,223 INFO o.a.j.t.JMeterThread: Thread started: Spike Profile - 100 to 1000 to 100 VU 1-763
2026-08-16 15:36:47,223 INFO o.a.j.t.JMeterThread: Thread started: Spike Profile - 100 to 1000 to 100 VU 1-764
2026-08-16 15:36:47,239 INFO o.a.j.t.JMeterThread: Thread started: Spike Profile - 100 to 1000 to 100 VU 1-762
2026-08-16 15:36:47,255 INFO o.a.j.t.JMeterThread: Thread started: Spike Profile - 100 to 1000 to 100 VU 1-760
2026-08-16 15:36:47,255 INFO o.a.j.t.JMeterThread: Thread started: Spike Profile - 100 to 1000 to 100 VU 1-761
2026-08-16 15:36:47,271 INFO o.a.j.t.JMeterThread: Thread started: Spike Profile - 100 to 1000 to 100 VU 1-759
2026-08-16 15:36:47,286 INFO o.a.j.t.JMeterThread: Thread started: Spike Profile - 100 to 1000 to 100 VU 1-757
2026-08-16 15:36:47,286 INFO o.a.j.t.JMeterThread: Thread started: Spike Profile - 100 to 1000 to 100 VU 1-758
2026-08-16 15:36:47,302 INFO o.a.j.t.JMeterThread: Thread started: Spike Profile - 100 to 1000 to 100 VU 1-756
2026-08-16 15:36:47,318 INFO o.a.j.t.JMeterThread: Thread started: Spike Profile - 100 to 1000 to 100 VU 1-754
2026-08-16 15:36:47,318 INFO o.a.j.t.JMeterThread: Thread started: Spike Profile - 100 to 1000 to 100 VU 1-755
2026-08-16 15:36:47,334 INFO o.a.j.t.JMeterThread: Thread started: Spike Profile - 100 to 1000 to 100 VU 1-753
2026-08-16 15:36:47,350 INFO o.a.j.t.JMeterThread: Thread started: Spike Profile - 100 to 1000 to 100 VU 1-752
2026-08-16 15:36:47,366 INFO o.a.j.t.JMeterThread: Thread started: Spike Profile - 100 to 1000 to 100 VU 1-750
2026-08-16 15:36:47,366 INFO o.a.j.t.JMeterThread: Thread started: Spike Profile - 100 to 1000 to 100 VU 1-751
2026-08-16 15:36:47,382 INFO o.a.j.t.JMeterThread: Thread started: Spike Profile - 100 to 1000 to 100 VU 1-749
2026-08-16 15:36:47,398 INFO o.a.j.t.JMeterThread: Thread started: Spike Profile - 100 to 1000 to 100 VU 1-747
2026-08-16 15:36:47,398 INFO o.a.j.t.JMeterThread: Thread started: Spike Profile - 100 to 1000 to 100 VU 1-748
2026-08-16 15:36:47,414 INFO o.a.j.t.JMeterThread: Thread started: Spike Profile - 100 to 1000 to 100 VU 1-746
2026-08-16 15:36:47,430 INFO o.a.j.t.JMeterThread: Thread started: Spike Profile - 100 to 1000 to 100 VU 1-744
2026-08-16 15:36:47,430 INFO o.a.j.t.JMeterThread: Thread started: Spike Profile - 100 to 1000 to 100 VU 1-745
2026-08-16 15:36:47,446 INFO o.a.j.t.JMeterThread: Thread started: Spike Profile - 100 to 1000 to 100 VU 1-743
2026-08-16 15:36:47,462 INFO o.a.j.t.JMeterThread: Thread started: Spike Profile - 100 to 1000 to 100 VU 1-742
2026-08-16 15:36:47,462 INFO o.a.j.t.JMeterThread: Thread started: Spike Profile - 100 to 1000 to 100 VU 1-741
2026-08-16 15:36:47,478 INFO o.a.j.t.JMeterThread: Thread started: Spike Profile - 100 to 1000 to 100 VU 1-740
2026-08-16 15:36:47,495 INFO o.a.j.t.JMeterThread: Thread started: Spike Profile - 100 to 1000 to 100 VU 1-739
2026-08-16 15:36:47,511 INFO o.a.j.t.JMeterThread: Thread started: Spike Profile - 100 to 1000 to 100 VU 1-737
2026-08-16 15:36:47,511 INFO o.a.j.t.JMeterThread: Thread started: Spike Profile - 100 to 1000 to 100 VU 1-738
2026-08-16 15:36:47,527 INFO o.a.j.t.JMeterThread: Thread started: Spike Profile - 100 to 1000 to 100 VU 1-736
2026-08-16 15:36:47,543 INFO o.a.j.t.JMeterThread: Thread started: Spike Profile - 100 to 1000 to 100 VU 1-735
2026-08-16 15:36:47,543 INFO o.a.j.t.JMeterThread: Thread started: Spike Profile - 100 to 1000 to 100 VU 1-734
2026-08-16 15:36:47,559 INFO o.a.j.t.JMeterThread: Thread started: Spike Profile - 100 to 1000 to 100 VU 1-733
2026-08-16 15:36:47,575 INFO o.a.j.t.JMeterThread: Thread started: Spike Profile - 100 to 1000 to 100 VU 1-732
2026-08-16 15:36:47,575 INFO o.a.j.t.JMeterThread: Thread started: Spike Profile - 100 to 1000 to 100 VU 1-731
2026-08-16 15:36:47,591 INFO o.a.j.t.JMeterThread: Thread started: Spike Profile - 100 to 1000 to 100 VU 1-730
2026-08-16 15:36:47,607 INFO o.a.j.t.JMeterThread: Thread started: Spike Profile - 100 to 1000 to 100 VU 1-729
2026-08-16 15:36:47,623 INFO o.a.j.t.JMeterThread: Thread started: Spike Profile - 100 to 1000 to 100 VU 1-727
2026-08-16 15:36:47,623 INFO o.a.j.t.JMeterThread: Thread started: Spike Profile - 100 to 1000 to 100 VU 1-728
2026-08-16 15:36:47,638 INFO o.a.j.t.JMeterThread: Thread started: Spike Profile - 100 to 1000 to 100 VU 1-726
2026-08-16 15:36:47,654 INFO o.a.j.t.JMeterThread: Thread started: Spike Profile - 100 to 1000 to 100 VU 1-724
2026-08-16 15:36:47,654 INFO o.a.j.t.JMeterThread: Thread started: Spike Profile - 100 to 1000 to 100 VU 1-725
2026-08-16 15:36:47,670 INFO o.a.j.t.JMeterThread: Thread started: Spike Profile - 100 to 1000 to 100 VU 1-723
2026-08-16 15:36:47,686 INFO o.a.j.t.JMeterThread: Thread started: Spike Profile - 100 to 1000 to 100 VU 1-722
2026-08-16 15:36:47,686 INFO o.a.j.t.JMeterThread: Thread started: Spike Profile - 100 to 1000 to 100 VU 1-721
2026-08-16 15:36:47,702 INFO o.a.j.t.JMeterThread: Thread started: Spike Profile - 100 to 1000 to 100 VU 1-720
2026-08-16 15:36:47,718 INFO o.a.j.t.JMeterThread: Thread started: Spike Profile - 100 to 1000 to 100 VU 1-719
2026-08-16 15:36:47,734 INFO o.a.j.t.JMeterThread: Thread started: Spike Profile - 100 to 1000 to 100 VU 1-717
2026-08-16 15:36:47,734 INFO o.a.j.t.JMeterThread: Thread started: Spike Profile - 100 to 1000 to 100 VU 1-718
2026-08-16 15:36:47,750 INFO o.a.j.t.JMeterThread: Thread started: Spike Profile - 100 to 1000 to 100 VU 1-716
2026-08-16 15:36:47,766 INFO o.a.j.t.JMeterThread: Thread started: Spike Profile - 100 to 1000 to 100 VU 1-715
2026-08-16 15:36:47,766 INFO o.a.j.t.JMeterThread: Thread started: Spike Profile - 100 to 1000 to 100 VU 1-714
2026-08-16 15:36:47,781 INFO o.a.j.t.JMeterThread: Thread started: Spike Profile - 100 to 1000 to 100 VU 1-713
2026-08-16 15:36:47,797 INFO o.a.j.t.JMeterThread: Thread started: Spike Profile - 100 to 1000 to 100 VU 1-711
2026-08-16 15:36:47,797 INFO o.a.j.t.JMeterThread: Thread started: Spike Profile - 100 to 1000 to 100 VU 1-712
2026-08-16 15:36:47,813 INFO o.a.j.t.JMeterThread: Thread started: Spike Profile - 100 to 1000 to 100 VU 1-710
2026-08-16 15:36:47,829 INFO o.a.j.t.JMeterThread: Thread started: Spike Profile - 100 to 1000 to 100 VU 1-709
2026-08-16 15:36:47,845 INFO o.a.j.t.JMeterThread: Thread started: Spike Profile - 100 to 1000 to 100 VU 1-707
2026-08-16 15:36:47,845 INFO o.a.j.t.JMeterThread: Thread started: Spike Profile - 100 to 1000 to 100 VU 1-708
2026-08-16 15:36:47,861 INFO o.a.j.t.JMeterThread: Thread started: Spike Profile - 100 to 1000 to 100 VU 1-706
2026-08-16 15:36:47,877 INFO o.a.j.t.JMeterThread: Thread started: Spike Profile - 100 to 1000 to 100 VU 1-705
2026-08-16 15:36:47,877 INFO o.a.j.t.JMeterThread: Thread started: Spike Profile - 100 to 1000 to 100 VU 1-704
2026-08-16 15:36:47,893 INFO o.a.j.t.JMeterThread: Thread started: Spike Profile - 100 to 1000 to 100 VU 1-703
2026-08-16 15:36:47,909 INFO o.a.j.t.JMeterThread: Thread started: Spike Profile - 100 to 1000 to 100 VU 1-702
2026-08-16 15:36:47,909 INFO o.a.j.t.JMeterThread: Thread started: Spike Profile - 100 to 1000 to 100 VU 1-701
2026-08-16 15:36:47,925 INFO o.a.j.t.JMeterThread: Thread started: Spike Profile - 100 to 1000 to 100 VU 1-700
2026-08-16 15:36:47,941 INFO o.a.j.t.JMeterThread: Thread started: Spike Profile - 100 to 1000 to 100 VU 1-698
2026-08-16 15:36:47,941 INFO o.a.j.t.JMeterThread: Thread started: Spike Profile - 100 to 1000 to 100 VU 1-699
2026-08-16 15:36:47,957 INFO o.a.j.t.JMeterThread: Thread started: Spike Profile - 100 to 1000 to 100 VU 1-697
2026-08-16 15:36:47,973 INFO o.a.j.t.JMeterThread: Thread started: Spike Profile - 100 to 1000 to 100 VU 1-696
2026-08-16 15:36:47,989 INFO o.a.j.t.JMeterThread: Thread started: Spike Profile - 100 to 1000 to 100 VU 1-695
2026-08-16 15:36:47,989 INFO o.a.j.t.JMeterThread: Thread started: Spike Profile - 100 to 1000 to 100 VU 1-694
2026-08-16 15:36:48,005 INFO o.a.j.t.JMeterThread: Thread started: Spike Profile - 100 to 1000 to 100 VU 1-693
2026-08-16 15:36:48,021 INFO o.a.j.t.JMeterThread: Thread started: Spike Profile - 100 to 1000 to 100 VU 1-691
2026-08-16 15:36:48,021 INFO o.a.j.t.JMeterThread: Thread started: Spike Profile - 100 to 1000 to 100 VU 1-692
2026-08-16 15:36:48,037 INFO o.a.j.t.JMeterThread: Thread started: Spike Profile - 100 to 1000 to 100 VU 1-690
2026-08-16 15:36:48,053 INFO o.a.j.t.JMeterThread: Thread started: Spike Profile - 100 to 1000 to 100 VU 1-689
2026-08-16 15:36:48,053 INFO o.a.j.t.JMeterThread: Thread started: Spike Profile - 100 to 1000 to 100 VU 1-688
2026-08-16 15:36:48,069 INFO o.a.j.t.JMeterThread: Thread started: Spike Profile - 100 to 1000 to 100 VU 1-687
2026-08-16 15:36:48,085 INFO o.a.j.t.JMeterThread: Thread started: Spike Profile - 100 to 1000 to 100 VU 1-686
2026-08-16 15:36:48,101 INFO o.a.j.t.JMeterThread: Thread started: Spike Profile - 100 to 1000 to 100 VU 1-684
2026-08-16 15:36:48,101 INFO o.a.j.t.JMeterThread: Thread started: Spike Profile - 100 to 1000 to 100 VU 1-685
2026-08-16 15:36:48,117 INFO o.a.j.t.JMeterThread: Thread started: Spike Profile - 100 to 1000 to 100 VU 1-683
2026-08-16 15:36:48,133 INFO o.a.j.t.JMeterThread: Thread started: Spike Profile - 100 to 1000 to 100 VU 1-682
2026-08-16 15:36:48,133 INFO o.a.j.t.JMeterThread: Thread started: Spike Profile - 100 to 1000 to 100 VU 1-681
2026-08-16 15:36:48,149 INFO o.a.j.t.JMeterThread: Thread started: Spike Profile - 100 to 1000 to 100 VU 1-680
2026-08-16 15:36:48,166 INFO o.a.j.t.JMeterThread: Thread started: Spike Profile - 100 to 1000 to 100 VU 1-678
2026-08-16 15:36:48,166 INFO o.a.j.t.JMeterThread: Thread started: Spike Profile - 100 to 1000 to 100 VU 1-679
2026-08-16 15:36:48,182 INFO o.a.j.t.JMeterThread: Thread started: Spike Profile - 100 to 1000 to 100 VU 1-677
2026-08-16 15:36:48,198 INFO o.a.j.t.JMeterThread: Thread started: Spike Profile - 100 to 1000 to 100 VU 1-675
2026-08-16 15:36:48,198 INFO o.a.j.t.JMeterThread: Thread started: Spike Profile - 100 to 1000 to 100 VU 1-676
2026-08-16 15:36:48,214 INFO o.a.j.t.JMeterThread: Thread started: Spike Profile - 100 to 1000 to 100 VU 1-674
2026-08-16 15:36:48,230 INFO o.a.j.t.JMeterThread: Thread started: Spike Profile - 100 to 1000 to 100 VU 1-672
2026-08-16 15:36:48,230 INFO o.a.j.t.JMeterThread: Thread started: Spike Profile - 100 to 1000 to 100 VU 1-673
2026-08-16 15:36:48,246 INFO o.a.j.t.JMeterThread: Thread started: Spike Profile - 100 to 1000 to 100 VU 1-671
2026-08-16 15:36:48,262 INFO o.a.j.t.JMeterThread: Thread started: Spike Profile - 100 to 1000 to 100 VU 1-670
2026-08-16 15:36:48,278 INFO o.a.j.t.JMeterThread: Thread started: Spike Profile - 100 to 1000 to 100 VU 1-669
2026-08-16 15:36:48,278 INFO o.a.j.t.JMeterThread: Thread started: Spike Profile - 100 to 1000 to 100 VU 1-668
2026-08-16 15:36:48,294 INFO o.a.j.t.JMeterThread: Thread started: Spike Profile - 100 to 1000 to 100 VU 1-667
2026-08-16 15:36:48,310 INFO o.a.j.t.JMeterThread: Thread started: Spike Profile - 100 to 1000 to 100 VU 1-665
2026-08-16 15:36:48,310 INFO o.a.j.t.JMeterThread: Thread started: Spike Profile - 100 to 1000 to 100 VU 1-666
2026-08-16 15:36:48,326 INFO o.a.j.t.JMeterThread: Thread started: Spike Profile - 100 to 1000 to 100 VU 1-664
2026-08-16 15:36:48,343 INFO o.a.j.t.JMeterThread: Thread started: Spike Profile - 100 to 1000 to 100 VU 1-663
2026-08-16 15:36:48,343 INFO o.a.j.t.JMeterThread: Thread started: Spike Profile - 100 to 1000 to 100 VU 1-662
2026-08-16 15:36:48,359 INFO o.a.j.t.JMeterThread: Thread started: Spike Profile - 100 to 1000 to 100 VU 1-661
2026-08-16 15:36:48,375 INFO o.a.j.t.JMeterThread: Thread started: Spike Profile - 100 to 1000 to 100 VU 1-659
2026-08-16 15:36:48,375 INFO o.a.j.t.JMeterThread: Thread started: Spike Profile - 100 to 1000 to 100 VU 1-660
2026-08-16 15:36:48,391 INFO o.a.j.t.JMeterThread: Thread started: Spike Profile - 100 to 1000 to 100 VU 1-658
2026-08-16 15:36:48,407 INFO o.a.j.t.JMeterThread: Thread started: Spike Profile - 100 to 1000 to 100 VU 1-657
2026-08-16 15:36:48,423 INFO o.a.j.t.JMeterThread: Thread started: Spike Profile - 100 to 1000 to 100 VU 1-655
2026-08-16 15:36:48,423 INFO o.a.j.t.JMeterThread: Thread started: Spike Profile - 100 to 1000 to 100 VU 1-656
2026-08-16 15:36:48,439 INFO o.a.j.t.JMeterThread: Thread started: Spike Profile - 100 to 1000 to 100 VU 1-654
2026-08-16 15:36:48,455 INFO o.a.j.t.JMeterThread: Thread started: Spike Profile - 100 to 1000 to 100 VU 1-653
2026-08-16 15:36:48,455 INFO o.a.j.t.JMeterThread: Thread started: Spike Profile - 100 to 1000 to 100 VU 1-652
2026-08-16 15:36:48,471 INFO o.a.j.t.JMeterThread: Thread started: Spike Profile - 100 to 1000 to 100 VU 1-651
2026-08-16 15:36:48,487 INFO o.a.j.t.JMeterThread: Thread started: Spike Profile - 100 to 1000 to 100 VU 1-650
2026-08-16 15:36:48,487 INFO o.a.j.t.JMeterThread: Thread started: Spike Profile - 100 to 1000 to 100 VU 1-649
2026-08-16 15:36:48,503 INFO o.a.j.t.JMeterThread: Thread started: Spike Profile - 100 to 1000 to 100 VU 1-648
2026-08-16 15:36:48,519 INFO o.a.j.t.JMeterThread: Thread started: Spike Profile - 100 to 1000 to 100 VU 1-647
2026-08-16 15:36:48,519 INFO o.a.j.t.JMeterThread: Thread started: Spike Profile - 100 to 1000 to 100 VU 1-646
2026-08-16 15:36:48,535 INFO o.a.j.t.JMeterThread: Thread started: Spike Profile - 100 to 1000 to 100 VU 1-645
2026-08-16 15:36:48,551 INFO o.a.j.t.JMeterThread: Thread started: Spike Profile - 100 to 1000 to 100 VU 1-644
2026-08-16 15:36:48,567 INFO o.a.j.t.JMeterThread: Thread started: Spike Profile - 100 to 1000 to 100 VU 1-642
2026-08-16 15:36:48,567 INFO o.a.j.t.JMeterThread: Thread started: Spike Profile - 100 to 1000 to 100 VU 1-643
2026-08-16 15:36:48,583 INFO o.a.j.t.JMeterThread: Thread started: Spike Profile - 100 to 1000 to 100 VU 1-641
2026-08-16 15:36:48,599 INFO o.a.j.t.JMeterThread: Thread started: Spike Profile - 100 to 1000 to 100 VU 1-640
2026-08-16 15:36:48,599 INFO o.a.j.t.JMeterThread: Thread started: Spike Profile - 100 to 1000 to 100 VU 1-639
2026-08-16 15:36:48,614 INFO o.a.j.t.JMeterThread: Thread started: Spike Profile - 100 to 1000 to 100 VU 1-638
2026-08-16 15:36:48,631 INFO o.a.j.t.JMeterThread: Thread started: Spike Profile - 100 to 1000 to 100 VU 1-637
2026-08-16 15:36:48,631 INFO o.a.j.t.JMeterThread: Thread started: Spike Profile - 100 to 1000 to 100 VU 1-636
2026-08-16 15:36:48,647 INFO o.a.j.t.JMeterThread: Thread started: Spike Profile - 100 to 1000 to 100 VU 1-635
2026-08-16 15:36:48,663 INFO o.a.j.t.JMeterThread: Thread started: Spike Profile - 100 to 1000 to 100 VU 1-634
2026-08-16 15:36:48,663 INFO o.a.j.t.JMeterThread: Thread started: Spike Profile - 100 to 1000 to 100 VU 1-633
2026-08-16 15:36:48,678 INFO o.a.j.t.JMeterThread: Thread started: Spike Profile - 100 to 1000 to 100 VU 1-632
2026-08-16 15:36:48,694 INFO o.a.j.t.JMeterThread: Thread started: Spike Profile - 100 to 1000 to 100 VU 1-631
2026-08-16 15:36:48,710 INFO o.a.j.t.JMeterThread: Thread started: Spike Profile - 100 to 1000 to 100 VU 1-630
2026-08-16 15:36:48,710 INFO o.a.j.t.JMeterThread: Thread started: Spike Profile - 100 to 1000 to 100 VU 1-629
2026-08-16 15:36:48,726 INFO o.a.j.t.JMeterThread: Thread started: Spike Profile - 100 to 1000 to 100 VU 1-628
2026-08-16 15:36:48,742 INFO o.a.j.t.JMeterThread: Thread started: Spike Profile - 100 to 1000 to 100 VU 1-626
2026-08-16 15:36:48,742 INFO o.a.j.t.JMeterThread: Thread started: Spike Profile - 100 to 1000 to 100 VU 1-627
2026-08-16 15:36:48,758 INFO o.a.j.t.JMeterThread: Thread started: Spike Profile - 100 to 1000 to 100 VU 1-625
2026-08-16 15:36:48,774 INFO o.a.j.t.JMeterThread: Thread started: Spike Profile - 100 to 1000 to 100 VU 1-624
2026-08-16 15:36:48,790 INFO o.a.j.t.JMeterThread: Thread started: Spike Profile - 100 to 1000 to 100 VU 1-622
2026-08-16 15:36:48,790 INFO o.a.j.t.JMeterThread: Thread started: Spike Profile - 100 to 1000 to 100 VU 1-623
2026-08-16 15:36:48,806 INFO o.a.j.t.JMeterThread: Thread started: Spike Profile - 100 to 1000 to 100 VU 1-621
2026-08-16 15:36:48,822 INFO o.a.j.t.JMeterThread: Thread started: Spike Profile - 100 to 1000 to 100 VU 1-619
2026-08-16 15:36:48,822 INFO o.a.j.t.JMeterThread: Thread started: Spike Profile - 100 to 1000 to 100 VU 1-620
2026-08-16 15:36:48,838 INFO o.a.j.t.JMeterThread: Thread started: Spike Profile - 100 to 1000 to 100 VU 1-618
2026-08-16 15:36:48,854 INFO o.a.j.t.JMeterThread: Thread started: Spike Profile - 100 to 1000 to 100 VU 1-616
2026-08-16 15:36:48,854 INFO o.a.j.t.JMeterThread: Thread started: Spike Profile - 100 to 1000 to 100 VU 1-617
2026-08-16 15:36:48,870 INFO o.a.j.t.JMeterThread: Thread started: Spike Profile - 100 to 1000 to 100 VU 1-615
2026-08-16 15:36:48,886 INFO o.a.j.t.JMeterThread: Thread started: Spike Profile - 100 to 1000 to 100 VU 1-614
2026-08-16 15:36:48,886 INFO o.a.j.t.JMeterThread: Thread started: Spike Profile - 100 to 1000 to 100 VU 1-613
2026-08-16 15:36:48,902 INFO o.a.j.t.JMeterThread: Thread started: Spike Profile - 100 to 1000 to 100 VU 1-612
2026-08-16 15:36:48,918 INFO o.a.j.t.JMeterThread: Thread started: Spike Profile - 100 to 1000 to 100 VU 1-611
2026-08-16 15:36:48,934 INFO o.a.j.t.JMeterThread: Thread started: Spike Profile - 100 to 1000 to 100 VU 1-609
2026-08-16 15:36:48,934 INFO o.a.j.t.JMeterThread: Thread started: Spike Profile - 100 to 1000 to 100 VU 1-610
2026-08-16 15:36:48,950 INFO o.a.j.t.JMeterThread: Thread started: Spike Profile - 100 to 1000 to 100 VU 1-608
2026-08-16 15:36:48,966 INFO o.a.j.t.JMeterThread: Thread started: Spike Profile - 100 to 1000 to 100 VU 1-606
2026-08-16 15:36:48,966 INFO o.a.j.t.JMeterThread: Thread started: Spike Profile - 100 to 1000 to 100 VU 1-607
2026-08-16 15:36:48,982 INFO o.a.j.t.JMeterThread: Thread started: Spike Profile - 100 to 1000 to 100 VU 1-605
2026-08-16 15:36:48,998 INFO o.a.j.t.JMeterThread: Thread started: Spike Profile - 100 to 1000 to 100 VU 1-603
2026-08-16 15:36:48,998 INFO o.a.j.t.JMeterThread: Thread started: Spike Profile - 100 to 1000 to 100 VU 1-604
2026-08-16 15:36:49,014 INFO o.a.j.t.JMeterThread: Thread started: Spike Profile - 100 to 1000 to 100 VU 1-602
2026-08-16 15:36:49,030 INFO o.a.j.t.JMeterThread: Thread started: Spike Profile - 100 to 1000 to 100 VU 1-601
2026-08-16 15:36:49,030 INFO o.a.j.t.JMeterThread: Thread started: Spike Profile - 100 to 1000 to 100 VU 1-600
2026-08-16 15:36:49,046 INFO o.a.j.t.JMeterThread: Thread started: Spike Profile - 100 to 1000 to 100 VU 1-599
2026-08-16 15:36:49,062 INFO o.a.j.t.JMeterThread: Thread started: Spike Profile - 100 to 1000 to 100 VU 1-598
2026-08-16 15:36:49,078 INFO o.a.j.t.JMeterThread: Thread started: Spike Profile - 100 to 1000 to 100 VU 1-596
2026-08-16 15:36:49,078 INFO o.a.j.t.JMeterThread: Thread started: Spike Profile - 100 to 1000 to 100 VU 1-597
2026-08-16 15:36:49,094 INFO o.a.j.t.JMeterThread: Thread started: Spike Profile - 100 to 1000 to 100 VU 1-595
2026-08-16 15:36:49,110 INFO o.a.j.t.JMeterThread: Thread started: Spike Profile - 100 to 1000 to 100 VU 1-593
2026-08-16 15:36:49,110 INFO o.a.j.t.JMeterThread: Thread started: Spike Profile - 100 to 1000 to 100 VU 1-594
2026-08-16 15:36:49,126 INFO o.a.j.t.JMeterThread: Thread started: Spike Profile - 100 to 1000 to 100 VU 1-592
2026-08-16 15:36:49,141 INFO o.a.j.t.JMeterThread: Thread started: Spike Profile - 100 to 1000 to 100 VU 1-590
2026-08-16 15:36:49,141 INFO o.a.j.t.JMeterThread: Thread started: Spike Profile - 100 to 1000 to 100 VU 1-591
2026-08-16 15:36:49,157 INFO o.a.j.t.JMeterThread: Thread started: Spike Profile - 100 to 1000 to 100 VU 1-589
2026-08-16 15:36:49,173 INFO o.a.j.t.JMeterThread: Thread started: Spike Profile - 100 to 1000 to 100 VU 1-588
2026-08-16 15:36:49,189 INFO o.a.j.t.JMeterThread: Thread started: Spike Profile - 100 to 1000 to 100 VU 1-586
2026-08-16 15:36:49,189 INFO o.a.j.t.JMeterThread: Thread started: Spike Profile - 100 to 1000 to 100 VU 1-587
2026-08-16 15:36:49,205 INFO o.a.j.t.JMeterThread: Thread started: Spike Profile - 100 to 1000 to 100 VU 1-585
2026-08-16 15:36:49,221 INFO o.a.j.t.JMeterThread: Thread started: Spike Profile - 100 to 1000 to 100 VU 1-583
2026-08-16 15:36:49,221 INFO o.a.j.t.JMeterThread: Thread started: Spike Profile - 100 to 1000 to 100 VU 1-584
2026-08-16 15:36:49,236 INFO o.a.j.t.JMeterThread: Thread started: Spike Profile - 100 to 1000 to 100 VU 1-582
2026-08-16 15:36:49,253 INFO o.a.j.t.JMeterThread: Thread started: Spike Profile - 100 to 1000 to 100 VU 1-580
2026-08-16 15:36:49,253 INFO o.a.j.t.JMeterThread: Thread started: Spike Profile - 100 to 1000 to 100 VU 1-581
2026-08-16 15:36:49,268 INFO o.a.j.t.JMeterThread: Thread started: Spike Profile - 100 to 1000 to 100 VU 1-579
2026-08-16 15:36:49,284 INFO o.a.j.t.JMeterThread: Thread started: Spike Profile - 100 to 1000 to 100 VU 1-578
2026-08-16 15:36:49,300 INFO o.a.j.t.JMeterThread: Thread started: Spike Profile - 100 to 1000 to 100 VU 1-576
2026-08-16 15:36:49,300 INFO o.a.j.t.JMeterThread: Thread started: Spike Profile - 100 to 1000 to 100 VU 1-577
2026-08-16 15:36:49,316 INFO o.a.j.t.JMeterThread: Thread started: Spike Profile - 100 to 1000 to 100 VU 1-575
2026-08-16 15:36:49,332 INFO o.a.j.t.JMeterThread: Thread started: Spike Profile - 100 to 1000 to 100 VU 1-574
2026-08-16 15:36:49,332 INFO o.a.j.t.JMeterThread: Thread started: Spike Profile - 100 to 1000 to 100 VU 1-573
2026-08-16 15:36:49,348 INFO o.a.j.t.JMeterThread: Thread started: Spike Profile - 100 to 1000 to 100 VU 1-572
2026-08-16 15:36:49,364 INFO o.a.j.t.JMeterThread: Thread started: Spike Profile - 100 to 1000 to 100 VU 1-571
2026-08-16 15:36:49,364 INFO o.a.j.t.JMeterThread: Thread started: Spike Profile - 100 to 1000 to 100 VU 1-570
2026-08-16 15:36:49,380 INFO o.a.j.t.JMeterThread: Thread started: Spike Profile - 100 to 1000 to 100 VU 1-569
2026-08-16 15:36:49,396 INFO o.a.j.t.JMeterThread: Thread started: Spike Profile - 100 to 1000 to 100 VU 1-568
2026-08-16 15:36:49,411 INFO o.a.j.t.JMeterThread: Thread started: Spike Profile - 100 to 1000 to 100 VU 1-566
2026-08-16 15:36:49,411 INFO o.a.j.t.JMeterThread: Thread started: Spike Profile - 100 to 1000 to 100 VU 1-567
2026-08-16 15:36:49,427 INFO o.a.j.t.JMeterThread: Thread started: Spike Profile - 100 to 1000 to 100 VU 1-565
2026-08-16 15:36:49,443 INFO o.a.j.t.JMeterThread: Thread started: Spike Profile - 100 to 1000 to 100 VU 1-563
2026-08-16 15:36:49,443 INFO o.a.j.t.JMeterThread: Thread started: Spike Profile - 100 to 1000 to 100 VU 1-564
2026-08-16 15:36:49,460 INFO o.a.j.t.JMeterThread: Thread started: Spike Profile - 100 to 1000 to 100 VU 1-562
2026-08-16 15:36:49,475 INFO o.a.j.t.JMeterThread: Thread started: Spike Profile - 100 to 1000 to 100 VU 1-560
2026-08-16 15:36:49,475 INFO o.a.j.t.JMeterThread: Thread started: Spike Profile - 100 to 1000 to 100 VU 1-561
2026-08-16 15:36:49,491 INFO o.a.j.t.JMeterThread: Thread started: Spike Profile - 100 to 1000 to 100 VU 1-559
2026-08-16 15:36:49,507 INFO o.a.j.t.JMeterThread: Thread started: Spike Profile - 100 to 1000 to 100 VU 1-558
2026-08-16 15:36:49,523 INFO o.a.j.t.JMeterThread: Thread started: Spike Profile - 100 to 1000 to 100 VU 1-557
2026-08-16 15:36:49,523 INFO o.a.j.t.JMeterThread: Thread started: Spike Profile - 100 to 1000 to 100 VU 1-556
2026-08-16 15:36:49,539 INFO o.a.j.t.JMeterThread: Thread started: Spike Profile - 100 to 1000 to 100 VU 1-555
2026-08-16 15:36:49,555 INFO o.a.j.t.JMeterThread: Thread started: Spike Profile - 100 to 1000 to 100 VU 1-553
2026-08-16 15:36:49,555 INFO o.a.j.t.JMeterThread: Thread started: Spike Profile - 100 to 1000 to 100 VU 1-554
2026-08-16 15:36:49,570 INFO o.a.j.t.JMeterThread: Thread started: Spike Profile - 100 to 1000 to 100 VU 1-552
2026-08-16 15:36:49,586 INFO o.a.j.t.JMeterThread: Thread started: Spike Profile - 100 to 1000 to 100 VU 1-550
2026-08-16 15:36:49,586 INFO o.a.j.t.JMeterThread: Thread started: Spike Profile - 100 to 1000 to 100 VU 1-551
2026-08-16 15:36:49,601 INFO o.a.j.t.JMeterThread: Thread started: Spike Profile - 100 to 1000 to 100 VU 1-549
2026-08-16 15:36:49,617 INFO o.a.j.t.JMeterThread: Thread started: Spike Profile - 100 to 1000 to 100 VU 1-548
2026-08-16 15:36:49,633 INFO o.a.j.t.JMeterThread: Thread started: Spike Profile - 100 to 1000 to 100 VU 1-547
2026-08-16 15:36:49,633 INFO o.a.j.t.JMeterThread: Thread started: Spike Profile - 100 to 1000 to 100 VU 1-546
2026-08-16 15:36:49,649 INFO o.a.j.t.JMeterThread: Thread started: Spike Profile - 100 to 1000 to 100 VU 1-545
2026-08-16 15:36:49,665 INFO o.a.j.t.JMeterThread: Thread started: Spike Profile - 100 to 1000 to 100 VU 1-544
2026-08-16 15:36:49,665 INFO o.a.j.t.JMeterThread: Thread started: Spike Profile - 100 to 1000 to 100 VU 1-543
2026-08-16 15:36:49,681 INFO o.a.j.t.JMeterThread: Thread started: Spike Profile - 100 to 1000 to 100 VU 1-542
2026-08-16 15:36:49,697 INFO o.a.j.t.JMeterThread: Thread started: Spike Profile - 100 to 1000 to 100 VU 1-540
2026-08-16 15:36:49,697 INFO o.a.j.t.JMeterThread: Thread started: Spike Profile - 100 to 1000 to 100 VU 1-541
2026-08-16 15:36:49,713 INFO o.a.j.t.JMeterThread: Thread started: Spike Profile - 100 to 1000 to 100 VU 1-539
2026-08-16 15:36:49,729 INFO o.a.j.t.JMeterThread: Thread started: Spike Profile - 100 to 1000 to 100 VU 1-538
2026-08-16 15:36:49,745 INFO o.a.j.t.JMeterThread: Thread started: Spike Profile - 100 to 1000 to 100 VU 1-536
2026-08-16 15:36:49,745 INFO o.a.j.t.JMeterThread: Thread started: Spike Profile - 100 to 1000 to 100 VU 1-537
2026-08-16 15:36:49,761 INFO o.a.j.t.JMeterThread: Thread started: Spike Profile - 100 to 1000 to 100 VU 1-535
2026-08-16 15:36:49,777 INFO o.a.j.t.JMeterThread: Thread started: Spike Profile - 100 to 1000 to 100 VU 1-534
2026-08-16 15:36:49,777 INFO o.a.j.t.JMeterThread: Thread started: Spike Profile - 100 to 1000 to 100 VU 1-533
2026-08-16 15:36:49,792 INFO o.a.j.t.JMeterThread: Thread started: Spike Profile - 100 to 1000 to 100 VU 1-532
2026-08-16 15:36:49,809 INFO o.a.j.t.JMeterThread: Thread started: Spike Profile - 100 to 1000 to 100 VU 1-531
2026-08-16 15:36:49,809 INFO o.a.j.t.JMeterThread: Thread started: Spike Profile - 100 to 1000 to 100 VU 1-530
2026-08-16 15:36:49,825 INFO o.a.j.t.JMeterThread: Thread started: Spike Profile - 100 to 1000 to 100 VU 1-529
2026-08-16 15:36:49,841 INFO o.a.j.t.JMeterThread: Thread started: Spike Profile - 100 to 1000 to 100 VU 1-527
2026-08-16 15:36:49,841 INFO o.a.j.t.JMeterThread: Thread started: Spike Profile - 100 to 1000 to 100 VU 1-528
2026-08-16 15:36:49,857 INFO o.a.j.t.JMeterThread: Thread started: Spike Profile - 100 to 1000 to 100 VU 1-526
2026-08-16 15:36:49,873 INFO o.a.j.t.JMeterThread: Thread started: Spike Profile - 100 to 1000 to 100 VU 1-525
2026-08-16 15:36:49,889 INFO o.a.j.t.JMeterThread: Thread started: Spike Profile - 100 to 1000 to 100 VU 1-523
2026-08-16 15:36:49,889 INFO o.a.j.t.JMeterThread: Thread started: Spike Profile - 100 to 1000 to 100 VU 1-524
2026-08-16 15:36:49,905 INFO o.a.j.t.JMeterThread: Thread started: Spike Profile - 100 to 1000 to 100 VU 1-522
2026-08-16 15:36:49,921 INFO o.a.j.t.JMeterThread: Thread started: Spike Profile - 100 to 1000 to 100 VU 1-521
2026-08-16 15:36:49,921 INFO o.a.j.t.JMeterThread: Thread started: Spike Profile - 100 to 1000 to 100 VU 1-520
2026-08-16 15:36:49,937 INFO o.a.j.t.JMeterThread: Thread started: Spike Profile - 100 to 1000 to 100 VU 1-519
2026-08-16 15:36:49,953 INFO o.a.j.t.JMeterThread: Thread started: Spike Profile - 100 to 1000 to 100 VU 1-517
2026-08-16 15:36:49,953 INFO o.a.j.t.JMeterThread: Thread started: Spike Profile - 100 to 1000 to 100 VU 1-518
2026-08-16 15:36:49,969 INFO o.a.j.t.JMeterThread: Thread started: Spike Profile - 100 to 1000 to 100 VU 1-516
2026-08-16 15:36:49,985 INFO o.a.j.t.JMeterThread: Thread started: Spike Profile - 100 to 1000 to 100 VU 1-515
2026-08-16 15:36:50,001 INFO o.a.j.t.JMeterThread: Thread started: Spike Profile - 100 to 1000 to 100 VU 1-514
2026-08-16 15:36:50,001 INFO o.a.j.t.JMeterThread: Thread started: Spike Profile - 100 to 1000 to 100 VU 1-513
2026-08-16 15:36:50,016 INFO o.a.j.t.JMeterThread: Thread started: Spike Profile - 100 to 1000 to 100 VU 1-512
2026-08-16 15:36:50,033 INFO o.a.j.t.JMeterThread: Thread started: Spike Profile - 100 to 1000 to 100 VU 1-510
2026-08-16 15:36:50,033 INFO o.a.j.t.JMeterThread: Thread started: Spike Profile - 100 to 1000 to 100 VU 1-511
2026-08-16 15:36:50,049 INFO o.a.j.t.JMeterThread: Thread started: Spike Profile - 100 to 1000 to 100 VU 1-509
2026-08-16 15:36:50,065 INFO o.a.j.t.JMeterThread: Thread started: Spike Profile - 100 to 1000 to 100 VU 1-507
2026-08-16 15:36:50,065 INFO o.a.j.t.JMeterThread: Thread started: Spike Profile - 100 to 1000 to 100 VU 1-508
2026-08-16 15:36:50,081 INFO o.a.j.t.JMeterThread: Thread started: Spike Profile - 100 to 1000 to 100 VU 1-506
2026-08-16 15:36:50,097 INFO o.a.j.t.JMeterThread: Thread started: Spike Profile - 100 to 1000 to 100 VU 1-504
2026-08-16 15:36:50,097 INFO o.a.j.t.JMeterThread: Thread started: Spike Profile - 100 to 1000 to 100 VU 1-505
2026-08-16 15:36:50,112 INFO o.a.j.t.JMeterThread: Thread started: Spike Profile - 100 to 1000 to 100 VU 1-503
2026-08-16 15:36:50,128 INFO o.a.j.t.JMeterThread: Thread started: Spike Profile - 100 to 1000 to 100 VU 1-502
2026-08-16 15:36:50,144 INFO o.a.j.t.JMeterThread: Thread started: Spike Profile - 100 to 1000 to 100 VU 1-500
2026-08-16 15:36:50,144 INFO o.a.j.t.JMeterThread: Thread started: Spike Profile - 100 to 1000 to 100 VU 1-501
2026-08-16 15:36:50,160 INFO o.a.j.t.JMeterThread: Thread started: Spike Profile - 100 to 1000 to 100 VU 1-499
2026-08-16 15:36:50,177 INFO o.a.j.t.JMeterThread: Thread started: Spike Profile - 100 to 1000 to 100 VU 1-497
2026-08-16 15:36:50,177 INFO o.a.j.t.JMeterThread: Thread started: Spike Profile - 100 to 1000 to 100 VU 1-498
2026-08-16 15:36:50,192 INFO o.a.j.t.JMeterThread: Thread started: Spike Profile - 100 to 1000 to 100 VU 1-496
2026-08-16 15:36:50,208 INFO o.a.j.t.JMeterThread: Thread started: Spike Profile - 100 to 1000 to 100 VU 1-494
2026-08-16 15:36:50,208 INFO o.a.j.t.JMeterThread: Thread started: Spike Profile - 100 to 1000 to 100 VU 1-495
2026-08-16 15:36:50,224 INFO o.a.j.t.JMeterThread: Thread started: Spike Profile - 100 to 1000 to 100 VU 1-493
2026-08-16 15:36:50,240 INFO o.a.j.t.JMeterThread: Thread started: Spike Profile - 100 to 1000 to 100 VU 1-492
2026-08-16 15:36:50,240 INFO o.a.j.t.JMeterThread: Thread started: Spike Profile - 100 to 1000 to 100 VU 1-491
2026-08-16 15:36:50,256 INFO o.a.j.t.JMeterThread: Thread started: Spike Profile - 100 to 1000 to 100 VU 1-490
2026-08-16 15:36:50,272 INFO o.a.j.t.JMeterThread: Thread started: Spike Profile - 100 to 1000 to 100 VU 1-489
2026-08-16 15:36:50,288 INFO o.a.j.t.JMeterThread: Thread started: Spike Profile - 100 to 1000 to 100 VU 1-488
2026-08-16 15:36:50,288 INFO o.a.j.t.JMeterThread: Thread started: Spike Profile - 100 to 1000 to 100 VU 1-487
2026-08-16 15:36:50,305 INFO o.a.j.t.JMeterThread: Thread started: Spike Profile - 100 to 1000 to 100 VU 1-486
2026-08-16 15:36:50,320 INFO o.a.j.t.JMeterThread: Thread started: Spike Profile - 100 to 1000 to 100 VU 1-485
2026-08-16 15:36:50,320 INFO o.a.j.t.JMeterThread: Thread started: Spike Profile - 100 to 1000 to 100 VU 1-484
2026-08-16 15:36:50,336 INFO o.a.j.t.JMeterThread: Thread started: Spike Profile - 100 to 1000 to 100 VU 1-483
2026-08-16 15:36:50,352 INFO o.a.j.t.JMeterThread: Thread started: Spike Profile - 100 to 1000 to 100 VU 1-482
2026-08-16 15:36:50,352 INFO o.a.j.t.JMeterThread: Thread started: Spike Profile - 100 to 1000 to 100 VU 1-481
2026-08-16 15:36:50,368 INFO o.a.j.t.JMeterThread: Thread started: Spike Profile - 100 to 1000 to 100 VU 1-480
2026-08-16 15:36:50,384 INFO o.a.j.t.JMeterThread: Thread started: Spike Profile - 100 to 1000 to 100 VU 1-479
2026-08-16 15:36:50,400 INFO o.a.j.t.JMeterThread: Thread started: Spike Profile - 100 to 1000 to 100 VU 1-478
2026-08-16 15:36:50,400 INFO o.a.j.t.JMeterThread: Thread started: Spike Profile - 100 to 1000 to 100 VU 1-477
2026-08-16 15:36:50,416 INFO o.a.j.t.JMeterThread: Thread started: Spike Profile - 100 to 1000 to 100 VU 1-476
2026-08-16 15:36:50,432 INFO o.a.j.t.JMeterThread: Thread started: Spike Profile - 100 to 1000 to 100 VU 1-475
2026-08-16 15:36:50,432 INFO o.a.j.t.JMeterThread: Thread started: Spike Profile - 100 to 1000 to 100 VU 1-474
2026-08-16 15:36:50,448 INFO o.a.j.t.JMeterThread: Thread started: Spike Profile - 100 to 1000 to 100 VU 1-473
2026-08-16 15:36:50,464 INFO o.a.j.t.JMeterThread: Thread started: Spike Profile - 100 to 1000 to 100 VU 1-471
2026-08-16 15:36:50,464 INFO o.a.j.t.JMeterThread: Thread started: Spike Profile - 100 to 1000 to 100 VU 1-472
2026-08-16 15:36:50,480 INFO o.a.j.t.JMeterThread: Thread started: Spike Profile - 100 to 1000 to 100 VU 1-470
2026-08-16 15:36:50,496 INFO o.a.j.t.JMeterThread: Thread started: Spike Profile - 100 to 1000 to 100 VU 1-469
2026-08-16 15:36:50,511 INFO o.a.j.t.JMeterThread: Thread started: Spike Profile - 100 to 1000 to 100 VU 1-468
2026-08-16 15:36:50,511 INFO o.a.j.t.JMeterThread: Thread started: Spike Profile - 100 to 1000 to 100 VU 1-467
2026-08-16 15:36:50,527 INFO o.a.j.t.JMeterThread: Thread started: Spike Profile - 100 to 1000 to 100 VU 1-466
2026-08-16 15:36:50,543 INFO o.a.j.t.JMeterThread: Thread started: Spike Profile - 100 to 1000 to 100 VU 1-465
2026-08-16 15:36:50,543 INFO o.a.j.t.JMeterThread: Thread started: Spike Profile - 100 to 1000 to 100 VU 1-464
2026-08-16 15:36:50,559 INFO o.a.j.t.JMeterThread: Thread started: Spike Profile - 100 to 1000 to 100 VU 1-463
2026-08-16 15:36:50,575 INFO o.a.j.t.JMeterThread: Thread started: Spike Profile - 100 to 1000 to 100 VU 1-461
2026-08-16 15:36:50,575 INFO o.a.j.t.JMeterThread: Thread started: Spike Profile - 100 to 1000 to 100 VU 1-462
2026-08-16 15:36:50,592 INFO o.a.j.t.JMeterThread: Thread started: Spike Profile - 100 to 1000 to 100 VU 1-460
2026-08-16 15:36:50,607 INFO o.a.j.t.JMeterThread: Thread started: Spike Profile - 100 to 1000 to 100 VU 1-459
2026-08-16 15:36:50,607 INFO o.a.j.t.JMeterThread: Thread started: Spike Profile - 100 to 1000 to 100 VU 1-458
2026-08-16 15:36:50,623 INFO o.a.j.t.JMeterThread: Thread started: Spike Profile - 100 to 1000 to 100 VU 1-457
2026-08-16 15:36:50,639 INFO o.a.j.t.JMeterThread: Thread started: Spike Profile - 100 to 1000 to 100 VU 1-456
2026-08-16 15:36:50,655 INFO o.a.j.t.JMeterThread: Thread started: Spike Profile - 100 to 1000 to 100 VU 1-454
2026-08-16 15:36:50,655 INFO o.a.j.t.JMeterThread: Thread started: Spike Profile - 100 to 1000 to 100 VU 1-455
2026-08-16 15:36:50,671 INFO o.a.j.t.JMeterThread: Thread started: Spike Profile - 100 to 1000 to 100 VU 1-453
2026-08-16 15:36:50,687 INFO o.a.j.t.JMeterThread: Thread started: Spike Profile - 100 to 1000 to 100 VU 1-451
2026-08-16 15:36:50,687 INFO o.a.j.t.JMeterThread: Thread started: Spike Profile - 100 to 1000 to 100 VU 1-452
2026-08-16 15:36:50,703 INFO o.a.j.t.JMeterThread: Thread started: Spike Profile - 100 to 1000 to 100 VU 1-450
2026-08-16 15:36:50,720 INFO o.a.j.t.JMeterThread: Thread started: Spike Profile - 100 to 1000 to 100 VU 1-449
2026-08-16 15:36:50,720 INFO o.a.j.t.JMeterThread: Thread started: Spike Profile - 100 to 1000 to 100 VU 1-448
2026-08-16 15:36:50,736 INFO o.a.j.t.JMeterThread: Thread started: Spike Profile - 100 to 1000 to 100 VU 1-447
2026-08-16 15:36:50,751 INFO o.a.j.t.JMeterThread: Thread started: Spike Profile - 100 to 1000 to 100 VU 1-446
2026-08-16 15:36:50,767 INFO o.a.j.t.JMeterThread: Thread started: Spike Profile - 100 to 1000 to 100 VU 1-445
2026-08-16 15:36:50,767 INFO o.a.j.t.JMeterThread: Thread started: Spike Profile - 100 to 1000 to 100 VU 1-444
2026-08-16 15:36:50,783 INFO o.a.j.t.JMeterThread: Thread started: Spike Profile - 100 to 1000 to 100 VU 1-443
2026-08-16 15:36:50,799 INFO o.a.j.t.JMeterThread: Thread started: Spike Profile - 100 to 1000 to 100 VU 1-442
2026-08-16 15:36:50,799 INFO o.a.j.t.JMeterThread: Thread started: Spike Profile - 100 to 1000 to 100 VU 1-441
2026-08-16 15:36:50,815 INFO o.a.j.t.JMeterThread: Thread started: Spike Profile - 100 to 1000 to 100 VU 1-440
2026-08-16 15:36:50,831 INFO o.a.j.t.JMeterThread: Thread started: Spike Profile - 100 to 1000 to 100 VU 1-438
2026-08-16 15:36:50,831 INFO o.a.j.t.JMeterThread: Thread started: Spike Profile - 100 to 1000 to 100 VU 1-439
2026-08-16 15:36:50,847 INFO o.a.j.t.JMeterThread: Thread started: Spike Profile - 100 to 1000 to 100 VU 1-437
2026-08-16 15:36:50,863 INFO o.a.j.t.JMeterThread: Thread started: Spike Profile - 100 to 1000 to 100 VU 1-435
2026-08-16 15:36:50,863 INFO o.a.j.t.JMeterThread: Thread started: Spike Profile - 100 to 1000 to 100 VU 1-436
2026-08-16 15:36:50,879 INFO o.a.j.t.JMeterThread: Thread started: Spike Profile - 100 to 1000 to 100 VU 1-434
2026-08-16 15:36:50,895 INFO o.a.j.t.JMeterThread: Thread started: Spike Profile - 100 to 1000 to 100 VU 1-433
2026-08-16 15:36:50,911 INFO o.a.j.t.JMeterThread: Thread started: Spike Profile - 100 to 1000 to 100 VU 1-431
2026-08-16 15:36:50,911 INFO o.a.j.t.JMeterThread: Thread started: Spike Profile - 100 to 1000 to 100 VU 1-432
2026-08-16 15:36:50,927 INFO o.a.j.t.JMeterThread: Thread started: Spike Profile - 100 to 1000 to 100 VU 1-430
2026-08-16 15:36:50,943 INFO o.a.j.t.JMeterThread: Thread started: Spike Profile - 100 to 1000 to 100 VU 1-428
2026-08-16 15:36:50,943 INFO o.a.j.t.JMeterThread: Thread started: Spike Profile - 100 to 1000 to 100 VU 1-429
2026-08-16 15:36:50,959 INFO o.a.j.t.JMeterThread: Thread started: Spike Profile - 100 to 1000 to 100 VU 1-427
2026-08-16 15:36:50,975 INFO o.a.j.t.JMeterThread: Thread started: Spike Profile - 100 to 1000 to 100 VU 1-426
2026-08-16 15:36:50,975 INFO o.a.j.t.JMeterThread: Thread started: Spike Profile - 100 to 1000 to 100 VU 1-425
2026-08-16 15:36:50,991 INFO o.a.j.t.JMeterThread: Thread started: Spike Profile - 100 to 1000 to 100 VU 1-424
2026-08-16 15:36:51,008 INFO o.a.j.t.JMeterThread: Thread started: Spike Profile - 100 to 1000 to 100 VU 1-423
2026-08-16 15:36:51,008 INFO o.a.j.t.JMeterThread: Thread started: Spike Profile - 100 to 1000 to 100 VU 1-422
2026-08-16 15:36:51,023 INFO o.a.j.t.JMeterThread: Thread started: Spike Profile - 100 to 1000 to 100 VU 1-421
2026-08-16 15:36:51,040 INFO o.a.j.t.JMeterThread: Thread started: Spike Profile - 100 to 1000 to 100 VU 1-420
2026-08-16 15:36:51,056 INFO o.a.j.t.JMeterThread: Thread started: Spike Profile - 100 to 1000 to 100 VU 1-419
2026-08-16 15:36:51,056 INFO o.a.j.t.JMeterThread: Thread started: Spike Profile - 100 to 1000 to 100 VU 1-418
2026-08-16 15:36:51,071 INFO o.a.j.t.JMeterThread: Thread started: Spike Profile - 100 to 1000 to 100 VU 1-417
2026-08-16 15:36:51,087 INFO o.a.j.t.JMeterThread: Thread started: Spike Profile - 100 to 1000 to 100 VU 1-415
2026-08-16 15:36:51,087 INFO o.a.j.t.JMeterThread: Thread started: Spike Profile - 100 to 1000 to 100 VU 1-416
2026-08-16 15:36:51,103 INFO o.a.j.t.JMeterThread: Thread started: Spike Profile - 100 to 1000 to 100 VU 1-414
2026-08-16 15:36:51,119 INFO o.a.j.t.JMeterThread: Thread started: Spike Profile - 100 to 1000 to 100 VU 1-413
2026-08-16 15:36:51,119 INFO o.a.j.t.JMeterThread: Thread started: Spike Profile - 100 to 1000 to 100 VU 1-412
2026-08-16 15:36:51,135 INFO o.a.j.t.JMeterThread: Thread started: Spike Profile - 100 to 1000 to 100 VU 1-411
2026-08-16 15:36:51,151 INFO o.a.j.t.JMeterThread: Thread started: Spike Profile - 100 to 1000 to 100 VU 1-410
2026-08-16 15:36:51,167 INFO o.a.j.t.JMeterThread: Thread started: Spike Profile - 100 to 1000 to 100 VU 1-408
2026-08-16 15:36:51,167 INFO o.a.j.t.JMeterThread: Thread started: Spike Profile - 100 to 1000 to 100 VU 1-409
2026-08-16 15:36:51,183 INFO o.a.j.t.JMeterThread: Thread started: Spike Profile - 100 to 1000 to 100 VU 1-407
2026-08-16 15:36:51,199 INFO o.a.j.t.JMeterThread: Thread started: Spike Profile - 100 to 1000 to 100 VU 1-405
2026-08-16 15:36:51,199 INFO o.a.j.t.JMeterThread: Thread started: Spike Profile - 100 to 1000 to 100 VU 1-406
2026-08-16 15:36:51,215 INFO o.a.j.t.JMeterThread: Thread started: Spike Profile - 100 to 1000 to 100 VU 1-404
2026-08-16 15:36:51,231 INFO o.a.j.t.JMeterThread: Thread started: Spike Profile - 100 to 1000 to 100 VU 1-402
2026-08-16 15:36:51,231 INFO o.a.j.t.JMeterThread: Thread started: Spike Profile - 100 to 1000 to 100 VU 1-403
2026-08-16 15:36:51,247 INFO o.a.j.t.JMeterThread: Thread started: Spike Profile - 100 to 1000 to 100 VU 1-401
2026-08-16 15:36:51,263 INFO o.a.j.t.JMeterThread: Thread started: Spike Profile - 100 to 1000 to 100 VU 1-400
2026-08-16 15:36:51,263 INFO o.a.j.t.JMeterThread: Thread started: Spike Profile - 100 to 1000 to 100 VU 1-399
2026-08-16 15:36:51,279 INFO o.a.j.t.JMeterThread: Thread started: Spike Profile - 100 to 1000 to 100 VU 1-398
2026-08-16 15:36:51,295 INFO o.a.j.t.JMeterThread: Thread started: Spike Profile - 100 to 1000 to 100 VU 1-397
2026-08-16 15:36:51,311 INFO o.a.j.t.JMeterThread: Thread started: Spike Profile - 100 to 1000 to 100 VU 1-395
2026-08-16 15:36:51,311 INFO o.a.j.t.JMeterThread: Thread started: Spike Profile - 100 to 1000 to 100 VU 1-396
2026-08-16 15:36:51,327 INFO o.a.j.t.JMeterThread: Thread started: Spike Profile - 100 to 1000 to 100 VU 1-394
2026-08-16 15:36:51,343 INFO o.a.j.t.JMeterThread: Thread started: Spike Profile - 100 to 1000 to 100 VU 1-392
2026-08-16 15:36:51,343 INFO o.a.j.t.JMeterThread: Thread started: Spike Profile - 100 to 1000 to 100 VU 1-393
2026-08-16 15:36:51,359 INFO o.a.j.t.JMeterThread: Thread started: Spike Profile - 100 to 1000 to 100 VU 1-391
2026-08-16 15:36:51,374 INFO o.a.j.t.JMeterThread: Thread started: Spike Profile - 100 to 1000 to 100 VU 1-390
2026-08-16 15:36:51,374 INFO o.a.j.t.JMeterThread: Thread started: Spike Profile - 100 to 1000 to 100 VU 1-389
2026-08-16 15:36:51,391 INFO o.a.j.t.JMeterThread: Thread started: Spike Profile - 100 to 1000 to 100 VU 1-388
2026-08-16 15:36:51,407 INFO o.a.j.t.JMeterThread: Thread started: Spike Profile - 100 to 1000 to 100 VU 1-387
2026-08-16 15:36:51,422 INFO o.a.j.t.JMeterThread: Thread started: Spike Profile - 100 to 1000 to 100 VU 1-386
2026-08-16 15:36:51,422 INFO o.a.j.t.JMeterThread: Thread started: Spike Profile - 100 to 1000 to 100 VU 1-385
2026-08-16 15:36:51,439 INFO o.a.j.t.JMeterThread: Thread started: Spike Profile - 100 to 1000 to 100 VU 1-384
2026-08-16 15:36:51,455 INFO o.a.j.t.JMeterThread: Thread started: Spike Profile - 100 to 1000 to 100 VU 1-382
2026-08-16 15:36:51,455 INFO o.a.j.t.JMeterThread: Thread started: Spike Profile - 100 to 1000 to 100 VU 1-383
2026-08-16 15:36:51,470 INFO o.a.j.t.JMeterThread: Thread started: Spike Profile - 100 to 1000 to 100 VU 1-381
2026-08-16 15:36:51,486 INFO o.a.j.t.JMeterThread: Thread started: Spike Profile - 100 to 1000 to 100 VU 1-380
2026-08-16 15:36:51,486 INFO o.a.j.t.JMeterThread: Thread started: Spike Profile - 100 to 1000 to 100 VU 1-379
2026-08-16 15:36:51,502 INFO o.a.j.t.JMeterThread: Thread started: Spike Profile - 100 to 1000 to 100 VU 1-378
2026-08-16 15:36:51,518 INFO o.a.j.t.JMeterThread: Thread started: Spike Profile - 100 to 1000 to 100 VU 1-377
2026-08-16 15:36:51,534 INFO o.a.j.t.JMeterThread: Thread started: Spike Profile - 100 to 1000 to 100 VU 1-375
2026-08-16 15:36:51,534 INFO o.a.j.t.JMeterThread: Thread started: Spike Profile - 100 to 1000 to 100 VU 1-376
2026-08-16 15:36:51,550 INFO o.a.j.t.JMeterThread: Thread started: Spike Profile - 100 to 1000 to 100 VU 1-374
2026-08-16 15:36:51,566 INFO o.a.j.t.JMeterThread: Thread started: Spike Profile - 100 to 1000 to 100 VU 1-373
2026-08-16 15:36:51,566 INFO o.a.j.t.JMeterThread: Thread started: Spike Profile - 100 to 1000 to 100 VU 1-372
2026-08-16 15:36:51,581 INFO o.a.j.t.JMeterThread: Thread started: Spike Profile - 100 to 1000 to 100 VU 1-371
2026-08-16 15:36:51,597 INFO o.a.j.t.JMeterThread: Thread started: Spike Profile - 100 to 1000 to 100 VU 1-369
2026-08-16 15:36:51,597 INFO o.a.j.t.JMeterThread: Thread started: Spike Profile - 100 to 1000 to 100 VU 1-370
2026-08-16 15:36:51,613 INFO o.a.j.t.JMeterThread: Thread started: Spike Profile - 100 to 1000 to 100 VU 1-368
2026-08-16 15:36:51,629 INFO o.a.j.t.JMeterThread: Thread started: Spike Profile - 100 to 1000 to 100 VU 1-367
2026-08-16 15:36:51,645 INFO o.a.j.t.JMeterThread: Thread started: Spike Profile - 100 to 1000 to 100 VU 1-366
2026-08-16 15:36:51,645 INFO o.a.j.t.JMeterThread: Thread started: Spike Profile - 100 to 1000 to 100 VU 1-365
2026-08-16 15:36:51,661 INFO o.a.j.t.JMeterThread: Thread started: Spike Profile - 100 to 1000 to 100 VU 1-364
2026-08-16 15:36:51,677 INFO o.a.j.t.JMeterThread: Thread started: Spike Profile - 100 to 1000 to 100 VU 1-362
2026-08-16 15:36:51,677 INFO o.a.j.t.JMeterThread: Thread started: Spike Profile - 100 to 1000 to 100 VU 1-363
2026-08-16 15:36:51,693 INFO o.a.j.t.JMeterThread: Thread started: Spike Profile - 100 to 1000 to 100 VU 1-361
2026-08-16 15:36:51,709 INFO o.a.j.t.JMeterThread: Thread started: Spike Profile - 100 to 1000 to 100 VU 1-360
2026-08-16 15:36:51,709 INFO o.a.j.t.JMeterThread: Thread started: Spike Profile - 100 to 1000 to 100 VU 1-359
2026-08-16 15:36:51,725 INFO o.a.j.t.JMeterThread: Thread started: Spike Profile - 100 to 1000 to 100 VU 1-358
2026-08-16 15:36:51,741 INFO o.a.j.t.JMeterThread: Thread started: Spike Profile - 100 to 1000 to 100 VU 1-356
2026-08-16 15:36:51,741 INFO o.a.j.t.JMeterThread: Thread started: Spike Profile - 100 to 1000 to 100 VU 1-357
2026-08-16 15:36:51,757 INFO o.a.j.t.JMeterThread: Thread started: Spike Profile - 100 to 1000 to 100 VU 1-355
2026-08-16 15:36:51,773 INFO o.a.j.t.JMeterThread: Thread started: Spike Profile - 100 to 1000 to 100 VU 1-354
2026-08-16 15:36:51,789 INFO o.a.j.t.JMeterThread: Thread started: Spike Profile - 100 to 1000 to 100 VU 1-352
2026-08-16 15:36:51,789 INFO o.a.j.t.JMeterThread: Thread started: Spike Profile - 100 to 1000 to 100 VU 1-353
2026-08-16 15:36:51,805 INFO o.a.j.t.JMeterThread: Thread started: Spike Profile - 100 to 1000 to 100 VU 1-351
2026-08-16 15:36:51,821 INFO o.a.j.t.JMeterThread: Thread started: Spike Profile - 100 to 1000 to 100 VU 1-350
2026-08-16 15:36:51,821 INFO o.a.j.t.JMeterThread: Thread started: Spike Profile - 100 to 1000 to 100 VU 1-349
2026-08-16 15:36:51,837 INFO o.a.j.t.JMeterThread: Thread started: Spike Profile - 100 to 1000 to 100 VU 1-348
2026-08-16 15:36:51,853 INFO o.a.j.t.JMeterThread: Thread started: Spike Profile - 100 to 1000 to 100 VU 1-346
2026-08-16 15:36:51,853 INFO o.a.j.t.JMeterThread: Thread started: Spike Profile - 100 to 1000 to 100 VU 1-347
2026-08-16 15:36:51,869 INFO o.a.j.t.JMeterThread: Thread started: Spike Profile - 100 to 1000 to 100 VU 1-345
2026-08-16 15:36:51,885 INFO o.a.j.t.JMeterThread: Thread started: Spike Profile - 100 to 1000 to 100 VU 1-344
2026-08-16 15:36:51,900 INFO o.a.j.t.JMeterThread: Thread started: Spike Profile - 100 to 1000 to 100 VU 1-342
2026-08-16 15:36:51,900 INFO o.a.j.t.JMeterThread: Thread started: Spike Profile - 100 to 1000 to 100 VU 1-343
2026-08-16 15:36:51,916 INFO o.a.j.t.JMeterThread: Thread started: Spike Profile - 100 to 1000 to 100 VU 1-341
2026-08-16 15:36:51,932 INFO o.a.j.t.JMeterThread: Thread started: Spike Profile - 100 to 1000 to 100 VU 1-339
2026-08-16 15:36:51,932 INFO o.a.j.t.JMeterThread: Thread started: Spike Profile - 100 to 1000 to 100 VU 1-340
2026-08-16 15:36:51,948 INFO o.a.j.t.JMeterThread: Thread started: Spike Profile - 100 to 1000 to 100 VU 1-338
2026-08-16 15:36:51,964 INFO o.a.j.t.JMeterThread: Thread started: Spike Profile - 100 to 1000 to 100 VU 1-336
2026-08-16 15:36:51,964 INFO o.a.j.t.JMeterThread: Thread started: Spike Profile - 100 to 1000 to 100 VU 1-337
2026-08-16 15:36:51,980 INFO o.a.j.t.JMeterThread: Thread started: Spike Profile - 100 to 1000 to 100 VU 1-335
2026-08-16 15:36:51,996 INFO o.a.j.t.JMeterThread: Thread started: Spike Profile - 100 to 1000 to 100 VU 1-334
2026-08-16 15:36:52,012 INFO o.a.j.t.JMeterThread: Thread started: Spike Profile - 100 to 1000 to 100 VU 1-332
2026-08-16 15:36:52,012 INFO o.a.j.t.JMeterThread: Thread started: Spike Profile - 100 to 1000 to 100 VU 1-333
2026-08-16 15:36:52,028 INFO o.a.j.t.JMeterThread: Thread started: Spike Profile - 100 to 1000 to 100 VU 1-331
2026-08-16 15:36:52,044 INFO o.a.j.t.JMeterThread: Thread started: Spike Profile - 100 to 1000 to 100 VU 1-329
2026-08-16 15:36:52,044 INFO o.a.j.t.JMeterThread: Thread started: Spike Profile - 100 to 1000 to 100 VU 1-330
2026-08-16 15:36:52,060 INFO o.a.j.t.JMeterThread: Thread started: Spike Profile - 100 to 1000 to 100 VU 1-328
2026-08-16 15:36:52,076 INFO o.a.j.t.JMeterThread: Thread started: Spike Profile - 100 to 1000 to 100 VU 1-327
2026-08-16 15:36:52,076 INFO o.a.j.t.JMeterThread: Thread started: Spike Profile - 100 to 1000 to 100 VU 1-326
2026-08-16 15:36:52,092 INFO o.a.j.t.JMeterThread: Thread started: Spike Profile - 100 to 1000 to 100 VU 1-325
2026-08-16 15:36:52,108 INFO o.a.j.t.JMeterThread: Thread started: Spike Profile - 100 to 1000 to 100 VU 1-324
2026-08-16 15:36:52,108 INFO o.a.j.t.JMeterThread: Thread started: Spike Profile - 100 to 1000 to 100 VU 1-323
2026-08-16 15:36:52,123 INFO o.a.j.t.JMeterThread: Thread started: Spike Profile - 100 to 1000 to 100 VU 1-322
2026-08-16 15:36:52,140 INFO o.a.j.t.JMeterThread: Thread started: Spike Profile - 100 to 1000 to 100 VU 1-321
2026-08-16 15:36:52,156 INFO o.a.j.t.JMeterThread: Thread started: Spike Profile - 100 to 1000 to 100 VU 1-320
2026-08-16 15:36:52,156 INFO o.a.j.t.JMeterThread: Thread started: Spike Profile - 100 to 1000 to 100 VU 1-319
2026-08-16 15:36:52,172 INFO o.a.j.t.JMeterThread: Thread started: Spike Profile - 100 to 1000 to 100 VU 1-318
2026-08-16 15:36:52,187 INFO o.a.j.t.JMeterThread: Thread started: Spike Profile - 100 to 1000 to 100 VU 1-316
2026-08-16 15:36:52,187 INFO o.a.j.t.JMeterThread: Thread started: Spike Profile - 100 to 1000 to 100 VU 1-317
2026-08-16 15:36:52,203 INFO o.a.j.t.JMeterThread: Thread started: Spike Profile - 100 to 1000 to 100 VU 1-315
2026-08-16 15:36:52,220 INFO o.a.j.t.JMeterThread: Thread started: Spike Profile - 100 to 1000 to 100 VU 1-313
2026-08-16 15:36:52,220 INFO o.a.j.t.JMeterThread: Thread started: Spike Profile - 100 to 1000 to 100 VU 1-314
2026-08-16 15:36:52,236 INFO o.a.j.t.JMeterThread: Thread started: Spike Profile - 100 to 1000 to 100 VU 1-312
2026-08-16 15:36:52,251 INFO o.a.j.t.JMeterThread: Thread started: Spike Profile - 100 to 1000 to 100 VU 1-311
2026-08-16 15:36:52,267 INFO o.a.j.t.JMeterThread: Thread started: Spike Profile - 100 to 1000 to 100 VU 1-310
2026-08-16 15:36:52,267 INFO o.a.j.t.JMeterThread: Thread started: Spike Profile - 100 to 1000 to 100 VU 1-309
2026-08-16 15:36:52,283 INFO o.a.j.t.JMeterThread: Thread started: Spike Profile - 100 to 1000 to 100 VU 1-308
2026-08-16 15:36:52,299 INFO o.a.j.t.JMeterThread: Thread started: Spike Profile - 100 to 1000 to 100 VU 1-307
2026-08-16 15:36:52,299 INFO o.a.j.t.JMeterThread: Thread started: Spike Profile - 100 to 1000 to 100 VU 1-306
2026-08-16 15:36:52,315 INFO o.a.j.t.JMeterThread: Thread started: Spike Profile - 100 to 1000 to 100 VU 1-305
2026-08-16 15:36:52,331 INFO o.a.j.t.JMeterThread: Thread started: Spike Profile - 100 to 1000 to 100 VU 1-303
2026-08-16 15:36:52,331 INFO o.a.j.t.JMeterThread: Thread started: Spike Profile - 100 to 1000 to 100 VU 1-304
2026-08-16 15:36:52,347 INFO o.a.j.t.JMeterThread: Thread started: Spike Profile - 100 to 1000 to 100 VU 1-302
2026-08-16 15:36:52,363 INFO o.a.j.t.JMeterThread: Thread started: Spike Profile - 100 to 1000 to 100 VU 1-300
2026-08-16 15:36:52,363 INFO o.a.j.t.JMeterThread: Thread started: Spike Profile - 100 to 1000 to 100 VU 1-301
2026-08-16 15:36:52,379 INFO o.a.j.t.JMeterThread: Thread started: Spike Profile - 100 to 1000 to 100 VU 1-299
2026-08-16 15:36:52,394 INFO o.a.j.t.JMeterThread: Thread started: Spike Profile - 100 to 1000 to 100 VU 1-298
2026-08-16 15:36:52,410 INFO o.a.j.t.JMeterThread: Thread started: Spike Profile - 100 to 1000 to 100 VU 1-296
2026-08-16 15:36:52,410 INFO o.a.j.t.JMeterThread: Thread started: Spike Profile - 100 to 1000 to 100 VU 1-297
2026-08-16 15:36:52,426 INFO o.a.j.t.JMeterThread: Thread started: Spike Profile - 100 to 1000 to 100 VU 1-295
2026-08-16 15:36:52,442 INFO o.a.j.t.JMeterThread: Thread started: Spike Profile - 100 to 1000 to 100 VU 1-294
2026-08-16 15:36:52,442 INFO o.a.j.t.JMeterThread: Thread started: Spike Profile - 100 to 1000 to 100 VU 1-293
2026-08-16 15:36:52,458 INFO o.a.j.t.JMeterThread: Thread started: Spike Profile - 100 to 1000 to 100 VU 1-292
2026-08-16 15:36:52,474 INFO o.a.j.t.JMeterThread: Thread started: Spike Profile - 100 to 1000 to 100 VU 1-291
2026-08-16 15:36:52,490 INFO o.a.j.t.JMeterThread: Thread started: Spike Profile - 100 to 1000 to 100 VU 1-290
2026-08-16 15:36:52,490 INFO o.a.j.t.JMeterThread: Thread started: Spike Profile - 100 to 1000 to 100 VU 1-289
2026-08-16 15:36:52,507 INFO o.a.j.t.JMeterThread: Thread started: Spike Profile - 100 to 1000 to 100 VU 1-288
2026-08-16 15:36:52,522 INFO o.a.j.t.JMeterThread: Thread started: Spike Profile - 100 to 1000 to 100 VU 1-287
2026-08-16 15:36:52,522 INFO o.a.j.t.JMeterThread: Thread started: Spike Profile - 100 to 1000 to 100 VU 1-286
2026-08-16 15:36:52,538 INFO o.a.j.t.JMeterThread: Thread started: Spike Profile - 100 to 1000 to 100 VU 1-285
2026-08-16 15:36:52,554 INFO o.a.j.t.JMeterThread: Thread started: Spike Profile - 100 to 1000 to 100 VU 1-283
2026-08-16 15:36:52,554 INFO o.a.j.t.JMeterThread: Thread started: Spike Profile - 100 to 1000 to 100 VU 1-284
2026-08-16 15:36:52,570 INFO o.a.j.t.JMeterThread: Thread started: Spike Profile - 100 to 1000 to 100 VU 1-282
2026-08-16 15:36:52,586 INFO o.a.j.t.JMeterThread: Thread started: Spike Profile - 100 to 1000 to 100 VU 1-280
2026-08-16 15:36:52,586 INFO o.a.j.t.JMeterThread: Thread started: Spike Profile - 100 to 1000 to 100 VU 1-281
2026-08-16 15:36:52,602 INFO o.a.j.t.JMeterThread: Thread started: Spike Profile - 100 to 1000 to 100 VU 1-279
2026-08-16 15:36:52,618 INFO o.a.j.t.JMeterThread: Thread started: Spike Profile - 100 to 1000 to 100 VU 1-278
2026-08-16 15:36:52,633 INFO o.a.j.t.JMeterThread: Thread started: Spike Profile - 100 to 1000 to 100 VU 1-276
2026-08-16 15:36:52,633 INFO o.a.j.t.JMeterThread: Thread started: Spike Profile - 100 to 1000 to 100 VU 1-277
2026-08-16 15:36:52,649 INFO o.a.j.t.JMeterThread: Thread started: Spike Profile - 100 to 1000 to 100 VU 1-275
2026-08-16 15:36:52,665 INFO o.a.j.t.JMeterThread: Thread started: Spike Profile - 100 to 1000 to 100 VU 1-273
2026-08-16 15:36:52,665 INFO o.a.j.t.JMeterThread: Thread started: Spike Profile - 100 to 1000 to 100 VU 1-274
2026-08-16 15:36:52,681 INFO o.a.j.t.JMeterThread: Thread started: Spike Profile - 100 to 1000 to 100 VU 1-272
2026-08-16 15:36:52,696 INFO o.a.j.t.JMeterThread: Thread started: Spike Profile - 100 to 1000 to 100 VU 1-271
2026-08-16 15:36:52,696 INFO o.a.j.t.JMeterThread: Thread started: Spike Profile - 100 to 1000 to 100 VU 1-270
2026-08-16 15:36:52,712 INFO o.a.j.t.JMeterThread: Thread started: Spike Profile - 100 to 1000 to 100 VU 1-269
2026-08-16 15:36:52,729 INFO o.a.j.t.JMeterThread: Thread started: Spike Profile - 100 to 1000 to 100 VU 1-268
2026-08-16 15:36:52,745 INFO o.a.j.t.JMeterThread: Thread started: Spike Profile - 100 to 1000 to 100 VU 1-266
2026-08-16 15:36:52,745 INFO o.a.j.t.JMeterThread: Thread started: Spike Profile - 100 to 1000 to 100 VU 1-267
2026-08-16 15:36:52,761 INFO o.a.j.t.JMeterThread: Thread started: Spike Profile - 100 to 1000 to 100 VU 1-265
2026-08-16 15:36:52,776 INFO o.a.j.t.JMeterThread: Thread started: Spike Profile - 100 to 1000 to 100 VU 1-263
2026-08-16 15:36:52,776 INFO o.a.j.t.JMeterThread: Thread started: Spike Profile - 100 to 1000 to 100 VU 1-264
2026-08-16 15:36:52,792 INFO o.a.j.t.JMeterThread: Thread started: Spike Profile - 100 to 1000 to 100 VU 1-262
2026-08-16 15:36:52,809 INFO o.a.j.t.JMeterThread: Thread started: Spike Profile - 100 to 1000 to 100 VU 1-261
2026-08-16 15:36:52,809 INFO o.a.j.t.JMeterThread: Thread started: Spike Profile - 100 to 1000 to 100 VU 1-260
2026-08-16 15:36:52,824 INFO o.a.j.t.JMeterThread: Thread started: Spike Profile - 100 to 1000 to 100 VU 1-259
2026-08-16 15:36:52,840 INFO o.a.j.t.JMeterThread: Thread started: Spike Profile - 100 to 1000 to 100 VU 1-257
2026-08-16 15:36:52,840 INFO o.a.j.t.JMeterThread: Thread started: Spike Profile - 100 to 1000 to 100 VU 1-258
2026-08-16 15:36:52,856 INFO o.a.j.t.JMeterThread: Thread started: Spike Profile - 100 to 1000 to 100 VU 1-256
2026-08-16 15:36:52,872 INFO o.a.j.t.JMeterThread: Thread started: Spike Profile - 100 to 1000 to 100 VU 1-255
2026-08-16 15:36:52,888 INFO o.a.j.t.JMeterThread: Thread started: Spike Profile - 100 to 1000 to 100 VU 1-253
2026-08-16 15:36:52,888 INFO o.a.j.t.JMeterThread: Thread started: Spike Profile - 100 to 1000 to 100 VU 1-254
2026-08-16 15:36:52,904 INFO o.a.j.t.JMeterThread: Thread started: Spike Profile - 100 to 1000 to 100 VU 1-252
2026-08-16 15:36:52,920 INFO o.a.j.t.JMeterThread: Thread started: Spike Profile - 100 to 1000 to 100 VU 1-251
2026-08-16 15:36:52,920 INFO o.a.j.t.JMeterThread: Thread started: Spike Profile - 100 to 1000 to 100 VU 1-250
2026-08-16 15:36:52,936 INFO o.a.j.t.JMeterThread: Thread started: Spike Profile - 100 to 1000 to 100 VU 1-249
2026-08-16 15:36:52,951 INFO o.a.j.t.JMeterThread: Thread started: Spike Profile - 100 to 1000 to 100 VU 1-248
2026-08-16 15:36:52,951 INFO o.a.j.t.JMeterThread: Thread started: Spike Profile - 100 to 1000 to 100 VU 1-247
2026-08-16 15:36:52,967 INFO o.a.j.t.JMeterThread: Thread started: Spike Profile - 100 to 1000 to 100 VU 1-246
2026-08-16 15:36:52,983 INFO o.a.j.t.JMeterThread: Thread started: Spike Profile - 100 to 1000 to 100 VU 1-245
2026-08-16 15:36:52,999 INFO o.a.j.t.JMeterThread: Thread started: Spike Profile - 100 to 1000 to 100 VU 1-244
2026-08-16 15:36:52,999 INFO o.a.j.t.JMeterThread: Thread started: Spike Profile - 100 to 1000 to 100 VU 1-243
2026-08-16 15:36:53,015 INFO o.a.j.t.JMeterThread: Thread started: Spike Profile - 100 to 1000 to 100 VU 1-242
2026-08-16 15:36:53,031 INFO o.a.j.t.JMeterThread: Thread started: Spike Profile - 100 to 1000 to 100 VU 1-241
2026-08-16 15:36:53,031 INFO o.a.j.t.JMeterThread: Thread started: Spike Profile - 100 to 1000 to 100 VU 1-240
2026-08-16 15:36:53,047 INFO o.a.j.t.JMeterThread: Thread started: Spike Profile - 100 to 1000 to 100 VU 1-239
2026-08-16 15:36:53,063 INFO o.a.j.t.JMeterThread: Thread started: Spike Profile - 100 to 1000 to 100 VU 1-238
2026-08-16 15:36:53,063 INFO o.a.j.t.JMeterThread: Thread started: Spike Profile - 100 to 1000 to 100 VU 1-237
2026-08-16 15:36:53,079 INFO o.a.j.t.JMeterThread: Thread started: Spike Profile - 100 to 1000 to 100 VU 1-236
2026-08-16 15:36:53,094 INFO o.a.j.t.JMeterThread: Thread started: Spike Profile - 100 to 1000 to 100 VU 1-235
2026-08-16 15:36:53,110 INFO o.a.j.t.JMeterThread: Thread started: Spike Profile - 100 to 1000 to 100 VU 1-234
2026-08-16 15:36:53,110 INFO o.a.j.t.JMeterThread: Thread started: Spike Profile - 100 to 1000 to 100 VU 1-233
2026-08-16 15:36:53,126 INFO o.a.j.t.JMeterThread: Thread started: Spike Profile - 100 to 1000 to 100 VU 1-232
2026-08-16 15:36:53,142 INFO o.a.j.t.JMeterThread: Thread started: Spike Profile - 100 to 1000 to 100 VU 1-230
2026-08-16 15:36:53,142 INFO o.a.j.t.JMeterThread: Thread started: Spike Profile - 100 to 1000 to 100 VU 1-231
2026-08-16 15:36:53,158 INFO o.a.j.t.JMeterThread: Thread started: Spike Profile - 100 to 1000 to 100 VU 1-229
2026-08-16 15:36:53,174 INFO o.a.j.t.JMeterThread: Thread started: Spike Profile - 100 to 1000 to 100 VU 1-228
2026-08-16 15:36:53,190 INFO o.a.j.t.JMeterThread: Thread started: Spike Profile - 100 to 1000 to 100 VU 1-227
2026-08-16 15:36:53,190 INFO o.a.j.t.JMeterThread: Thread started: Spike Profile - 100 to 1000 to 100 VU 1-226
2026-08-16 15:36:53,206 INFO o.a.j.t.JMeterThread: Thread started: Spike Profile - 100 to 1000 to 100 VU 1-225
2026-08-16 15:36:53,222 INFO o.a.j.t.JMeterThread: Thread started: Spike Profile - 100 to 1000 to 100 VU 1-223
2026-08-16 15:36:53,222 INFO o.a.j.t.JMeterThread: Thread started: Spike Profile - 100 to 1000 to 100 VU 1-224
2026-08-16 15:36:53,238 INFO o.a.j.t.JMeterThread: Thread started: Spike Profile - 100 to 1000 to 100 VU 1-222
2026-08-16 15:36:53,254 INFO o.a.j.t.JMeterThread: Thread started: Spike Profile - 100 to 1000 to 100 VU 1-220
2026-08-16 15:36:53,254 INFO o.a.j.t.JMeterThread: Thread started: Spike Profile - 100 to 1000 to 100 VU 1-221
2026-08-16 15:36:53,270 INFO o.a.j.t.JMeterThread: Thread started: Spike Profile - 100 to 1000 to 100 VU 1-219
2026-08-16 15:36:53,286 INFO o.a.j.t.JMeterThread: Thread started: Spike Profile - 100 to 1000 to 100 VU 1-218
2026-08-16 15:36:53,286 INFO o.a.j.t.JMeterThread: Thread started: Spike Profile - 100 to 1000 to 100 VU 1-217
2026-08-16 15:36:53,302 INFO o.a.j.t.JMeterThread: Thread started: Spike Profile - 100 to 1000 to 100 VU 1-216
2026-08-16 15:36:53,318 INFO o.a.j.t.JMeterThread: Thread started: Spike Profile - 100 to 1000 to 100 VU 1-215
2026-08-16 15:36:53,333 INFO o.a.j.t.JMeterThread: Thread started: Spike Profile - 100 to 1000 to 100 VU 1-214
2026-08-16 15:36:53,333 INFO o.a.j.t.JMeterThread: Thread started: Spike Profile - 100 to 1000 to 100 VU 1-213
2026-08-16 15:36:53,349 INFO o.a.j.t.JMeterThread: Thread started: Spike Profile - 100 to 1000 to 100 VU 1-212
2026-08-16 15:36:53,365 INFO o.a.j.t.JMeterThread: Thread started: Spike Profile - 100 to 1000 to 100 VU 1-210
2026-08-16 15:36:53,365 INFO o.a.j.t.JMeterThread: Thread started: Spike Profile - 100 to 1000 to 100 VU 1-211
2026-08-16 15:36:53,381 INFO o.a.j.t.JMeterThread: Thread started: Spike Profile - 100 to 1000 to 100 VU 1-209
2026-08-16 15:36:53,397 INFO o.a.j.t.JMeterThread: Thread started: Spike Profile - 100 to 1000 to 100 VU 1-207
2026-08-16 15:36:53,397 INFO o.a.j.t.JMeterThread: Thread started: Spike Profile - 100 to 1000 to 100 VU 1-208
2026-08-16 15:36:53,412 INFO o.a.j.t.JMeterThread: Thread started: Spike Profile - 100 to 1000 to 100 VU 1-206
2026-08-16 15:36:53,428 INFO o.a.j.t.JMeterThread: Thread started: Spike Profile - 100 to 1000 to 100 VU 1-205
2026-08-16 15:36:53,445 INFO o.a.j.t.JMeterThread: Thread started: Spike Profile - 100 to 1000 to 100 VU 1-203
2026-08-16 15:36:53,445 INFO o.a.j.t.JMeterThread: Thread started: Spike Profile - 100 to 1000 to 100 VU 1-204
2026-08-16 15:36:53,460 INFO o.a.j.t.JMeterThread: Thread started: Spike Profile - 100 to 1000 to 100 VU 1-202
2026-08-16 15:36:53,476 INFO o.a.j.t.JMeterThread: Thread started: Spike Profile - 100 to 1000 to 100 VU 1-200
2026-08-16 15:36:53,476 INFO o.a.j.t.JMeterThread: Thread started: Spike Profile - 100 to 1000 to 100 VU 1-201
2026-08-16 15:36:53,493 INFO o.a.j.t.JMeterThread: Thread started: Spike Profile - 100 to 1000 to 100 VU 1-199
2026-08-16 15:36:53,508 INFO o.a.j.t.JMeterThread: Thread started: Spike Profile - 100 to 1000 to 100 VU 1-198
2026-08-16 15:36:53,508 INFO o.a.j.t.JMeterThread: Thread started: Spike Profile - 100 to 1000 to 100 VU 1-197
2026-08-16 15:36:53,524 INFO o.a.j.t.JMeterThread: Thread started: Spike Profile - 100 to 1000 to 100 VU 1-196
2026-08-16 15:36:53,540 INFO o.a.j.t.JMeterThread: Thread started: Spike Profile - 100 to 1000 to 100 VU 1-195
2026-08-16 15:36:53,556 INFO o.a.j.t.JMeterThread: Thread started: Spike Profile - 100 to 1000 to 100 VU 1-194
2026-08-16 15:36:53,556 INFO o.a.j.t.JMeterThread: Thread started: Spike Profile - 100 to 1000 to 100 VU 1-193
2026-08-16 15:36:53,572 INFO o.a.j.t.JMeterThread: Thread started: Spike Profile - 100 to 1000 to 100 VU 1-192
2026-08-16 15:36:53,588 INFO o.a.j.t.JMeterThread: Thread started: Spike Profile - 100 to 1000 to 100 VU 1-190
2026-08-16 15:36:53,588 INFO o.a.j.t.JMeterThread: Thread started: Spike Profile - 100 to 1000 to 100 VU 1-191
2026-08-16 15:36:53,604 INFO o.a.j.t.JMeterThread: Thread started: Spike Profile - 100 to 1000 to 100 VU 1-189
2026-08-16 15:36:53,620 INFO o.a.j.t.JMeterThread: Thread started: Spike Profile - 100 to 1000 to 100 VU 1-187
2026-08-16 15:36:53,620 INFO o.a.j.t.JMeterThread: Thread started: Spike Profile - 100 to 1000 to 100 VU 1-188
2026-08-16 15:36:53,635 INFO o.a.j.t.JMeterThread: Thread started: Spike Profile - 100 to 1000 to 100 VU 1-186
2026-08-16 15:36:53,651 INFO o.a.j.t.JMeterThread: Thread started: Spike Profile - 100 to 1000 to 100 VU 1-184
2026-08-16 15:36:53,651 INFO o.a.j.t.JMeterThread: Thread started: Spike Profile - 100 to 1000 to 100 VU 1-185
2026-08-16 15:36:53,667 INFO o.a.j.t.JMeterThread: Thread started: Spike Profile - 100 to 1000 to 100 VU 1-183
2026-08-16 15:36:53,683 INFO o.a.j.t.JMeterThread: Thread started: Spike Profile - 100 to 1000 to 100 VU 1-182
2026-08-16 15:36:53,699 INFO o.a.j.t.JMeterThread: Thread started: Spike Profile - 100 to 1000 to 100 VU 1-181
2026-08-16 15:36:53,699 INFO o.a.j.t.JMeterThread: Thread started: Spike Profile - 100 to 1000 to 100 VU 1-180
2026-08-16 15:36:53,715 INFO o.a.j.t.JMeterThread: Thread started: Spike Profile - 100 to 1000 to 100 VU 1-179
2026-08-16 15:36:53,731 INFO o.a.j.t.JMeterThread: Thread started: Spike Profile - 100 to 1000 to 100 VU 1-178
2026-08-16 15:36:53,731 INFO o.a.j.t.JMeterThread: Thread started: Spike Profile - 100 to 1000 to 100 VU 1-177
2026-08-16 15:36:53,746 INFO o.a.j.t.JMeterThread: Thread started: Spike Profile - 100 to 1000 to 100 VU 1-176
2026-08-16 15:36:53,762 INFO o.a.j.t.JMeterThread: Thread started: Spike Profile - 100 to 1000 to 100 VU 1-175
2026-08-16 15:36:53,778 INFO o.a.j.t.JMeterThread: Thread started: Spike Profile - 100 to 1000 to 100 VU 1-173
2026-08-16 15:36:53,778 INFO o.a.j.t.JMeterThread: Thread started: Spike Profile - 100 to 1000 to 100 VU 1-174
2026-08-16 15:36:53,794 INFO o.a.j.t.JMeterThread: Thread started: Spike Profile - 100 to 1000 to 100 VU 1-172
2026-08-16 15:36:53,809 INFO o.a.j.t.JMeterThread: Thread started: Spike Profile - 100 to 1000 to 100 VU 1-171
2026-08-16 15:36:53,809 INFO o.a.j.t.JMeterThread: Thread started: Spike Profile - 100 to 1000 to 100 VU 1-170
2026-08-16 15:36:53,826 INFO o.a.j.t.JMeterThread: Thread started: Spike Profile - 100 to 1000 to 100 VU 1-169
2026-08-16 15:36:53,841 INFO o.a.j.t.JMeterThread: Thread started: Spike Profile - 100 to 1000 to 100 VU 1-168
2026-08-16 15:36:53,841 INFO o.a.j.t.JMeterThread: Thread started: Spike Profile - 100 to 1000 to 100 VU 1-167
2026-08-16 15:36:53,857 INFO o.a.j.t.JMeterThread: Thread started: Spike Profile - 100 to 1000 to 100 VU 1-166
2026-08-16 15:36:53,889 INFO o.a.j.t.JMeterThread: Thread started: Spike Profile - 100 to 1000 to 100 VU 1-164
2026-08-16 15:36:53,889 INFO o.a.j.t.JMeterThread: Thread started: Spike Profile - 100 to 1000 to 100 VU 1-163
2026-08-16 15:36:53,889 INFO o.a.j.t.JMeterThread: Thread started: Spike Profile - 100 to 1000 to 100 VU 1-165
2026-08-16 15:36:53,905 INFO o.a.j.t.JMeterThread: Thread started: Spike Profile - 100 to 1000 to 100 VU 1-162
2026-08-16 15:36:53,921 INFO o.a.j.t.JMeterThread: Thread started: Spike Profile - 100 to 1000 to 100 VU 1-160
2026-08-16 15:36:53,921 INFO o.a.j.t.JMeterThread: Thread started: Spike Profile - 100 to 1000 to 100 VU 1-161
2026-08-16 15:36:53,937 INFO o.a.j.t.JMeterThread: Thread started: Spike Profile - 100 to 1000 to 100 VU 1-159
2026-08-16 15:36:53,953 INFO o.a.j.t.JMeterThread: Thread started: Spike Profile - 100 to 1000 to 100 VU 1-158
2026-08-16 15:36:53,953 INFO o.a.j.t.JMeterThread: Thread started: Spike Profile - 100 to 1000 to 100 VU 1-157
2026-08-16 15:36:53,968 INFO o.a.j.t.JMeterThread: Thread started: Spike Profile - 100 to 1000 to 100 VU 1-156
2026-08-16 15:36:53,984 INFO o.a.j.t.JMeterThread: Thread started: Spike Profile - 100 to 1000 to 100 VU 1-155
2026-08-16 15:36:54,000 INFO o.a.j.t.JMeterThread: Thread started: Spike Profile - 100 to 1000 to 100 VU 1-153
2026-08-16 15:36:54,000 INFO o.a.j.t.JMeterThread: Thread started: Spike Profile - 100 to 1000 to 100 VU 1-154
2026-08-16 15:36:54,016 INFO o.a.j.t.JMeterThread: Thread started: Spike Profile - 100 to 1000 to 100 VU 1-152
2026-08-16 15:36:54,032 INFO o.a.j.t.JMeterThread: Thread started: Spike Profile - 100 to 1000 to 100 VU 1-150
2026-08-16 15:36:54,032 INFO o.a.j.t.JMeterThread: Thread started: Spike Profile - 100 to 1000 to 100 VU 1-151
2026-08-16 15:36:54,048 INFO o.a.j.t.JMeterThread: Thread started: Spike Profile - 100 to 1000 to 100 VU 1-149
2026-08-16 15:36:54,064 INFO o.a.j.t.JMeterThread: Thread started: Spike Profile - 100 to 1000 to 100 VU 1-148
2026-08-16 15:36:54,064 INFO o.a.j.t.JMeterThread: Thread started: Spike Profile - 100 to 1000 to 100 VU 1-147
2026-08-16 15:36:54,080 INFO o.a.j.t.JMeterThread: Thread started: Spike Profile - 100 to 1000 to 100 VU 1-146
2026-08-16 15:36:54,095 INFO o.a.j.t.JMeterThread: Thread started: Spike Profile - 100 to 1000 to 100 VU 1-145
2026-08-16 15:36:54,111 INFO o.a.j.t.JMeterThread: Thread started: Spike Profile - 100 to 1000 to 100 VU 1-144
2026-08-16 15:36:54,111 INFO o.a.j.t.JMeterThread: Thread started: Spike Profile - 100 to 1000 to 100 VU 1-143
2026-08-16 15:36:54,127 INFO o.a.j.t.JMeterThread: Thread started: Spike Profile - 100 to 1000 to 100 VU 1-142
2026-08-16 15:36:54,143 INFO o.a.j.t.JMeterThread: Thread started: Spike Profile - 100 to 1000 to 100 VU 1-140
2026-08-16 15:36:54,143 INFO o.a.j.t.JMeterThread: Thread started: Spike Profile - 100 to 1000 to 100 VU 1-141
2026-08-16 15:36:54,159 INFO o.a.j.t.JMeterThread: Thread started: Spike Profile - 100 to 1000 to 100 VU 1-139
2026-08-16 15:36:54,175 INFO o.a.j.t.JMeterThread: Thread started: Spike Profile - 100 to 1000 to 100 VU 1-137
2026-08-16 15:36:54,175 INFO o.a.j.t.JMeterThread: Thread started: Spike Profile - 100 to 1000 to 100 VU 1-138
2026-08-16 15:36:54,191 INFO o.a.j.t.JMeterThread: Thread started: Spike Profile - 100 to 1000 to 100 VU 1-136
2026-08-16 15:36:54,207 INFO o.a.j.t.JMeterThread: Thread started: Spike Profile - 100 to 1000 to 100 VU 1-135
2026-08-16 15:36:54,207 INFO o.a.j.t.JMeterThread: Thread started: Spike Profile - 100 to 1000 to 100 VU 1-134
2026-08-16 15:36:54,223 INFO o.a.j.t.JMeterThread: Thread started: Spike Profile - 100 to 1000 to 100 VU 1-133
2026-08-16 15:36:54,239 INFO o.a.j.t.JMeterThread: Thread started: Spike Profile - 100 to 1000 to 100 VU 1-132
2026-08-16 15:36:54,255 INFO o.a.j.t.JMeterThread: Thread started: Spike Profile - 100 to 1000 to 100 VU 1-131
2026-08-16 15:36:54,255 INFO o.a.j.t.JMeterThread: Thread started: Spike Profile - 100 to 1000 to 100 VU 1-130
2026-08-16 15:36:54,271 INFO o.a.j.t.JMeterThread: Thread started: Spike Profile - 100 to 1000 to 100 VU 1-129
2026-08-16 15:36:54,287 INFO o.a.j.t.JMeterThread: Thread started: Spike Profile - 100 to 1000 to 100 VU 1-127
2026-08-16 15:36:54,287 INFO o.a.j.t.JMeterThread: Thread started: Spike Profile - 100 to 1000 to 100 VU 1-128
2026-08-16 15:36:54,302 INFO o.a.j.t.JMeterThread: Thread started: Spike Profile - 100 to 1000 to 100 VU 1-126
2026-08-16 15:36:54,318 INFO o.a.j.t.JMeterThread: Thread started: Spike Profile - 100 to 1000 to 100 VU 1-124
2026-08-16 15:36:54,318 INFO o.a.j.t.JMeterThread: Thread started: Spike Profile - 100 to 1000 to 100 VU 1-125
2026-08-16 15:36:54,334 INFO o.a.j.t.JMeterThread: Thread started: Spike Profile - 100 to 1000 to 100 VU 1-123
2026-08-16 15:36:54,350 INFO o.a.j.t.JMeterThread: Thread started: Spike Profile - 100 to 1000 to 100 VU 1-122
2026-08-16 15:36:54,366 INFO o.a.j.t.JMeterThread: Thread started: Spike Profile - 100 to 1000 to 100 VU 1-120
2026-08-16 15:36:54,366 INFO o.a.j.t.JMeterThread: Thread started: Spike Profile - 100 to 1000 to 100 VU 1-121
2026-08-16 15:36:54,382 INFO o.a.j.t.JMeterThread: Thread started: Spike Profile - 100 to 1000 to 100 VU 1-119
2026-08-16 15:36:54,398 INFO o.a.j.t.JMeterThread: Thread started: Spike Profile - 100 to 1000 to 100 VU 1-118
2026-08-16 15:36:54,398 INFO o.a.j.t.JMeterThread: Thread started: Spike Profile - 100 to 1000 to 100 VU 1-117
2026-08-16 15:36:54,414 INFO o.a.j.t.JMeterThread: Thread started: Spike Profile - 100 to 1000 to 100 VU 1-116
2026-08-16 15:36:54,430 INFO o.a.j.t.JMeterThread: Thread started: Spike Profile - 100 to 1000 to 100 VU 1-115
2026-08-16 15:36:54,430 INFO o.a.j.t.JMeterThread: Thread started: Spike Profile - 100 to 1000 to 100 VU 1-114
2026-08-16 15:36:54,446 INFO o.a.j.t.JMeterThread: Thread started: Spike Profile - 100 to 1000 to 100 VU 1-113
2026-08-16 15:36:54,461 INFO o.a.j.t.JMeterThread: Thread started: Spike Profile - 100 to 1000 to 100 VU 1-112
2026-08-16 15:36:54,477 INFO o.a.j.t.JMeterThread: Thread started: Spike Profile - 100 to 1000 to 100 VU 1-110
2026-08-16 15:36:54,477 INFO o.a.j.t.JMeterThread: Thread started: Spike Profile - 100 to 1000 to 100 VU 1-111
2026-08-16 15:36:54,493 INFO o.a.j.t.JMeterThread: Thread started: Spike Profile - 100 to 1000 to 100 VU 1-109
2026-08-16 15:36:54,510 INFO o.a.j.t.JMeterThread: Thread started: Spike Profile - 100 to 1000 to 100 VU 1-107
2026-08-16 15:36:54,510 INFO o.a.j.t.JMeterThread: Thread started: Spike Profile - 100 to 1000 to 100 VU 1-108
2026-08-16 15:36:54,526 INFO o.a.j.t.JMeterThread: Thread started: Spike Profile - 100 to 1000 to 100 VU 1-106
2026-08-16 15:36:54,541 INFO o.a.j.t.JMeterThread: Thread started: Spike Profile - 100 to 1000 to 100 VU 1-104
2026-08-16 15:36:54,541 INFO o.a.j.t.JMeterThread: Thread started: Spike Profile - 100 to 1000 to 100 VU 1-105
2026-08-16 15:36:54,557 INFO o.a.j.t.JMeterThread: Thread started: Spike Profile - 100 to 1000 to 100 VU 1-103
2026-08-16 15:36:54,573 INFO o.a.j.t.JMeterThread: Thread started: Spike Profile - 100 to 1000 to 100 VU 1-102
2026-08-16 15:36:54,589 INFO o.a.j.t.JMeterThread: Thread started: Spike Profile - 100 to 1000 to 100 VU 1-101
2026-08-16 15:38:22,253 INFO o.a.j.t.JMeterThread: Thread finished: Spike Profile - 100 to 1000 to 100 VU 1-993
2026-08-16 15:38:22,520 INFO o.a.j.t.JMeterThread: Thread finished: Spike Profile - 100 to 1000 to 100 VU 1-990
2026-08-16 15:38:22,709 INFO o.a.j.t.JMeterThread: Thread finished: Spike Profile - 100 to 1000 to 100 VU 1-951
2026-08-16 15:38:22,812 INFO o.a.j.t.JMeterThread: Thread finished: Spike Profile - 100 to 1000 to 100 VU 1-987
2026-08-16 15:38:22,894 INFO o.a.j.t.JMeterThread: Thread finished: Spike Profile - 100 to 1000 to 100 VU 1-995
2026-08-16 15:38:23,093 INFO o.a.j.t.JMeterThread: Thread finished: Spike Profile - 100 to 1000 to 100 VU 1-968
2026-08-16 15:38:23,094 INFO o.a.j.t.JMeterThread: Thread finished: Spike Profile - 100 to 1000 to 100 VU 1-985
2026-08-16 15:38:23,117 INFO o.a.j.t.JMeterThread: Thread finished: Spike Profile - 100 to 1000 to 100 VU 1-930
2026-08-16 15:38:23,230 INFO o.a.j.t.JMeterThread: Thread finished: Spike Profile - 100 to 1000 to 100 VU 1-978
2026-08-16 15:38:23,281 INFO o.a.j.t.JMeterThread: Thread finished: Spike Profile - 100 to 1000 to 100 VU 1-952
2026-08-16 15:38:23,298 INFO o.a.j.t.JMeterThread: Thread finished: Spike Profile - 100 to 1000 to 100 VU 1-897
2026-08-16 15:38:23,313 INFO o.a.j.t.JMeterThread: Thread finished: Spike Profile - 100 to 1000 to 100 VU 1-950
2026-08-16 15:38:23,341 INFO o.a.j.t.JMeterThread: Thread finished: Spike Profile - 100 to 1000 to 100 VU 1-996
2026-08-16 15:38:23,381 INFO o.a.j.t.JMeterThread: Thread finished: Spike Profile - 100 to 1000 to 100 VU 1-911
2026-08-16 15:38:23,394 INFO o.a.j.t.JMeterThread: Thread finished: Spike Profile - 100 to 1000 to 100 VU 1-931
2026-08-16 15:38:23,463 INFO o.a.j.t.JMeterThread: Thread finished: Spike Profile - 100 to 1000 to 100 VU 1-988
2026-08-16 15:38:23,471 INFO o.a.j.t.JMeterThread: Thread finished: Spike Profile - 100 to 1000 to 100 VU 1-868
2026-08-16 15:38:23,514 INFO o.a.j.t.JMeterThread: Thread finished: Spike Profile - 100 to 1000 to 100 VU 1-992
2026-08-16 15:38:23,585 INFO o.a.j.t.JMeterThread: Thread finished: Spike Profile - 100 to 1000 to 100 VU 1-920
2026-08-16 15:38:23,586 INFO o.a.j.t.JMeterThread: Thread finished: Spike Profile - 100 to 1000 to 100 VU 1-912
2026-08-16 15:38:23,592 INFO o.a.j.t.JMeterThread: Thread finished: Spike Profile - 100 to 1000 to 100 VU 1-974
2026-08-16 15:38:23,593 INFO o.a.j.t.JMeterThread: Thread finished: Spike Profile - 100 to 1000 to 100 VU 1-938
2026-08-16 15:38:23,608 INFO o.a.j.t.JMeterThread: Thread finished: Spike Profile - 100 to 1000 to 100 VU 1-917
2026-08-16 15:38:23,640 INFO o.a.j.t.JMeterThread: Thread finished: Spike Profile - 100 to 1000 to 100 VU 1-892
2026-08-16 15:38:23,640 INFO o.a.j.t.JMeterThread: Thread finished: Spike Profile - 100 to 1000 to 100 VU 1-928
2026-08-16 15:38:23,640 INFO o.a.j.t.JMeterThread: Thread finished: Spike Profile - 100 to 1000 to 100 VU 1-1000
2026-08-16 15:38:23,686 INFO o.a.j.t.JMeterThread: Thread finished: Spike Profile - 100 to 1000 to 100 VU 1-953
2026-08-16 15:38:23,686 INFO o.a.j.t.JMeterThread: Thread finished: Spike Profile - 100 to 1000 to 100 VU 1-966
2026-08-16 15:38:23,688 INFO o.a.j.t.JMeterThread: Thread finished: Spike Profile - 100 to 1000 to 100 VU 1-981
2026-08-16 15:38:23,711 INFO o.a.j.t.JMeterThread: Thread finished: Spike Profile - 100 to 1000 to 100 VU 1-969
2026-08-16 15:38:23,720 INFO o.a.j.t.JMeterThread: Thread finished: Spike Profile - 100 to 1000 to 100 VU 1-979
2026-08-16 15:38:23,770 INFO o.a.j.t.JMeterThread: Thread finished: Spike Profile - 100 to 1000 to 100 VU 1-941
2026-08-16 15:38:23,811 INFO o.a.j.t.JMeterThread: Thread finished: Spike Profile - 100 to 1000 to 100 VU 1-934
2026-08-16 15:38:23,812 INFO o.a.j.t.JMeterThread: Thread finished: Spike Profile - 100 to 1000 to 100 VU 1-962
2026-08-16 15:38:23,814 INFO o.a.j.t.JMeterThread: Thread finished: Spike Profile - 100 to 1000 to 100 VU 1-977
2026-08-16 15:38:23,830 INFO o.a.j.t.JMeterThread: Thread finished: Spike Profile - 100 to 1000 to 100 VU 1-954
2026-08-16 15:38:23,849 INFO o.a.j.t.JMeterThread: Thread finished: Spike Profile - 100 to 1000 to 100 VU 1-955
2026-08-16 15:38:23,850 INFO o.a.j.t.JMeterThread: Thread finished: Spike Profile - 100 to 1000 to 100 VU 1-946
2026-08-16 15:38:23,882 INFO o.a.j.t.JMeterThread: Thread finished: Spike Profile - 100 to 1000 to 100 VU 1-828
2026-08-16 15:38:23,891 INFO o.a.j.t.JMeterThread: Thread finished: Spike Profile - 100 to 1000 to 100 VU 1-947
2026-08-16 15:38:23,892 INFO o.a.j.t.JMeterThread: Thread finished: Spike Profile - 100 to 1000 to 100 VU 1-878
2026-08-16 15:38:23,908 INFO o.a.j.t.JMeterThread: Thread finished: Spike Profile - 100 to 1000 to 100 VU 1-834
2026-08-16 15:38:23,913 INFO o.a.j.t.JMeterThread: Thread finished: Spike Profile - 100 to 1000 to 100 VU 1-861
2026-08-16 15:38:23,914 INFO o.a.j.t.JMeterThread: Thread finished: Spike Profile - 100 to 1000 to 100 VU 1-933
2026-08-16 15:38:23,937 INFO o.a.j.t.JMeterThread: Thread finished: Spike Profile - 100 to 1000 to 100 VU 1-900
2026-08-16 15:38:23,994 INFO o.a.j.t.JMeterThread: Thread finished: Spike Profile - 100 to 1000 to 100 VU 1-869
2026-08-16 15:38:24,008 INFO o.a.j.t.JMeterThread: Thread finished: Spike Profile - 100 to 1000 to 100 VU 1-944
2026-08-16 15:38:24,018 INFO o.a.j.t.JMeterThread: Thread finished: Spike Profile - 100 to 1000 to 100 VU 1-949
2026-08-16 15:38:24,084 INFO o.a.j.t.JMeterThread: Thread finished: Spike Profile - 100 to 1000 to 100 VU 1-837
2026-08-16 15:38:24,086 INFO o.a.j.t.JMeterThread: Thread finished: Spike Profile - 100 to 1000 to 100 VU 1-945
2026-08-16 15:38:24,153 INFO o.a.j.t.JMeterThread: Thread finished: Spike Profile - 100 to 1000 to 100 VU 1-895
2026-08-16 15:38:24,154 INFO o.a.j.t.JMeterThread: Thread finished: Spike Profile - 100 to 1000 to 100 VU 1-916
2026-08-16 15:38:24,161 INFO o.a.j.t.JMeterThread: Thread finished: Spike Profile - 100 to 1000 to 100 VU 1-899
2026-08-16 15:38:24,165 INFO o.a.j.t.JMeterThread: Thread finished: Spike Profile - 100 to 1000 to 100 VU 1-982
2026-08-16 15:38:24,170 INFO o.a.j.t.JMeterThread: Thread finished: Spike Profile - 100 to 1000 to 100 VU 1-807
2026-08-16 15:38:24,171 INFO o.a.j.t.JMeterThread: Thread finished: Spike Profile - 100 to 1000 to 100 VU 1-924
2026-08-16 15:38:24,204 INFO o.a.j.t.JMeterThread: Thread finished: Spike Profile - 100 to 1000 to 100 VU 1-859
2026-08-16 15:38:24,205 INFO o.a.j.t.JMeterThread: Thread finished: Spike Profile - 100 to 1000 to 100 VU 1-967
2026-08-16 15:38:24,206 INFO o.a.j.t.JMeterThread: Thread finished: Spike Profile - 100 to 1000 to 100 VU 1-994
2026-08-16 15:38:24,206 INFO o.a.j.t.JMeterThread: Thread finished: Spike Profile - 100 to 1000 to 100 VU 1-896
2026-08-16 15:38:24,215 INFO o.a.j.t.JMeterThread: Thread finished: Spike Profile - 100 to 1000 to 100 VU 1-915
2026-08-16 15:38:24,215 INFO o.a.j.t.JMeterThread: Thread finished: Spike Profile - 100 to 1000 to 100 VU 1-910
2026-08-16 15:38:24,217 INFO o.a.j.t.JMeterThread: Thread finished: Spike Profile - 100 to 1000 to 100 VU 1-964
2026-08-16 15:38:24,218 INFO o.a.j.t.JMeterThread: Thread finished: Spike Profile - 100 to 1000 to 100 VU 1-975
2026-08-16 15:38:24,245 INFO o.a.j.t.JMeterThread: Thread finished: Spike Profile - 100 to 1000 to 100 VU 1-856
2026-08-16 15:38:24,274 INFO o.a.j.t.JMeterThread: Thread finished: Spike Profile - 100 to 1000 to 100 VU 1-826
2026-08-16 15:38:24,281 INFO o.a.j.t.JMeterThread: Thread finished: Spike Profile - 100 to 1000 to 100 VU 1-973
2026-08-16 15:38:24,303 INFO o.a.j.t.JMeterThread: Thread finished: Spike Profile - 100 to 1000 to 100 VU 1-940
2026-08-16 15:38:24,311 INFO o.a.j.t.JMeterThread: Thread finished: Spike Profile - 100 to 1000 to 100 VU 1-984
2026-08-16 15:38:24,314 INFO o.a.j.t.JMeterThread: Thread finished: Spike Profile - 100 to 1000 to 100 VU 1-989
2026-08-16 15:38:24,319 INFO o.a.j.t.JMeterThread: Thread finished: Spike Profile - 100 to 1000 to 100 VU 1-998
2026-08-16 15:38:24,349 INFO o.a.j.t.JMeterThread: Thread finished: Spike Profile - 100 to 1000 to 100 VU 1-939
2026-08-16 15:38:24,361 INFO o.a.j.t.JMeterThread: Thread finished: Spike Profile - 100 to 1000 to 100 VU 1-956
2026-08-16 15:38:24,361 INFO o.a.j.t.JMeterThread: Thread finished: Spike Profile - 100 to 1000 to 100 VU 1-814
2026-08-16 15:38:24,388 INFO o.a.j.t.JMeterThread: Thread finished: Spike Profile - 100 to 1000 to 100 VU 1-958
2026-08-16 15:38:24,394 INFO o.a.j.t.JMeterThread: Thread finished: Spike Profile - 100 to 1000 to 100 VU 1-830
2026-08-16 15:38:24,403 INFO o.a.j.t.JMeterThread: Thread finished: Spike Profile - 100 to 1000 to 100 VU 1-835
2026-08-16 15:38:24,403 INFO o.a.j.t.JMeterThread: Thread finished: Spike Profile - 100 to 1000 to 100 VU 1-922
2026-08-16 15:38:24,437 INFO o.a.j.t.JMeterThread: Thread finished: Spike Profile - 100 to 1000 to 100 VU 1-913
2026-08-16 15:38:24,474 INFO o.a.j.t.JMeterThread: Thread finished: Spike Profile - 100 to 1000 to 100 VU 1-909
2026-08-16 15:38:24,495 INFO o.a.j.t.JMeterThread: Thread finished: Spike Profile - 100 to 1000 to 100 VU 1-959
2026-08-16 15:38:24,497 INFO o.a.j.t.JMeterThread: Thread finished: Spike Profile - 100 to 1000 to 100 VU 1-860
2026-08-16 15:38:24,518 INFO o.a.j.t.JMeterThread: Thread finished: Spike Profile - 100 to 1000 to 100 VU 1-991
2026-08-16 15:38:24,575 INFO o.a.j.t.JMeterThread: Thread finished: Spike Profile - 100 to 1000 to 100 VU 1-961
2026-08-16 15:38:24,576 INFO o.a.j.t.JMeterThread: Thread finished: Spike Profile - 100 to 1000 to 100 VU 1-850
2026-08-16 15:38:24,576 INFO o.a.j.t.JMeterThread: Thread finished: Spike Profile - 100 to 1000 to 100 VU 1-882
2026-08-16 15:38:24,579 INFO o.a.j.t.JMeterThread: Thread finished: Spike Profile - 100 to 1000 to 100 VU 1-999
2026-08-16 15:38:24,579 INFO o.a.j.t.JMeterThread: Thread finished: Spike Profile - 100 to 1000 to 100 VU 1-983
2026-08-16 15:38:24,630 INFO o.a.j.t.JMeterThread: Thread finished: Spike Profile - 100 to 1000 to 100 VU 1-972
2026-08-16 15:38:24,632 INFO o.a.j.t.JMeterThread: Thread finished: Spike Profile - 100 to 1000 to 100 VU 1-857
2026-08-16 15:38:24,633 INFO o.a.j.t.JMeterThread: Thread finished: Spike Profile - 100 to 1000 to 100 VU 1-865
2026-08-16 15:38:24,634 INFO o.a.j.t.JMeterThread: Thread finished: Spike Profile - 100 to 1000 to 100 VU 1-965
2026-08-16 15:38:24,634 INFO o.a.j.t.JMeterThread: Thread finished: Spike Profile - 100 to 1000 to 100 VU 1-986
2026-08-16 15:38:24,634 INFO o.a.j.t.JMeterThread: Stopping because end time detected by thread: Spike Profile - 100 to 1000 to 100 VU 1-997
2026-08-16 15:38:24,634 INFO o.a.j.t.JMeterThread: Thread finished: Spike Profile - 100 to 1000 to 100 VU 1-997
2026-08-16 15:38:24,664 INFO o.a.j.t.JMeterThread: Thread finished: Spike Profile - 100 to 1000 to 100 VU 1-862
2026-08-16 15:38:24,672 INFO o.a.j.t.JMeterThread: Thread finished: Spike Profile - 100 to 1000 to 100 VU 1-905
2026-08-16 15:38:24,674 INFO o.a.j.t.JMeterThread: Thread finished: Spike Profile - 100 to 1000 to 100 VU 1-970
2026-08-16 15:38:24,675 INFO o.a.j.t.JMeterThread: Thread finished: Spike Profile - 100 to 1000 to 100 VU 1-980
2026-08-16 15:38:24,697 INFO o.a.j.t.JMeterThread: Thread finished: Spike Profile - 100 to 1000 to 100 VU 1-971
2026-08-16 15:38:24,698 INFO o.a.j.t.JMeterThread: Thread finished: Spike Profile - 100 to 1000 to 100 VU 1-936
2026-08-16 15:38:24,732 INFO o.a.j.t.JMeterThread: Thread finished: Spike Profile - 100 to 1000 to 100 VU 1-925
2026-08-16 15:38:24,746 INFO o.a.j.t.JMeterThread: Thread finished: Spike Profile - 100 to 1000 to 100 VU 1-937
2026-08-16 15:38:24,746 INFO o.a.j.t.JMeterThread: Thread finished: Spike Profile - 100 to 1000 to 100 VU 1-849
2026-08-16 15:38:24,747 INFO o.a.j.t.JMeterThread: Thread finished: Spike Profile - 100 to 1000 to 100 VU 1-794
2026-08-16 15:38:24,747 INFO o.a.j.t.JMeterThread: Thread finished: Spike Profile - 100 to 1000 to 100 VU 1-932
2026-08-16 15:38:24,747 INFO o.a.j.t.JMeterThread: Thread finished: Spike Profile - 100 to 1000 to 100 VU 1-793
2026-08-16 15:38:24,777 INFO o.a.j.t.JMeterThread: Thread finished: Spike Profile - 100 to 1000 to 100 VU 1-803
2026-08-16 15:38:24,781 INFO o.a.j.t.JMeterThread: Thread finished: Spike Profile - 100 to 1000 to 100 VU 1-884
2026-08-16 15:38:24,795 INFO o.a.j.t.JMeterThread: Thread finished: Spike Profile - 100 to 1000 to 100 VU 1-816
2026-08-16 15:38:24,818 INFO o.a.j.t.JMeterThread: Thread finished: Spike Profile - 100 to 1000 to 100 VU 1-891
2026-08-16 15:38:24,820 INFO o.a.j.t.JMeterThread: Thread finished: Spike Profile - 100 to 1000 to 100 VU 1-889
2026-08-16 15:38:24,821 INFO o.a.j.t.JMeterThread: Thread finished: Spike Profile - 100 to 1000 to 100 VU 1-976
2026-08-16 15:38:24,822 INFO o.a.j.t.JMeterThread: Thread finished: Spike Profile - 100 to 1000 to 100 VU 1-779
2026-08-16 15:38:24,823 INFO o.a.j.t.JMeterThread: Thread finished: Spike Profile - 100 to 1000 to 100 VU 1-804
2026-08-16 15:38:24,830 INFO o.a.j.t.JMeterThread: Thread finished: Spike Profile - 100 to 1000 to 100 VU 1-886
2026-08-16 15:38:24,830 INFO o.a.j.t.JMeterThread: Thread finished: Spike Profile - 100 to 1000 to 100 VU 1-942
2026-08-16 15:38:24,832 INFO o.a.j.t.JMeterThread: Thread finished: Spike Profile - 100 to 1000 to 100 VU 1-852
2026-08-16 15:38:24,833 INFO o.a.j.t.JMeterThread: Thread finished: Spike Profile - 100 to 1000 to 100 VU 1-902
2026-08-16 15:38:24,833 INFO o.a.j.t.JMeterThread: Thread finished: Spike Profile - 100 to 1000 to 100 VU 1-903
2026-08-16 15:38:24,846 INFO o.a.j.t.JMeterThread: Thread finished: Spike Profile - 100 to 1000 to 100 VU 1-904
2026-08-16 15:38:24,848 INFO o.a.j.t.JMeterThread: Thread finished: Spike Profile - 100 to 1000 to 100 VU 1-831
2026-08-16 15:38:24,851 INFO o.a.j.t.JMeterThread: Thread finished: Spike Profile - 100 to 1000 to 100 VU 1-918
2026-08-16 15:38:24,853 INFO o.a.j.t.JMeterThread: Thread finished: Spike Profile - 100 to 1000 to 100 VU 1-846
2026-08-16 15:38:24,853 INFO o.a.j.t.JMeterThread: Thread finished: Spike Profile - 100 to 1000 to 100 VU 1-919
2026-08-16 15:38:24,867 INFO o.a.j.t.JMeterThread: Thread finished: Spike Profile - 100 to 1000 to 100 VU 1-800
2026-08-16 15:38:24,872 INFO o.a.j.t.JMeterThread: Thread finished: Spike Profile - 100 to 1000 to 100 VU 1-876
2026-08-16 15:38:24,882 INFO o.a.j.t.JMeterThread: Thread finished: Spike Profile - 100 to 1000 to 100 VU 1-963
2026-08-16 15:38:24,885 INFO o.a.j.t.JMeterThread: Thread finished: Spike Profile - 100 to 1000 to 100 VU 1-883
2026-08-16 15:38:24,896 INFO o.a.j.t.JMeterThread: Thread finished: Spike Profile - 100 to 1000 to 100 VU 1-742
2026-08-16 15:38:24,901 INFO o.a.j.t.JMeterThread: Thread finished: Spike Profile - 100 to 1000 to 100 VU 1-870
2026-08-16 15:38:24,932 INFO o.a.j.t.JMeterThread: Thread finished: Spike Profile - 100 to 1000 to 100 VU 1-881
2026-08-16 15:38:24,947 INFO o.a.j.t.JMeterThread: Thread finished: Spike Profile - 100 to 1000 to 100 VU 1-823
2026-08-16 15:38:24,948 INFO o.a.j.t.JMeterThread: Thread finished: Spike Profile - 100 to 1000 to 100 VU 1-819
2026-08-16 15:38:24,962 INFO o.a.j.t.JMeterThread: Thread finished: Spike Profile - 100 to 1000 to 100 VU 1-833
2026-08-16 15:38:24,978 INFO o.a.j.t.JMeterThread: Thread finished: Spike Profile - 100 to 1000 to 100 VU 1-960
2026-08-16 15:38:24,979 INFO o.a.j.t.JMeterThread: Thread finished: Spike Profile - 100 to 1000 to 100 VU 1-838
2026-08-16 15:38:24,985 INFO o.a.j.t.JMeterThread: Thread finished: Spike Profile - 100 to 1000 to 100 VU 1-893
2026-08-16 15:38:25,006 INFO o.a.j.t.JMeterThread: Thread finished: Spike Profile - 100 to 1000 to 100 VU 1-777
2026-08-16 15:38:25,019 INFO o.a.j.t.JMeterThread: Thread finished: Spike Profile - 100 to 1000 to 100 VU 1-943
2026-08-16 15:38:25,041 INFO o.a.j.t.JMeterThread: Thread finished: Spike Profile - 100 to 1000 to 100 VU 1-738
2026-08-16 15:38:25,048 INFO o.a.j.t.JMeterThread: Thread finished: Spike Profile - 100 to 1000 to 100 VU 1-927
2026-08-16 15:38:25,050 INFO o.a.j.t.JMeterThread: Thread finished: Spike Profile - 100 to 1000 to 100 VU 1-957
2026-08-16 15:38:25,051 INFO o.a.j.t.JMeterThread: Thread finished: Spike Profile - 100 to 1000 to 100 VU 1-948
2026-08-16 15:38:25,062 INFO o.a.j.t.JMeterThread: Thread finished: Spike Profile - 100 to 1000 to 100 VU 1-894
2026-08-16 15:38:25,070 INFO o.a.j.t.JMeterThread: Thread finished: Spike Profile - 100 to 1000 to 100 VU 1-756
2026-08-16 15:38:25,072 INFO o.a.j.t.JMeterThread: Thread finished: Spike Profile - 100 to 1000 to 100 VU 1-789
2026-08-16 15:38:25,083 INFO o.a.j.t.JMeterThread: Thread finished: Spike Profile - 100 to 1000 to 100 VU 1-929
2026-08-16 15:38:25,105 INFO o.a.j.t.JMeterThread: Thread finished: Spike Profile - 100 to 1000 to 100 VU 1-845
2026-08-16 15:38:25,106 INFO o.a.j.t.JMeterThread: Thread finished: Spike Profile - 100 to 1000 to 100 VU 1-812
2026-08-16 15:38:25,108 INFO o.a.j.t.JMeterThread: Thread finished: Spike Profile - 100 to 1000 to 100 VU 1-871
2026-08-16 15:38:25,136 INFO o.a.j.t.JMeterThread: Thread finished: Spike Profile - 100 to 1000 to 100 VU 1-908
2026-08-16 15:38:25,144 INFO o.a.j.t.JMeterThread: Thread finished: Spike Profile - 100 to 1000 to 100 VU 1-872
2026-08-16 15:38:25,155 INFO o.a.j.t.JMeterThread: Thread finished: Spike Profile - 100 to 1000 to 100 VU 1-935
2026-08-16 15:38:25,157 INFO o.a.j.t.JMeterThread: Thread finished: Spike Profile - 100 to 1000 to 100 VU 1-847
2026-08-16 15:38:25,160 INFO o.a.j.t.JMeterThread: Thread finished: Spike Profile - 100 to 1000 to 100 VU 1-880
2026-08-16 15:38:25,197 INFO o.a.j.t.JMeterThread: Thread finished: Spike Profile - 100 to 1000 to 100 VU 1-797
2026-08-16 15:38:25,197 INFO o.a.j.t.JMeterThread: Thread finished: Spike Profile - 100 to 1000 to 100 VU 1-801
2026-08-16 15:38:25,197 INFO o.a.j.t.JMeterThread: Thread finished: Spike Profile - 100 to 1000 to 100 VU 1-901
2026-08-16 15:38:25,203 INFO o.a.j.t.JMeterThread: Thread finished: Spike Profile - 100 to 1000 to 100 VU 1-906
2026-08-16 15:38:25,215 INFO o.a.j.t.JMeterThread: Thread finished: Spike Profile - 100 to 1000 to 100 VU 1-854
2026-08-16 15:38:25,223 INFO o.a.j.t.JMeterThread: Thread finished: Spike Profile - 100 to 1000 to 100 VU 1-730
2026-08-16 15:38:25,249 INFO o.a.j.t.JMeterThread: Thread finished: Spike Profile - 100 to 1000 to 100 VU 1-689
2026-08-16 15:38:25,249 INFO o.a.j.t.JMeterThread: Thread finished: Spike Profile - 100 to 1000 to 100 VU 1-853
2026-08-16 15:38:25,249 INFO o.a.j.t.JMeterThread: Thread finished: Spike Profile - 100 to 1000 to 100 VU 1-898
2026-08-16 15:38:25,257 INFO o.a.j.t.JMeterThread: Thread finished: Spike Profile - 100 to 1000 to 100 VU 1-914
2026-08-16 15:38:25,331 INFO o.a.j.t.JMeterThread: Thread finished: Spike Profile - 100 to 1000 to 100 VU 1-740
2026-08-16 15:38:25,339 INFO o.a.j.t.JMeterThread: Thread finished: Spike Profile - 100 to 1000 to 100 VU 1-923
2026-08-16 15:38:25,352 INFO o.a.j.t.JMeterThread: Thread finished: Spike Profile - 100 to 1000 to 100 VU 1-771
2026-08-16 15:38:25,361 INFO o.a.j.t.JMeterThread: Thread finished: Spike Profile - 100 to 1000 to 100 VU 1-851
2026-08-16 15:38:25,367 INFO o.a.j.t.JMeterThread: Thread finished: Spike Profile - 100 to 1000 to 100 VU 1-887
2026-08-16 15:38:25,392 INFO o.a.j.t.JMeterThread: Thread finished: Spike Profile - 100 to 1000 to 100 VU 1-866
2026-08-16 15:38:25,392 INFO o.a.j.t.JMeterThread: Thread finished: Spike Profile - 100 to 1000 to 100 VU 1-921
2026-08-16 15:38:25,393 INFO o.a.j.t.JMeterThread: Thread finished: Spike Profile - 100 to 1000 to 100 VU 1-867
2026-08-16 15:38:25,393 INFO o.a.j.t.JMeterThread: Thread finished: Spike Profile - 100 to 1000 to 100 VU 1-926
2026-08-16 15:38:25,402 INFO o.a.j.t.JMeterThread: Thread finished: Spike Profile - 100 to 1000 to 100 VU 1-839
2026-08-16 15:38:25,435 INFO o.a.j.t.JMeterThread: Thread finished: Spike Profile - 100 to 1000 to 100 VU 1-844
2026-08-16 15:38:25,442 INFO o.a.j.t.JMeterThread: Thread finished: Spike Profile - 100 to 1000 to 100 VU 1-841
2026-08-16 15:38:25,467 INFO o.a.j.t.JMeterThread: Thread finished: Spike Profile - 100 to 1000 to 100 VU 1-907
2026-08-16 15:38:25,473 INFO o.a.j.t.JMeterThread: Thread finished: Spike Profile - 100 to 1000 to 100 VU 1-879
2026-08-16 15:38:25,481 INFO o.a.j.t.JMeterThread: Thread finished: Spike Profile - 100 to 1000 to 100 VU 1-874
2026-08-16 15:38:25,481 INFO o.a.j.t.JMeterThread: Thread finished: Spike Profile - 100 to 1000 to 100 VU 1-890
2026-08-16 15:38:25,498 INFO o.a.j.t.JMeterThread: Thread finished: Spike Profile - 100 to 1000 to 100 VU 1-843
2026-08-16 15:38:25,498 INFO o.a.j.t.JMeterThread: Thread finished: Spike Profile - 100 to 1000 to 100 VU 1-864
2026-08-16 15:38:25,523 INFO o.a.j.t.JMeterThread: Thread finished: Spike Profile - 100 to 1000 to 100 VU 1-848
2026-08-16 15:38:25,523 INFO o.a.j.t.JMeterThread: Thread finished: Spike Profile - 100 to 1000 to 100 VU 1-772
2026-08-16 15:38:25,533 INFO o.a.j.t.JMeterThread: Thread finished: Spike Profile - 100 to 1000 to 100 VU 1-675
2026-08-16 15:38:25,534 INFO o.a.j.t.JMeterThread: Thread finished: Spike Profile - 100 to 1000 to 100 VU 1-858
2026-08-16 15:38:25,550 INFO o.a.j.t.JMeterThread: Thread finished: Spike Profile - 100 to 1000 to 100 VU 1-727
2026-08-16 15:38:25,550 INFO o.a.j.t.JMeterThread: Thread finished: Spike Profile - 100 to 1000 to 100 VU 1-693
2026-08-16 15:38:25,558 INFO o.a.j.t.JMeterThread: Thread finished: Spike Profile - 100 to 1000 to 100 VU 1-888
2026-08-16 15:38:25,568 INFO o.a.j.t.JMeterThread: Thread finished: Spike Profile - 100 to 1000 to 100 VU 1-832
2026-08-16 15:38:25,569 INFO o.a.j.t.JMeterThread: Thread finished: Spike Profile - 100 to 1000 to 100 VU 1-716
2026-08-16 15:38:25,589 INFO o.a.j.t.JMeterThread: Thread finished: Spike Profile - 100 to 1000 to 100 VU 1-885
2026-08-16 15:38:25,589 INFO o.a.j.t.JMeterThread: Thread finished: Spike Profile - 100 to 1000 to 100 VU 1-873
2026-08-16 15:38:25,592 INFO o.a.j.t.JMeterThread: Thread finished: Spike Profile - 100 to 1000 to 100 VU 1-805
2026-08-16 15:38:25,607 INFO o.a.j.t.JMeterThread: Thread finished: Spike Profile - 100 to 1000 to 100 VU 1-782
2026-08-16 15:38:25,613 INFO o.a.j.t.JMeterThread: Thread finished: Spike Profile - 100 to 1000 to 100 VU 1-721
2026-08-16 15:38:25,621 INFO o.a.j.t.JMeterThread: Thread finished: Spike Profile - 100 to 1000 to 100 VU 1-863
2026-08-16 15:38:25,641 INFO o.a.j.t.JMeterThread: Thread finished: Spike Profile - 100 to 1000 to 100 VU 1-842
2026-08-16 15:38:25,652 INFO o.a.j.t.JMeterThread: Thread finished: Spike Profile - 100 to 1000 to 100 VU 1-743
2026-08-16 15:38:25,743 INFO o.a.j.t.JMeterThread: Thread finished: Spike Profile - 100 to 1000 to 100 VU 1-768
2026-08-16 15:38:25,756 INFO o.a.j.t.JMeterThread: Thread finished: Spike Profile - 100 to 1000 to 100 VU 1-877
2026-08-16 15:38:25,760 INFO o.a.j.t.JMeterThread: Thread finished: Spike Profile - 100 to 1000 to 100 VU 1-875
2026-08-16 15:38:25,774 INFO o.a.j.t.JMeterThread: Thread finished: Spike Profile - 100 to 1000 to 100 VU 1-821
2026-08-16 15:38:25,805 INFO o.a.j.t.JMeterThread: Thread finished: Spike Profile - 100 to 1000 to 100 VU 1-757
2026-08-16 15:38:25,829 INFO o.a.j.t.JMeterThread: Thread finished: Spike Profile - 100 to 1000 to 100 VU 1-840
2026-08-16 15:38:25,829 INFO o.a.j.t.JMeterThread: Thread finished: Spike Profile - 100 to 1000 to 100 VU 1-725
2026-08-16 15:38:25,829 INFO o.a.j.t.JMeterThread: Thread finished: Spike Profile - 100 to 1000 to 100 VU 1-731
2026-08-16 15:38:25,855 INFO o.a.j.t.JMeterThread: Thread finished: Spike Profile - 100 to 1000 to 100 VU 1-808
2026-08-16 15:38:25,865 INFO o.a.j.t.JMeterThread: Thread finished: Spike Profile - 100 to 1000 to 100 VU 1-822
2026-08-16 15:38:25,880 INFO o.a.j.t.JMeterThread: Thread finished: Spike Profile - 100 to 1000 to 100 VU 1-745
2026-08-16 15:38:25,880 INFO o.a.j.t.JMeterThread: Thread finished: Spike Profile - 100 to 1000 to 100 VU 1-707
2026-08-16 15:38:25,881 INFO o.a.j.t.JMeterThread: Thread finished: Spike Profile - 100 to 1000 to 100 VU 1-855
2026-08-16 15:38:25,903 INFO o.a.j.t.JMeterThread: Thread finished: Spike Profile - 100 to 1000 to 100 VU 1-728
2026-08-16 15:38:25,907 INFO o.a.j.t.JMeterThread: Thread finished: Spike Profile - 100 to 1000 to 100 VU 1-699
2026-08-16 15:38:25,911 INFO o.a.j.t.JMeterThread: Thread finished: Spike Profile - 100 to 1000 to 100 VU 1-796
2026-08-16 15:38:25,922 INFO o.a.j.t.JMeterThread: Thread finished: Spike Profile - 100 to 1000 to 100 VU 1-734
2026-08-16 15:38:25,946 INFO o.a.j.t.JMeterThread: Thread finished: Spike Profile - 100 to 1000 to 100 VU 1-813
2026-08-16 15:38:25,961 INFO o.a.j.t.JMeterThread: Thread finished: Spike Profile - 100 to 1000 to 100 VU 1-764
2026-08-16 15:38:25,986 INFO o.a.j.t.JMeterThread: Thread finished: Spike Profile - 100 to 1000 to 100 VU 1-763
2026-08-16 15:38:26,009 INFO o.a.j.t.JMeterThread: Thread finished: Spike Profile - 100 to 1000 to 100 VU 1-667
2026-08-16 15:38:26,009 INFO o.a.j.t.JMeterThread: Thread finished: Spike Profile - 100 to 1000 to 100 VU 1-785
2026-08-16 15:38:26,010 INFO o.a.j.t.JMeterThread: Thread finished: Spike Profile - 100 to 1000 to 100 VU 1-809
2026-08-16 15:38:26,015 INFO o.a.j.t.JMeterThread: Thread finished: Spike Profile - 100 to 1000 to 100 VU 1-715
2026-08-16 15:38:26,016 INFO o.a.j.t.JMeterThread: Thread finished: Spike Profile - 100 to 1000 to 100 VU 1-760
2026-08-16 15:38:26,016 INFO o.a.j.t.JMeterThread: Thread finished: Spike Profile - 100 to 1000 to 100 VU 1-781
2026-08-16 15:38:26,047 INFO o.a.j.t.JMeterThread: Thread finished: Spike Profile - 100 to 1000 to 100 VU 1-802
2026-08-16 15:38:26,051 INFO o.a.j.t.JMeterThread: Thread finished: Spike Profile - 100 to 1000 to 100 VU 1-774
2026-08-16 15:38:26,051 INFO o.a.j.t.JMeterThread: Thread finished: Spike Profile - 100 to 1000 to 100 VU 1-820
2026-08-16 15:38:26,052 INFO o.a.j.t.JMeterThread: Thread finished: Spike Profile - 100 to 1000 to 100 VU 1-767
2026-08-16 15:38:26,092 INFO o.a.j.t.JMeterThread: Thread finished: Spike Profile - 100 to 1000 to 100 VU 1-703
2026-08-16 15:38:26,092 INFO o.a.j.t.JMeterThread: Thread finished: Spike Profile - 100 to 1000 to 100 VU 1-669
2026-08-16 15:38:26,102 INFO o.a.j.t.JMeterThread: Thread finished: Spike Profile - 100 to 1000 to 100 VU 1-818
2026-08-16 15:38:26,103 INFO o.a.j.t.JMeterThread: Thread finished: Spike Profile - 100 to 1000 to 100 VU 1-717
2026-08-16 15:38:26,174 INFO o.a.j.t.JMeterThread: Thread finished: Spike Profile - 100 to 1000 to 100 VU 1-799
2026-08-16 15:38:26,174 INFO o.a.j.t.JMeterThread: Thread finished: Spike Profile - 100 to 1000 to 100 VU 1-827
2026-08-16 15:38:26,177 INFO o.a.j.t.JMeterThread: Thread finished: Spike Profile - 100 to 1000 to 100 VU 1-836
2026-08-16 15:38:26,186 INFO o.a.j.t.JMeterThread: Thread finished: Spike Profile - 100 to 1000 to 100 VU 1-649
2026-08-16 15:38:26,225 INFO o.a.j.t.JMeterThread: Thread finished: Spike Profile - 100 to 1000 to 100 VU 1-695
2026-08-16 15:38:26,225 INFO o.a.j.t.JMeterThread: Thread finished: Spike Profile - 100 to 1000 to 100 VU 1-665
2026-08-16 15:38:26,225 INFO o.a.j.t.JMeterThread: Thread finished: Spike Profile - 100 to 1000 to 100 VU 1-684
2026-08-16 15:38:26,241 INFO o.a.j.t.JMeterThread: Thread finished: Spike Profile - 100 to 1000 to 100 VU 1-824
2026-08-16 15:38:26,246 INFO o.a.j.t.JMeterThread: Thread finished: Spike Profile - 100 to 1000 to 100 VU 1-714
2026-08-16 15:38:26,248 INFO o.a.j.t.JMeterThread: Thread finished: Spike Profile - 100 to 1000 to 100 VU 1-815
2026-08-16 15:38:26,249 INFO o.a.j.t.JMeterThread: Thread finished: Spike Profile - 100 to 1000 to 100 VU 1-617
2026-08-16 15:38:26,273 INFO o.a.j.t.JMeterThread: Thread finished: Spike Profile - 100 to 1000 to 100 VU 1-753
2026-08-16 15:38:26,273 INFO o.a.j.t.JMeterThread: Thread finished: Spike Profile - 100 to 1000 to 100 VU 1-712
2026-08-16 15:38:26,286 INFO o.a.j.t.JMeterThread: Thread finished: Spike Profile - 100 to 1000 to 100 VU 1-746
2026-08-16 15:38:26,288 INFO o.a.j.t.JMeterThread: Thread finished: Spike Profile - 100 to 1000 to 100 VU 1-643
2026-08-16 15:38:26,316 INFO o.a.j.t.JMeterThread: Thread finished: Spike Profile - 100 to 1000 to 100 VU 1-723
2026-08-16 15:38:26,341 INFO o.a.j.t.JMeterThread: Thread finished: Spike Profile - 100 to 1000 to 100 VU 1-708
2026-08-16 15:38:26,341 INFO o.a.j.t.JMeterThread: Thread finished: Spike Profile - 100 to 1000 to 100 VU 1-701
2026-08-16 15:38:26,342 INFO o.a.j.t.JMeterThread: Thread finished: Spike Profile - 100 to 1000 to 100 VU 1-784
2026-08-16 15:38:26,365 INFO o.a.j.t.JMeterThread: Thread finished: Spike Profile - 100 to 1000 to 100 VU 1-795
2026-08-16 15:38:26,365 INFO o.a.j.t.JMeterThread: Thread finished: Spike Profile - 100 to 1000 to 100 VU 1-660
2026-08-16 15:38:26,366 INFO o.a.j.t.JMeterThread: Thread finished: Spike Profile - 100 to 1000 to 100 VU 1-690
2026-08-16 15:38:26,367 INFO o.a.j.t.JMeterThread: Thread finished: Spike Profile - 100 to 1000 to 100 VU 1-829
2026-08-16 15:38:26,367 INFO o.a.j.t.JMeterThread: Thread finished: Spike Profile - 100 to 1000 to 100 VU 1-806
2026-08-16 15:38:26,369 INFO o.a.j.t.JMeterThread: Thread finished: Spike Profile - 100 to 1000 to 100 VU 1-798
2026-08-16 15:38:26,389 INFO o.a.j.t.JMeterThread: Thread finished: Spike Profile - 100 to 1000 to 100 VU 1-761
2026-08-16 15:38:26,398 INFO o.a.j.t.JMeterThread: Thread finished: Spike Profile - 100 to 1000 to 100 VU 1-697
2026-08-16 15:38:26,407 INFO o.a.j.t.JMeterThread: Thread finished: Spike Profile - 100 to 1000 to 100 VU 1-719
2026-08-16 15:38:26,411 INFO o.a.j.t.JMeterThread: Thread finished: Spike Profile - 100 to 1000 to 100 VU 1-825
2026-08-16 15:38:26,431 INFO o.a.j.t.JMeterThread: Thread finished: Spike Profile - 100 to 1000 to 100 VU 1-752
2026-08-16 15:38:26,431 INFO o.a.j.t.JMeterThread: Thread finished: Spike Profile - 100 to 1000 to 100 VU 1-639
2026-08-16 15:38:26,433 INFO o.a.j.t.JMeterThread: Thread finished: Spike Profile - 100 to 1000 to 100 VU 1-783
2026-08-16 15:38:26,434 INFO o.a.j.t.JMeterThread: Thread finished: Spike Profile - 100 to 1000 to 100 VU 1-706
2026-08-16 15:38:26,436 INFO o.a.j.t.JMeterThread: Thread finished: Spike Profile - 100 to 1000 to 100 VU 1-624
2026-08-16 15:38:26,449 INFO o.a.j.t.JMeterThread: Thread finished: Spike Profile - 100 to 1000 to 100 VU 1-679
2026-08-16 15:38:26,479 INFO o.a.j.t.JMeterThread: Thread finished: Spike Profile - 100 to 1000 to 100 VU 1-698
2026-08-16 15:38:26,488 INFO o.a.j.t.JMeterThread: Thread finished: Spike Profile - 100 to 1000 to 100 VU 1-729
2026-08-16 15:38:26,499 INFO o.a.j.t.JMeterThread: Thread finished: Spike Profile - 100 to 1000 to 100 VU 1-790
2026-08-16 15:38:26,509 INFO o.a.j.t.JMeterThread: Thread finished: Spike Profile - 100 to 1000 to 100 VU 1-737
2026-08-16 15:38:26,526 INFO o.a.j.t.JMeterThread: Thread finished: Spike Profile - 100 to 1000 to 100 VU 1-776
2026-08-16 15:38:26,552 INFO o.a.j.t.JMeterThread: Thread finished: Spike Profile - 100 to 1000 to 100 VU 1-810
2026-08-16 15:38:26,554 INFO o.a.j.t.JMeterThread: Thread finished: Spike Profile - 100 to 1000 to 100 VU 1-634
2026-08-16 15:38:26,562 INFO o.a.j.t.JMeterThread: Thread finished: Spike Profile - 100 to 1000 to 100 VU 1-658
2026-08-16 15:38:26,586 INFO o.a.j.t.JMeterThread: Thread finished: Spike Profile - 100 to 1000 to 100 VU 1-817
2026-08-16 15:38:26,588 INFO o.a.j.t.JMeterThread: Thread finished: Spike Profile - 100 to 1000 to 100 VU 1-750
2026-08-16 15:38:26,598 INFO o.a.j.t.JMeterThread: Thread finished: Spike Profile - 100 to 1000 to 100 VU 1-811
2026-08-16 15:38:26,605 INFO o.a.j.t.JMeterThread: Thread finished: Spike Profile - 100 to 1000 to 100 VU 1-720
2026-08-16 15:38:26,630 INFO o.a.j.t.JMeterThread: Thread finished: Spike Profile - 100 to 1000 to 100 VU 1-724
2026-08-16 15:38:26,631 INFO o.a.j.t.JMeterThread: Thread finished: Spike Profile - 100 to 1000 to 100 VU 1-792
2026-08-16 15:38:26,642 INFO o.a.j.t.JMeterThread: Thread finished: Spike Profile - 100 to 1000 to 100 VU 1-661
2026-08-16 15:38:26,645 INFO o.a.j.t.JMeterThread: Thread finished: Spike Profile - 100 to 1000 to 100 VU 1-765
2026-08-16 15:38:26,673 INFO o.a.j.t.JMeterThread: Thread finished: Spike Profile - 100 to 1000 to 100 VU 1-722
2026-08-16 15:38:26,688 INFO o.a.j.t.JMeterThread: Thread finished: Spike Profile - 100 to 1000 to 100 VU 1-788
2026-08-16 15:38:26,695 INFO o.a.j.t.JMeterThread: Thread finished: Spike Profile - 100 to 1000 to 100 VU 1-709
2026-08-16 15:38:26,695 INFO o.a.j.t.JMeterThread: Thread finished: Spike Profile - 100 to 1000 to 100 VU 1-747
2026-08-16 15:38:26,714 INFO o.a.j.t.JMeterThread: Thread finished: Spike Profile - 100 to 1000 to 100 VU 1-691
2026-08-16 15:38:26,716 INFO o.a.j.t.JMeterThread: Thread finished: Spike Profile - 100 to 1000 to 100 VU 1-692
2026-08-16 15:38:26,716 INFO o.a.j.t.JMeterThread: Thread finished: Spike Profile - 100 to 1000 to 100 VU 1-718
2026-08-16 15:38:26,717 INFO o.a.j.t.JMeterThread: Thread finished: Spike Profile - 100 to 1000 to 100 VU 1-780
2026-08-16 15:38:26,725 INFO o.a.j.t.JMeterThread: Thread finished: Spike Profile - 100 to 1000 to 100 VU 1-755
2026-08-16 15:38:26,727 INFO o.a.j.t.JMeterThread: Thread finished: Spike Profile - 100 to 1000 to 100 VU 1-778
2026-08-16 15:38:26,748 INFO o.a.j.t.JMeterThread: Thread finished: Spike Profile - 100 to 1000 to 100 VU 1-696
2026-08-16 15:38:26,764 INFO o.a.j.t.JMeterThread: Thread finished: Spike Profile - 100 to 1000 to 100 VU 1-583
2026-08-16 15:38:26,764 INFO o.a.j.t.JMeterThread: Thread finished: Spike Profile - 100 to 1000 to 100 VU 1-786
2026-08-16 15:38:26,764 INFO o.a.j.t.JMeterThread: Thread finished: Spike Profile - 100 to 1000 to 100 VU 1-574
2026-08-16 15:38:26,765 INFO o.a.j.t.JMeterThread: Thread finished: Spike Profile - 100 to 1000 to 100 VU 1-595
2026-08-16 15:38:26,765 INFO o.a.j.t.JMeterThread: Thread finished: Spike Profile - 100 to 1000 to 100 VU 1-748
2026-08-16 15:38:26,778 INFO o.a.j.t.JMeterThread: Thread finished: Spike Profile - 100 to 1000 to 100 VU 1-590
2026-08-16 15:38:26,799 INFO o.a.j.t.JMeterThread: Thread finished: Spike Profile - 100 to 1000 to 100 VU 1-749
2026-08-16 15:38:26,821 INFO o.a.j.t.JMeterThread: Thread finished: Spike Profile - 100 to 1000 to 100 VU 1-759
2026-08-16 15:38:26,823 INFO o.a.j.t.JMeterThread: Thread finished: Spike Profile - 100 to 1000 to 100 VU 1-668
2026-08-16 15:38:26,825 INFO o.a.j.t.JMeterThread: Thread finished: Spike Profile - 100 to 1000 to 100 VU 1-787
2026-08-16 15:38:26,825 INFO o.a.j.t.JMeterThread: Thread finished: Spike Profile - 100 to 1000 to 100 VU 1-726
2026-08-16 15:38:26,827 INFO o.a.j.t.JMeterThread: Thread finished: Spike Profile - 100 to 1000 to 100 VU 1-563
2026-08-16 15:38:26,842 INFO o.a.j.t.JMeterThread: Thread finished: Spike Profile - 100 to 1000 to 100 VU 1-710
2026-08-16 15:38:26,875 INFO o.a.j.t.JMeterThread: Thread finished: Spike Profile - 100 to 1000 to 100 VU 1-653
2026-08-16 15:38:26,895 INFO o.a.j.t.JMeterThread: Thread finished: Spike Profile - 100 to 1000 to 100 VU 1-791
2026-08-16 15:38:26,901 INFO o.a.j.t.JMeterThread: Thread finished: Spike Profile - 100 to 1000 to 100 VU 1-680
2026-08-16 15:38:26,904 INFO o.a.j.t.JMeterThread: Thread finished: Spike Profile - 100 to 1000 to 100 VU 1-739
2026-08-16 15:38:26,914 INFO o.a.j.t.JMeterThread: Thread finished: Spike Profile - 100 to 1000 to 100 VU 1-758
2026-08-16 15:38:26,922 INFO o.a.j.t.JMeterThread: Thread finished: Spike Profile - 100 to 1000 to 100 VU 1-754
2026-08-16 15:38:26,931 INFO o.a.j.t.JMeterThread: Thread finished: Spike Profile - 100 to 1000 to 100 VU 1-732
2026-08-16 15:38:26,940 INFO o.a.j.t.JMeterThread: Thread finished: Spike Profile - 100 to 1000 to 100 VU 1-766
2026-08-16 15:38:26,951 INFO o.a.j.t.JMeterThread: Thread finished: Spike Profile - 100 to 1000 to 100 VU 1-741
2026-08-16 15:38:26,968 INFO o.a.j.t.JMeterThread: Thread finished: Spike Profile - 100 to 1000 to 100 VU 1-644
2026-08-16 15:38:26,985 INFO o.a.j.t.JMeterThread: Thread finished: Spike Profile - 100 to 1000 to 100 VU 1-656
2026-08-16 15:38:27,003 INFO o.a.j.t.JMeterThread: Thread finished: Spike Profile - 100 to 1000 to 100 VU 1-618
2026-08-16 15:38:27,024 INFO o.a.j.t.JMeterThread: Thread finished: Spike Profile - 100 to 1000 to 100 VU 1-713
2026-08-16 15:38:27,025 INFO o.a.j.t.JMeterThread: Thread finished: Spike Profile - 100 to 1000 to 100 VU 1-646
2026-08-16 15:38:27,036 INFO o.a.j.t.JMeterThread: Thread finished: Spike Profile - 100 to 1000 to 100 VU 1-775
2026-08-16 15:38:27,053 INFO o.a.j.t.JMeterThread: Thread finished: Spike Profile - 100 to 1000 to 100 VU 1-700
2026-08-16 15:38:27,057 INFO o.a.j.t.JMeterThread: Thread finished: Spike Profile - 100 to 1000 to 100 VU 1-705
2026-08-16 15:38:27,057 INFO o.a.j.t.JMeterThread: Thread finished: Spike Profile - 100 to 1000 to 100 VU 1-773
2026-08-16 15:38:27,092 INFO o.a.j.t.JMeterThread: Thread finished: Spike Profile - 100 to 1000 to 100 VU 1-769
2026-08-16 15:38:27,100 INFO o.a.j.t.JMeterThread: Thread finished: Spike Profile - 100 to 1000 to 100 VU 1-683
2026-08-16 15:38:27,108 INFO o.a.j.t.JMeterThread: Thread finished: Spike Profile - 100 to 1000 to 100 VU 1-770
2026-08-16 15:38:27,120 INFO o.a.j.t.JMeterThread: Thread finished: Spike Profile - 100 to 1000 to 100 VU 1-671
2026-08-16 15:38:27,130 INFO o.a.j.t.JMeterThread: Thread finished: Spike Profile - 100 to 1000 to 100 VU 1-744
2026-08-16 15:38:27,133 INFO o.a.j.t.JMeterThread: Thread finished: Spike Profile - 100 to 1000 to 100 VU 1-751
2026-08-16 15:38:27,156 INFO o.a.j.t.JMeterThread: Thread finished: Spike Profile - 100 to 1000 to 100 VU 1-623
2026-08-16 15:38:27,157 INFO o.a.j.t.JMeterThread: Thread finished: Spike Profile - 100 to 1000 to 100 VU 1-613
2026-08-16 15:38:27,173 INFO o.a.j.t.JMeterThread: Thread finished: Spike Profile - 100 to 1000 to 100 VU 1-735
2026-08-16 15:38:27,173 INFO o.a.j.t.JMeterThread: Thread finished: Spike Profile - 100 to 1000 to 100 VU 1-659
2026-08-16 15:38:27,208 INFO o.a.j.t.JMeterThread: Thread finished: Spike Profile - 100 to 1000 to 100 VU 1-619
2026-08-16 15:38:27,215 INFO o.a.j.t.JMeterThread: Thread finished: Spike Profile - 100 to 1000 to 100 VU 1-642
2026-08-16 15:38:27,233 INFO o.a.j.t.JMeterThread: Stopping because end time detected by thread: Spike Profile - 100 to 1000 to 100 VU 1-762
2026-08-16 15:38:27,233 INFO o.a.j.t.JMeterThread: Thread finished: Spike Profile - 100 to 1000 to 100 VU 1-762
2026-08-16 15:38:27,242 INFO o.a.j.t.JMeterThread: Thread finished: Spike Profile - 100 to 1000 to 100 VU 1-647
2026-08-16 15:38:27,242 INFO o.a.j.t.JMeterThread: Thread finished: Spike Profile - 100 to 1000 to 100 VU 1-672
2026-08-16 15:38:27,243 INFO o.a.j.t.JMeterThread: Thread finished: Spike Profile - 100 to 1000 to 100 VU 1-711
2026-08-16 15:38:27,286 INFO o.a.j.t.JMeterThread: Thread finished: Spike Profile - 100 to 1000 to 100 VU 1-529
2026-08-16 15:38:27,288 INFO o.a.j.t.JMeterThread: Thread finished: Spike Profile - 100 to 1000 to 100 VU 1-673
2026-08-16 15:38:27,293 INFO o.a.j.t.JMeterThread: Thread finished: Spike Profile - 100 to 1000 to 100 VU 1-600
2026-08-16 15:38:27,294 INFO o.a.j.t.JMeterThread: Thread finished: Spike Profile - 100 to 1000 to 100 VU 1-558
2026-08-16 15:38:27,311 INFO o.a.j.t.JMeterThread: Thread finished: Spike Profile - 100 to 1000 to 100 VU 1-670
2026-08-16 15:38:27,318 INFO o.a.j.t.JMeterThread: Thread finished: Spike Profile - 100 to 1000 to 100 VU 1-633
2026-08-16 15:38:27,326 INFO o.a.j.t.JMeterThread: Thread finished: Spike Profile - 100 to 1000 to 100 VU 1-629
2026-08-16 15:38:27,327 INFO o.a.j.t.JMeterThread: Thread finished: Spike Profile - 100 to 1000 to 100 VU 1-736
2026-08-16 15:38:27,335 INFO o.a.j.t.JMeterThread: Thread finished: Spike Profile - 100 to 1000 to 100 VU 1-630
2026-08-16 15:38:27,353 INFO o.a.j.t.JMeterThread: Thread finished: Spike Profile - 100 to 1000 to 100 VU 1-694
2026-08-16 15:38:27,374 INFO o.a.j.t.JMeterThread: Thread finished: Spike Profile - 100 to 1000 to 100 VU 1-621
2026-08-16 15:38:27,400 INFO o.a.j.t.JMeterThread: Thread finished: Spike Profile - 100 to 1000 to 100 VU 1-573
2026-08-16 15:38:27,408 INFO o.a.j.t.JMeterThread: Thread finished: Spike Profile - 100 to 1000 to 100 VU 1-674
2026-08-16 15:38:27,430 INFO o.a.j.t.JMeterThread: Thread finished: Spike Profile - 100 to 1000 to 100 VU 1-540
2026-08-16 15:38:27,437 INFO o.a.j.t.JMeterThread: Thread finished: Spike Profile - 100 to 1000 to 100 VU 1-685
2026-08-16 15:38:27,438 INFO o.a.j.t.JMeterThread: Thread finished: Spike Profile - 100 to 1000 to 100 VU 1-591
2026-08-16 15:38:27,451 INFO o.a.j.t.JMeterThread: Thread finished: Spike Profile - 100 to 1000 to 100 VU 1-687
2026-08-16 15:38:27,467 INFO o.a.j.t.JMeterThread: Thread finished: Spike Profile - 100 to 1000 to 100 VU 1-599
2026-08-16 15:38:27,492 INFO o.a.j.t.JMeterThread: Thread finished: Spike Profile - 100 to 1000 to 100 VU 1-561
2026-08-16 15:38:27,514 INFO o.a.j.t.JMeterThread: Thread finished: Spike Profile - 100 to 1000 to 100 VU 1-585
2026-08-16 15:38:27,531 INFO o.a.j.t.JMeterThread: Thread finished: Spike Profile - 100 to 1000 to 100 VU 1-610
2026-08-16 15:38:27,532 INFO o.a.j.t.JMeterThread: Thread finished: Spike Profile - 100 to 1000 to 100 VU 1-608
2026-08-16 15:38:27,533 INFO o.a.j.t.JMeterThread: Thread finished: Spike Profile - 100 to 1000 to 100 VU 1-648
2026-08-16 15:38:27,535 INFO o.a.j.t.JMeterThread: Thread finished: Spike Profile - 100 to 1000 to 100 VU 1-733
2026-08-16 15:38:27,545 INFO o.a.j.t.JMeterThread: Thread finished: Spike Profile - 100 to 1000 to 100 VU 1-677
2026-08-16 15:38:27,551 INFO o.a.j.t.JMeterThread: Thread finished: Spike Profile - 100 to 1000 to 100 VU 1-654
2026-08-16 15:38:27,561 INFO o.a.j.t.JMeterThread: Thread finished: Spike Profile - 100 to 1000 to 100 VU 1-598
2026-08-16 15:38:27,564 INFO o.a.j.t.JMeterThread: Thread finished: Spike Profile - 100 to 1000 to 100 VU 1-527
2026-08-16 15:38:27,567 INFO o.a.j.t.JMeterThread: Thread finished: Spike Profile - 100 to 1000 to 100 VU 1-657
2026-08-16 15:38:27,577 INFO o.a.j.t.JMeterThread: Thread finished: Spike Profile - 100 to 1000 to 100 VU 1-631
2026-08-16 15:38:27,605 INFO o.a.j.t.JMeterThread: Thread finished: Spike Profile - 100 to 1000 to 100 VU 1-640
2026-08-16 15:38:27,623 INFO o.a.j.t.JMeterThread: Thread finished: Spike Profile - 100 to 1000 to 100 VU 1-560
2026-08-16 15:38:27,624 INFO o.a.j.t.JMeterThread: Thread finished: Spike Profile - 100 to 1000 to 100 VU 1-650
2026-08-16 15:38:27,633 INFO o.a.j.t.JMeterThread: Thread finished: Spike Profile - 100 to 1000 to 100 VU 1-682
2026-08-16 15:38:27,666 INFO o.a.j.t.JMeterThread: Thread finished: Spike Profile - 100 to 1000 to 100 VU 1-652
2026-08-16 15:38:27,667 INFO o.a.j.t.JMeterThread: Thread finished: Spike Profile - 100 to 1000 to 100 VU 1-515
2026-08-16 15:38:27,671 INFO o.a.j.t.JMeterThread: Thread finished: Spike Profile - 100 to 1000 to 100 VU 1-666
2026-08-16 15:38:27,674 INFO o.a.j.t.JMeterThread: Thread finished: Spike Profile - 100 to 1000 to 100 VU 1-662
2026-08-16 15:38:27,678 INFO o.a.j.t.JMeterThread: Thread finished: Spike Profile - 100 to 1000 to 100 VU 1-568
2026-08-16 15:38:27,707 INFO o.a.j.t.JMeterThread: Thread finished: Spike Profile - 100 to 1000 to 100 VU 1-702
2026-08-16 15:38:27,723 INFO o.a.j.t.JMeterThread: Thread finished: Spike Profile - 100 to 1000 to 100 VU 1-525
2026-08-16 15:38:27,723 INFO o.a.j.t.JMeterThread: Thread finished: Spike Profile - 100 to 1000 to 100 VU 1-655
2026-08-16 15:38:27,749 INFO o.a.j.t.JMeterThread: Thread finished: Spike Profile - 100 to 1000 to 100 VU 1-532
2026-08-16 15:38:27,758 INFO o.a.j.t.JMeterThread: Thread finished: Spike Profile - 100 to 1000 to 100 VU 1-663
2026-08-16 15:38:27,767 INFO o.a.j.t.JMeterThread: Thread finished: Spike Profile - 100 to 1000 to 100 VU 1-604
2026-08-16 15:38:27,767 INFO o.a.j.t.JMeterThread: Thread finished: Spike Profile - 100 to 1000 to 100 VU 1-616
2026-08-16 15:38:27,785 INFO o.a.j.t.JMeterThread: Thread finished: Spike Profile - 100 to 1000 to 100 VU 1-641
2026-08-16 15:38:27,801 INFO o.a.j.t.JMeterThread: Thread finished: Spike Profile - 100 to 1000 to 100 VU 1-553
2026-08-16 15:38:27,818 INFO o.a.j.t.JMeterThread: Thread finished: Spike Profile - 100 to 1000 to 100 VU 1-581
2026-08-16 15:38:27,819 INFO o.a.j.t.JMeterThread: Thread finished: Spike Profile - 100 to 1000 to 100 VU 1-584
2026-08-16 15:38:27,824 INFO o.a.j.t.JMeterThread: Thread finished: Spike Profile - 100 to 1000 to 100 VU 1-559
2026-08-16 15:38:27,844 INFO o.a.j.t.JMeterThread: Thread finished: Spike Profile - 100 to 1000 to 100 VU 1-681
2026-08-16 15:38:27,845 INFO o.a.j.t.JMeterThread: Thread finished: Spike Profile - 100 to 1000 to 100 VU 1-557
2026-08-16 15:38:27,850 INFO o.a.j.t.JMeterThread: Thread finished: Spike Profile - 100 to 1000 to 100 VU 1-704
2026-08-16 15:38:27,858 INFO o.a.j.t.JMeterThread: Thread finished: Spike Profile - 100 to 1000 to 100 VU 1-463
2026-08-16 15:38:27,860 INFO o.a.j.t.JMeterThread: Thread finished: Spike Profile - 100 to 1000 to 100 VU 1-664
2026-08-16 15:38:27,866 INFO o.a.j.t.JMeterThread: Thread finished: Spike Profile - 100 to 1000 to 100 VU 1-688
2026-08-16 15:38:27,878 INFO o.a.j.t.JMeterThread: Thread finished: Spike Profile - 100 to 1000 to 100 VU 1-637
2026-08-16 15:38:27,881 INFO o.a.j.t.JMeterThread: Thread finished: Spike Profile - 100 to 1000 to 100 VU 1-589
2026-08-16 15:38:27,884 INFO o.a.j.t.JMeterThread: Thread finished: Spike Profile - 100 to 1000 to 100 VU 1-632
2026-08-16 15:38:27,912 INFO o.a.j.t.JMeterThread: Thread finished: Spike Profile - 100 to 1000 to 100 VU 1-615
2026-08-16 15:38:27,945 INFO o.a.j.t.JMeterThread: Thread finished: Spike Profile - 100 to 1000 to 100 VU 1-638
2026-08-16 15:38:27,963 INFO o.a.j.t.JMeterThread: Thread finished: Spike Profile - 100 to 1000 to 100 VU 1-627
2026-08-16 15:38:27,978 INFO o.a.j.t.JMeterThread: Thread finished: Spike Profile - 100 to 1000 to 100 VU 1-626
2026-08-16 15:38:27,987 INFO o.a.j.t.JMeterThread: Thread finished: Spike Profile - 100 to 1000 to 100 VU 1-622
2026-08-16 15:38:28,003 INFO o.a.j.t.JMeterThread: Thread finished: Spike Profile - 100 to 1000 to 100 VU 1-635
2026-08-16 15:38:28,006 INFO o.a.j.t.JMeterThread: Thread finished: Spike Profile - 100 to 1000 to 100 VU 1-444
2026-08-16 15:38:28,007 INFO o.a.j.t.JMeterThread: Thread finished: Spike Profile - 100 to 1000 to 100 VU 1-571
2026-08-16 15:38:28,048 INFO o.a.j.t.JMeterThread: Thread finished: Spike Profile - 100 to 1000 to 100 VU 1-612
2026-08-16 15:38:28,049 INFO o.a.j.t.JMeterThread: Thread finished: Spike Profile - 100 to 1000 to 100 VU 1-575
2026-08-16 15:38:28,057 INFO o.a.j.t.JMeterThread: Thread finished: Spike Profile - 100 to 1000 to 100 VU 1-686
2026-08-16 15:38:28,070 INFO o.a.j.t.JMeterThread: Thread finished: Spike Profile - 100 to 1000 to 100 VU 1-499
2026-08-16 15:38:28,077 INFO o.a.j.t.JMeterThread: Thread finished: Spike Profile - 100 to 1000 to 100 VU 1-592
2026-08-16 15:38:28,094 INFO o.a.j.t.JMeterThread: Thread finished: Spike Profile - 100 to 1000 to 100 VU 1-676
2026-08-16 15:38:28,097 INFO o.a.j.t.JMeterThread: Thread finished: Spike Profile - 100 to 1000 to 100 VU 1-636
2026-08-16 15:38:28,098 INFO o.a.j.t.JMeterThread: Thread finished: Spike Profile - 100 to 1000 to 100 VU 1-541
2026-08-16 15:38:28,099 INFO o.a.j.t.JMeterThread: Thread finished: Spike Profile - 100 to 1000 to 100 VU 1-522
2026-08-16 15:38:28,120 INFO o.a.j.t.JMeterThread: Thread finished: Spike Profile - 100 to 1000 to 100 VU 1-562
2026-08-16 15:38:28,129 INFO o.a.j.t.JMeterThread: Thread finished: Spike Profile - 100 to 1000 to 100 VU 1-469
2026-08-16 15:38:28,133 INFO o.a.j.t.JMeterThread: Thread finished: Spike Profile - 100 to 1000 to 100 VU 1-678
2026-08-16 15:38:28,149 INFO o.a.j.t.JMeterThread: Thread finished: Spike Profile - 100 to 1000 to 100 VU 1-601
2026-08-16 15:38:28,152 INFO o.a.j.t.JMeterThread: Thread finished: Spike Profile - 100 to 1000 to 100 VU 1-446
2026-08-16 15:38:28,179 INFO o.a.j.t.JMeterThread: Thread finished: Spike Profile - 100 to 1000 to 100 VU 1-605
2026-08-16 15:38:28,200 INFO o.a.j.t.JMeterThread: Thread finished: Spike Profile - 100 to 1000 to 100 VU 1-530
2026-08-16 15:38:28,210 INFO o.a.j.t.JMeterThread: Thread finished: Spike Profile - 100 to 1000 to 100 VU 1-620
2026-08-16 15:38:28,215 INFO o.a.j.t.JMeterThread: Thread finished: Spike Profile - 100 to 1000 to 100 VU 1-537
2026-08-16 15:38:28,222 INFO o.a.j.t.JMeterThread: Thread finished: Spike Profile - 100 to 1000 to 100 VU 1-651
2026-08-16 15:38:28,226 INFO o.a.j.t.JMeterThread: Thread finished: Spike Profile - 100 to 1000 to 100 VU 1-552
2026-08-16 15:38:28,244 INFO o.a.j.t.JMeterThread: Thread finished: Spike Profile - 100 to 1000 to 100 VU 1-645
2026-08-16 15:38:28,245 INFO o.a.j.t.JMeterThread: Thread finished: Spike Profile - 100 to 1000 to 100 VU 1-602
2026-08-16 15:38:28,259 INFO o.a.j.t.JMeterThread: Thread finished: Spike Profile - 100 to 1000 to 100 VU 1-565
2026-08-16 15:38:28,261 INFO o.a.j.t.JMeterThread: Thread finished: Spike Profile - 100 to 1000 to 100 VU 1-582
2026-08-16 15:38:28,272 INFO o.a.j.t.JMeterThread: Thread finished: Spike Profile - 100 to 1000 to 100 VU 1-594
2026-08-16 15:38:28,282 INFO o.a.j.t.JMeterThread: Thread finished: Spike Profile - 100 to 1000 to 100 VU 1-576
2026-08-16 15:38:28,284 INFO o.a.j.t.JMeterThread: Thread finished: Spike Profile - 100 to 1000 to 100 VU 1-488
2026-08-16 15:38:28,295 INFO o.a.j.t.JMeterThread: Thread finished: Spike Profile - 100 to 1000 to 100 VU 1-586
2026-08-16 15:38:28,298 INFO o.a.j.t.JMeterThread: Thread finished: Spike Profile - 100 to 1000 to 100 VU 1-611
2026-08-16 15:38:28,307 INFO o.a.j.t.JMeterThread: Thread finished: Spike Profile - 100 to 1000 to 100 VU 1-523
2026-08-16 15:38:28,315 INFO o.a.j.t.JMeterThread: Thread finished: Spike Profile - 100 to 1000 to 100 VU 1-528
2026-08-16 15:38:28,318 INFO o.a.j.t.JMeterThread: Thread finished: Spike Profile - 100 to 1000 to 100 VU 1-555
2026-08-16 15:38:28,328 INFO o.a.j.t.JMeterThread: Thread finished: Spike Profile - 100 to 1000 to 100 VU 1-545
2026-08-16 15:38:28,332 INFO o.a.j.t.JMeterThread: Thread finished: Spike Profile - 100 to 1000 to 100 VU 1-461
2026-08-16 15:38:28,352 INFO o.a.j.t.JMeterThread: Thread finished: Spike Profile - 100 to 1000 to 100 VU 1-496
2026-08-16 15:38:28,354 INFO o.a.j.t.JMeterThread: Thread finished: Spike Profile - 100 to 1000 to 100 VU 1-418
2026-08-16 15:38:28,382 INFO o.a.j.t.JMeterThread: Thread finished: Spike Profile - 100 to 1000 to 100 VU 1-609
2026-08-16 15:38:28,405 INFO o.a.j.t.JMeterThread: Thread finished: Spike Profile - 100 to 1000 to 100 VU 1-596
2026-08-16 15:38:28,407 INFO o.a.j.t.JMeterThread: Thread finished: Spike Profile - 100 to 1000 to 100 VU 1-520
2026-08-16 15:38:28,412 INFO o.a.j.t.JMeterThread: Thread finished: Spike Profile - 100 to 1000 to 100 VU 1-442
2026-08-16 15:38:28,421 INFO o.a.j.t.JMeterThread: Thread finished: Spike Profile - 100 to 1000 to 100 VU 1-484
2026-08-16 15:38:28,447 INFO o.a.j.t.JMeterThread: Thread finished: Spike Profile - 100 to 1000 to 100 VU 1-572
2026-08-16 15:38:28,457 INFO o.a.j.t.JMeterThread: Thread finished: Spike Profile - 100 to 1000 to 100 VU 1-507
2026-08-16 15:38:28,471 INFO o.a.j.t.JMeterThread: Thread finished: Spike Profile - 100 to 1000 to 100 VU 1-625
2026-08-16 15:38:28,499 INFO o.a.j.t.JMeterThread: Thread finished: Spike Profile - 100 to 1000 to 100 VU 1-478
2026-08-16 15:38:28,507 INFO o.a.j.t.JMeterThread: Thread finished: Spike Profile - 100 to 1000 to 100 VU 1-628
2026-08-16 15:38:28,524 INFO o.a.j.t.JMeterThread: Thread finished: Spike Profile - 100 to 1000 to 100 VU 1-570
2026-08-16 15:38:28,529 INFO o.a.j.t.JMeterThread: Thread finished: Spike Profile - 100 to 1000 to 100 VU 1-513
2026-08-16 15:38:28,531 INFO o.a.j.t.JMeterThread: Thread finished: Spike Profile - 100 to 1000 to 100 VU 1-597
2026-08-16 15:38:28,538 INFO o.a.j.t.JMeterThread: Thread finished: Spike Profile - 100 to 1000 to 100 VU 1-498
2026-08-16 15:38:28,559 INFO o.a.j.t.JMeterThread: Thread finished: Spike Profile - 100 to 1000 to 100 VU 1-579
2026-08-16 15:38:28,560 INFO o.a.j.t.JMeterThread: Thread finished: Spike Profile - 100 to 1000 to 100 VU 1-538
2026-08-16 15:38:28,561 INFO o.a.j.t.JMeterThread: Thread finished: Spike Profile - 100 to 1000 to 100 VU 1-547
2026-08-16 15:38:28,561 INFO o.a.j.t.JMeterThread: Thread finished: Spike Profile - 100 to 1000 to 100 VU 1-607
2026-08-16 15:38:28,584 INFO o.a.j.t.JMeterThread: Thread finished: Spike Profile - 100 to 1000 to 100 VU 1-497
2026-08-16 15:38:28,587 INFO o.a.j.t.JMeterThread: Thread finished: Spike Profile - 100 to 1000 to 100 VU 1-606
2026-08-16 15:38:28,606 INFO o.a.j.t.JMeterThread: Thread finished: Spike Profile - 100 to 1000 to 100 VU 1-603
2026-08-16 15:38:28,631 INFO o.a.j.t.JMeterThread: Thread finished: Spike Profile - 100 to 1000 to 100 VU 1-542
2026-08-16 15:38:28,633 INFO o.a.j.t.JMeterThread: Thread finished: Spike Profile - 100 to 1000 to 100 VU 1-518
2026-08-16 15:38:28,638 INFO o.a.j.t.JMeterThread: Thread finished: Spike Profile - 100 to 1000 to 100 VU 1-587
2026-08-16 15:38:28,638 INFO o.a.j.t.JMeterThread: Thread finished: Spike Profile - 100 to 1000 to 100 VU 1-535
2026-08-16 15:38:28,639 INFO o.a.j.t.JMeterThread: Thread finished: Spike Profile - 100 to 1000 to 100 VU 1-539
2026-08-16 15:38:28,660 INFO o.a.j.t.JMeterThread: Thread finished: Spike Profile - 100 to 1000 to 100 VU 1-436
2026-08-16 15:38:28,661 INFO o.a.j.t.JMeterThread: Thread finished: Spike Profile - 100 to 1000 to 100 VU 1-485
2026-08-16 15:38:28,679 INFO o.a.j.t.JMeterThread: Thread finished: Spike Profile - 100 to 1000 to 100 VU 1-505
2026-08-16 15:38:28,685 INFO o.a.j.t.JMeterThread: Thread finished: Spike Profile - 100 to 1000 to 100 VU 1-566
2026-08-16 15:38:28,737 INFO o.a.j.t.JMeterThread: Thread finished: Spike Profile - 100 to 1000 to 100 VU 1-567
2026-08-16 15:38:28,757 INFO o.a.j.t.JMeterThread: Thread finished: Spike Profile - 100 to 1000 to 100 VU 1-471
2026-08-16 15:38:28,782 INFO o.a.j.t.JMeterThread: Thread finished: Spike Profile - 100 to 1000 to 100 VU 1-474
2026-08-16 15:38:28,787 INFO o.a.j.t.JMeterThread: Thread finished: Spike Profile - 100 to 1000 to 100 VU 1-536
2026-08-16 15:38:28,789 INFO o.a.j.t.JMeterThread: Thread finished: Spike Profile - 100 to 1000 to 100 VU 1-564
2026-08-16 15:38:28,790 INFO o.a.j.t.JMeterThread: Thread finished: Spike Profile - 100 to 1000 to 100 VU 1-473
2026-08-16 15:38:28,798 INFO o.a.j.t.JMeterThread: Thread finished: Spike Profile - 100 to 1000 to 100 VU 1-455
2026-08-16 15:38:28,829 INFO o.a.j.t.JMeterThread: Thread finished: Spike Profile - 100 to 1000 to 100 VU 1-424
2026-08-16 15:38:28,834 INFO o.a.j.t.JMeterThread: Thread finished: Spike Profile - 100 to 1000 to 100 VU 1-531
2026-08-16 15:38:28,839 INFO o.a.j.t.JMeterThread: Thread finished: Spike Profile - 100 to 1000 to 100 VU 1-588
2026-08-16 15:38:28,840 INFO o.a.j.t.JMeterThread: Thread finished: Spike Profile - 100 to 1000 to 100 VU 1-614
2026-08-16 15:38:28,845 INFO o.a.j.t.JMeterThread: Thread finished: Spike Profile - 100 to 1000 to 100 VU 1-375
2026-08-16 15:38:28,855 INFO o.a.j.t.JMeterThread: Thread finished: Spike Profile - 100 to 1000 to 100 VU 1-526
2026-08-16 15:38:28,857 INFO o.a.j.t.JMeterThread: Thread finished: Spike Profile - 100 to 1000 to 100 VU 1-577
2026-08-16 15:38:28,866 INFO o.a.j.t.JMeterThread: Thread finished: Spike Profile - 100 to 1000 to 100 VU 1-550
2026-08-16 15:38:28,870 INFO o.a.j.t.JMeterThread: Thread finished: Spike Profile - 100 to 1000 to 100 VU 1-551
2026-08-16 15:38:28,893 INFO o.a.j.t.JMeterThread: Thread finished: Spike Profile - 100 to 1000 to 100 VU 1-476
2026-08-16 15:38:28,934 INFO o.a.j.t.JMeterThread: Thread finished: Spike Profile - 100 to 1000 to 100 VU 1-359
2026-08-16 15:38:28,937 INFO o.a.j.t.JMeterThread: Thread finished: Spike Profile - 100 to 1000 to 100 VU 1-487
2026-08-16 15:38:28,940 INFO o.a.j.t.JMeterThread: Thread finished: Spike Profile - 100 to 1000 to 100 VU 1-503
2026-08-16 15:38:28,943 INFO o.a.j.t.JMeterThread: Thread finished: Spike Profile - 100 to 1000 to 100 VU 1-533
2026-08-16 15:38:28,943 INFO o.a.j.t.JMeterThread: Thread finished: Spike Profile - 100 to 1000 to 100 VU 1-578
2026-08-16 15:38:28,955 INFO o.a.j.t.JMeterThread: Thread finished: Spike Profile - 100 to 1000 to 100 VU 1-399
2026-08-16 15:38:28,966 INFO o.a.j.t.JMeterThread: Thread finished: Spike Profile - 100 to 1000 to 100 VU 1-510
2026-08-16 15:38:28,970 INFO o.a.j.t.JMeterThread: Thread finished: Spike Profile - 100 to 1000 to 100 VU 1-486
2026-08-16 15:38:28,984 INFO o.a.j.t.JMeterThread: Thread finished: Spike Profile - 100 to 1000 to 100 VU 1-554
2026-08-16 15:38:28,993 INFO o.a.j.t.JMeterThread: Thread finished: Spike Profile - 100 to 1000 to 100 VU 1-516
2026-08-16 15:38:28,995 INFO o.a.j.t.JMeterThread: Thread finished: Spike Profile - 100 to 1000 to 100 VU 1-593
2026-08-16 15:38:29,006 INFO o.a.j.t.JMeterThread: Thread finished: Spike Profile - 100 to 1000 to 100 VU 1-546
2026-08-16 15:38:29,028 INFO o.a.j.t.JMeterThread: Thread finished: Spike Profile - 100 to 1000 to 100 VU 1-544
2026-08-16 15:38:29,036 INFO o.a.j.t.JMeterThread: Thread finished: Spike Profile - 100 to 1000 to 100 VU 1-521
2026-08-16 15:38:29,053 INFO o.a.j.t.JMeterThread: Thread finished: Spike Profile - 100 to 1000 to 100 VU 1-475
2026-08-16 15:38:29,055 INFO o.a.j.t.JMeterThread: Thread finished: Spike Profile - 100 to 1000 to 100 VU 1-467
2026-08-16 15:38:29,055 INFO o.a.j.t.JMeterThread: Thread finished: Spike Profile - 100 to 1000 to 100 VU 1-549
2026-08-16 15:38:29,067 INFO o.a.j.t.JMeterThread: Thread finished: Spike Profile - 100 to 1000 to 100 VU 1-580
2026-08-16 15:38:29,080 INFO o.a.j.t.JMeterThread: Thread finished: Spike Profile - 100 to 1000 to 100 VU 1-428
2026-08-16 15:38:29,104 INFO o.a.j.t.JMeterThread: Thread finished: Spike Profile - 100 to 1000 to 100 VU 1-569
2026-08-16 15:38:29,117 INFO o.a.j.t.JMeterThread: Thread finished: Spike Profile - 100 to 1000 to 100 VU 1-449
2026-08-16 15:38:29,122 INFO o.a.j.t.JMeterThread: Thread finished: Spike Profile - 100 to 1000 to 100 VU 1-386
2026-08-16 15:38:29,130 INFO o.a.j.t.JMeterThread: Thread finished: Spike Profile - 100 to 1000 to 100 VU 1-493
2026-08-16 15:38:29,139 INFO o.a.j.t.JMeterThread: Thread finished: Spike Profile - 100 to 1000 to 100 VU 1-410
2026-08-16 15:38:29,142 INFO o.a.j.t.JMeterThread: Thread finished: Spike Profile - 100 to 1000 to 100 VU 1-501
2026-08-16 15:38:29,178 INFO o.a.j.t.JMeterThread: Thread finished: Spike Profile - 100 to 1000 to 100 VU 1-482
2026-08-16 15:38:29,188 INFO o.a.j.t.JMeterThread: Thread finished: Spike Profile - 100 to 1000 to 100 VU 1-357
2026-08-16 15:38:29,221 INFO o.a.j.t.JMeterThread: Thread finished: Spike Profile - 100 to 1000 to 100 VU 1-395
2026-08-16 15:38:29,226 INFO o.a.j.t.JMeterThread: Thread finished: Spike Profile - 100 to 1000 to 100 VU 1-524
2026-08-16 15:38:29,232 INFO o.a.j.t.JMeterThread: Thread finished: Spike Profile - 100 to 1000 to 100 VU 1-489
2026-08-16 15:38:29,244 INFO o.a.j.t.JMeterThread: Thread finished: Spike Profile - 100 to 1000 to 100 VU 1-500
2026-08-16 15:38:29,266 INFO o.a.j.t.JMeterThread: Thread finished: Spike Profile - 100 to 1000 to 100 VU 1-392
2026-08-16 15:38:29,271 INFO o.a.j.t.JMeterThread: Thread finished: Spike Profile - 100 to 1000 to 100 VU 1-512
2026-08-16 15:38:29,288 INFO o.a.j.t.JMeterThread: Thread finished: Spike Profile - 100 to 1000 to 100 VU 1-377
2026-08-16 15:38:29,313 INFO o.a.j.t.JMeterThread: Thread finished: Spike Profile - 100 to 1000 to 100 VU 1-556
2026-08-16 15:38:29,355 INFO o.a.j.t.JMeterThread: Thread finished: Spike Profile - 100 to 1000 to 100 VU 1-492
2026-08-16 15:38:29,361 INFO o.a.j.t.JMeterThread: Thread finished: Spike Profile - 100 to 1000 to 100 VU 1-543
2026-08-16 15:38:29,361 INFO o.a.j.t.JMeterThread: Thread finished: Spike Profile - 100 to 1000 to 100 VU 1-502
2026-08-16 15:38:29,369 INFO o.a.j.t.JMeterThread: Thread finished: Spike Profile - 100 to 1000 to 100 VU 1-470
2026-08-16 15:38:29,377 INFO o.a.j.t.JMeterThread: Thread finished: Spike Profile - 100 to 1000 to 100 VU 1-514
2026-08-16 15:38:29,378 INFO o.a.j.t.JMeterThread: Thread finished: Spike Profile - 100 to 1000 to 100 VU 1-548
2026-08-16 15:38:29,382 INFO o.a.j.t.JMeterThread: Thread finished: Spike Profile - 100 to 1000 to 100 VU 1-366
2026-08-16 15:38:29,455 INFO o.a.j.t.JMeterThread: Thread finished: Spike Profile - 100 to 1000 to 100 VU 1-508
2026-08-16 15:38:29,456 INFO o.a.j.t.JMeterThread: Thread finished: Spike Profile - 100 to 1000 to 100 VU 1-427
2026-08-16 15:38:29,458 INFO o.a.j.t.JMeterThread: Thread finished: Spike Profile - 100 to 1000 to 100 VU 1-400
2026-08-16 15:38:29,500 INFO o.a.j.t.JMeterThread: Thread finished: Spike Profile - 100 to 1000 to 100 VU 1-402
2026-08-16 15:38:29,502 INFO o.a.j.t.JMeterThread: Thread finished: Spike Profile - 100 to 1000 to 100 VU 1-511
2026-08-16 15:38:29,530 INFO o.a.j.t.JMeterThread: Thread finished: Spike Profile - 100 to 1000 to 100 VU 1-390
2026-08-16 15:38:29,533 INFO o.a.j.t.JMeterThread: Thread finished: Spike Profile - 100 to 1000 to 100 VU 1-509
2026-08-16 15:38:29,537 INFO o.a.j.t.JMeterThread: Thread finished: Spike Profile - 100 to 1000 to 100 VU 1-330
2026-08-16 15:38:29,547 INFO o.a.j.t.JMeterThread: Thread finished: Spike Profile - 100 to 1000 to 100 VU 1-336
2026-08-16 15:38:29,557 INFO o.a.j.t.JMeterThread: Thread finished: Spike Profile - 100 to 1000 to 100 VU 1-309
2026-08-16 15:38:29,577 INFO o.a.j.t.JMeterThread: Thread finished: Spike Profile - 100 to 1000 to 100 VU 1-456
2026-08-16 15:38:29,578 INFO o.a.j.t.JMeterThread: Thread finished: Spike Profile - 100 to 1000 to 100 VU 1-466
2026-08-16 15:38:29,587 INFO o.a.j.t.JMeterThread: Thread finished: Spike Profile - 100 to 1000 to 100 VU 1-534
2026-08-16 15:38:29,591 INFO o.a.j.t.JMeterThread: Thread finished: Spike Profile - 100 to 1000 to 100 VU 1-519
2026-08-16 15:38:29,597 INFO o.a.j.t.JMeterThread: Thread finished: Spike Profile - 100 to 1000 to 100 VU 1-465
2026-08-16 15:38:29,602 INFO o.a.j.t.JMeterThread: Thread finished: Spike Profile - 100 to 1000 to 100 VU 1-462
2026-08-16 15:38:29,605 INFO o.a.j.t.JMeterThread: Thread finished: Spike Profile - 100 to 1000 to 100 VU 1-369
2026-08-16 15:38:29,617 INFO o.a.j.t.JMeterThread: Thread finished: Spike Profile - 100 to 1000 to 100 VU 1-423
2026-08-16 15:38:29,619 INFO o.a.j.t.JMeterThread: Thread finished: Spike Profile - 100 to 1000 to 100 VU 1-350
2026-08-16 15:38:29,634 INFO o.a.j.t.JMeterThread: Thread finished: Spike Profile - 100 to 1000 to 100 VU 1-494
2026-08-16 15:38:29,638 INFO o.a.j.t.JMeterThread: Thread finished: Spike Profile - 100 to 1000 to 100 VU 1-435
2026-08-16 15:38:29,684 INFO o.a.j.t.JMeterThread: Thread finished: Spike Profile - 100 to 1000 to 100 VU 1-280
2026-08-16 15:38:29,691 INFO o.a.j.t.JMeterThread: Thread finished: Spike Profile - 100 to 1000 to 100 VU 1-481
2026-08-16 15:38:29,695 INFO o.a.j.t.JMeterThread: Thread finished: Spike Profile - 100 to 1000 to 100 VU 1-364
2026-08-16 15:38:29,720 INFO o.a.j.t.JMeterThread: Thread finished: Spike Profile - 100 to 1000 to 100 VU 1-360
2026-08-16 15:38:29,758 INFO o.a.j.t.JMeterThread: Thread finished: Spike Profile - 100 to 1000 to 100 VU 1-440
2026-08-16 15:38:29,777 INFO o.a.j.t.JMeterThread: Thread finished: Spike Profile - 100 to 1000 to 100 VU 1-454
2026-08-16 15:38:29,801 INFO o.a.j.t.JMeterThread: Thread finished: Spike Profile - 100 to 1000 to 100 VU 1-495
2026-08-16 15:38:29,826 INFO o.a.j.t.JMeterThread: Thread finished: Spike Profile - 100 to 1000 to 100 VU 1-517
2026-08-16 15:38:29,827 INFO o.a.j.t.JMeterThread: Thread finished: Spike Profile - 100 to 1000 to 100 VU 1-394
2026-08-16 15:38:29,836 INFO o.a.j.t.JMeterThread: Thread finished: Spike Profile - 100 to 1000 to 100 VU 1-460
2026-08-16 15:38:29,853 INFO o.a.j.t.JMeterThread: Thread finished: Spike Profile - 100 to 1000 to 100 VU 1-443
2026-08-16 15:38:29,887 INFO o.a.j.t.JMeterThread: Thread finished: Spike Profile - 100 to 1000 to 100 VU 1-506
2026-08-16 15:38:29,887 INFO o.a.j.t.JMeterThread: Thread finished: Spike Profile - 100 to 1000 to 100 VU 1-483
2026-08-16 15:38:29,938 INFO o.a.j.t.JMeterThread: Thread finished: Spike Profile - 100 to 1000 to 100 VU 1-480
2026-08-16 15:38:29,940 INFO o.a.j.t.JMeterThread: Thread finished: Spike Profile - 100 to 1000 to 100 VU 1-439
2026-08-16 15:38:29,940 INFO o.a.j.t.JMeterThread: Thread finished: Spike Profile - 100 to 1000 to 100 VU 1-434
2026-08-16 15:38:29,953 INFO o.a.j.t.JMeterThread: Thread finished: Spike Profile - 100 to 1000 to 100 VU 1-433
2026-08-16 15:38:29,969 INFO o.a.j.t.JMeterThread: Thread finished: Spike Profile - 100 to 1000 to 100 VU 1-307
2026-08-16 15:38:29,982 INFO o.a.j.t.JMeterThread: Thread finished: Spike Profile - 100 to 1000 to 100 VU 1-345
2026-08-16 15:38:29,987 INFO o.a.j.t.JMeterThread: Thread finished: Spike Profile - 100 to 1000 to 100 VU 1-477
2026-08-16 15:38:29,993 INFO o.a.j.t.JMeterThread: Thread finished: Spike Profile - 100 to 1000 to 100 VU 1-468
2026-08-16 15:38:29,993 INFO o.a.j.t.JMeterThread: Thread finished: Spike Profile - 100 to 1000 to 100 VU 1-448
2026-08-16 15:38:29,998 INFO o.a.j.t.JMeterThread: Thread finished: Spike Profile - 100 to 1000 to 100 VU 1-453
2026-08-16 15:38:30,004 INFO o.a.j.r.Summariser: summary +    581 in 00:02:45 =    3.5/s Avg:  4354 Min:     1 Max: 11279 Err:     0 (0.00%) Active: 420 Started: 1000 Finished: 580
2026-08-16 15:38:30,005 INFO o.a.j.t.JMeterThread: Thread finished: Spike Profile - 100 to 1000 to 100 VU 1-294
2026-08-16 15:38:30,012 INFO o.a.j.t.JMeterThread: Thread finished: Spike Profile - 100 to 1000 to 100 VU 1-426
2026-08-16 15:38:30,014 INFO o.a.j.t.JMeterThread: Thread finished: Spike Profile - 100 to 1000 to 100 VU 1-432
2026-08-16 15:38:30,017 INFO o.a.j.t.JMeterThread: Thread finished: Spike Profile - 100 to 1000 to 100 VU 1-408
2026-08-16 15:38:30,035 INFO o.a.j.t.JMeterThread: Thread finished: Spike Profile - 100 to 1000 to 100 VU 1-451
2026-08-16 15:38:30,039 INFO o.a.j.t.JMeterThread: Thread finished: Spike Profile - 100 to 1000 to 100 VU 1-420
2026-08-16 15:38:30,043 INFO o.a.j.t.JMeterThread: Thread finished: Spike Profile - 100 to 1000 to 100 VU 1-458
2026-08-16 15:38:30,043 INFO o.a.j.t.JMeterThread: Thread finished: Spike Profile - 100 to 1000 to 100 VU 1-414
2026-08-16 15:38:30,047 INFO o.a.j.t.JMeterThread: Thread finished: Spike Profile - 100 to 1000 to 100 VU 1-412
2026-08-16 15:38:30,067 INFO o.a.j.t.JMeterThread: Thread finished: Spike Profile - 100 to 1000 to 100 VU 1-504
2026-08-16 15:38:30,075 INFO o.a.j.t.JMeterThread: Thread finished: Spike Profile - 100 to 1000 to 100 VU 1-347
2026-08-16 15:38:30,076 INFO o.a.j.t.JMeterThread: Thread finished: Spike Profile - 100 to 1000 to 100 VU 1-287
2026-08-16 15:38:30,110 INFO o.a.j.t.JMeterThread: Thread finished: Spike Profile - 100 to 1000 to 100 VU 1-437
2026-08-16 15:38:30,130 INFO o.a.j.t.JMeterThread: Thread finished: Spike Profile - 100 to 1000 to 100 VU 1-429
2026-08-16 15:38:30,130 INFO o.a.j.t.JMeterThread: Thread finished: Spike Profile - 100 to 1000 to 100 VU 1-405
2026-08-16 15:38:30,169 INFO o.a.j.t.JMeterThread: Thread finished: Spike Profile - 100 to 1000 to 100 VU 1-452
2026-08-16 15:38:30,170 INFO o.a.j.t.JMeterThread: Thread finished: Spike Profile - 100 to 1000 to 100 VU 1-407
2026-08-16 15:38:30,209 INFO o.a.j.t.JMeterThread: Thread finished: Spike Profile - 100 to 1000 to 100 VU 1-491
2026-08-16 15:38:30,227 INFO o.a.j.t.JMeterThread: Thread finished: Spike Profile - 100 to 1000 to 100 VU 1-314
2026-08-16 15:38:30,247 INFO o.a.j.t.JMeterThread: Thread finished: Spike Profile - 100 to 1000 to 100 VU 1-490
2026-08-16 15:38:30,276 INFO o.a.j.t.JMeterThread: Thread finished: Spike Profile - 100 to 1000 to 100 VU 1-479
2026-08-16 15:38:30,297 INFO o.a.j.t.JMeterThread: Thread finished: Spike Profile - 100 to 1000 to 100 VU 1-409
2026-08-16 15:38:30,330 INFO o.a.j.t.JMeterThread: Thread finished: Spike Profile - 100 to 1000 to 100 VU 1-472
2026-08-16 15:38:30,334 INFO o.a.j.t.JMeterThread: Thread finished: Spike Profile - 100 to 1000 to 100 VU 1-384
2026-08-16 15:38:30,344 INFO o.a.j.t.JMeterThread: Thread finished: Spike Profile - 100 to 1000 to 100 VU 1-411
2026-08-16 15:38:30,347 INFO o.a.j.t.JMeterThread: Thread finished: Spike Profile - 100 to 1000 to 100 VU 1-421
2026-08-16 15:38:30,357 INFO o.a.j.t.JMeterThread: Thread finished: Spike Profile - 100 to 1000 to 100 VU 1-438
2026-08-16 15:38:30,360 INFO o.a.j.t.JMeterThread: Thread finished: Spike Profile - 100 to 1000 to 100 VU 1-457
2026-08-16 15:38:30,392 INFO o.a.j.t.JMeterThread: Thread finished: Spike Profile - 100 to 1000 to 100 VU 1-397
2026-08-16 15:38:30,408 INFO o.a.j.t.JMeterThread: Thread finished: Spike Profile - 100 to 1000 to 100 VU 1-378
2026-08-16 15:38:30,430 INFO o.a.j.t.JMeterThread: Thread finished: Spike Profile - 100 to 1000 to 100 VU 1-396
2026-08-16 15:38:30,439 INFO o.a.j.t.JMeterThread: Thread finished: Spike Profile - 100 to 1000 to 100 VU 1-459
2026-08-16 15:38:30,444 INFO o.a.j.t.JMeterThread: Thread finished: Spike Profile - 100 to 1000 to 100 VU 1-464
2026-08-16 15:38:30,446 INFO o.a.j.t.JMeterThread: Thread finished: Spike Profile - 100 to 1000 to 100 VU 1-324
2026-08-16 15:38:30,469 INFO o.a.j.t.JMeterThread: Thread finished: Spike Profile - 100 to 1000 to 100 VU 1-327
2026-08-16 15:38:30,471 INFO o.a.j.t.JMeterThread: Thread finished: Spike Profile - 100 to 1000 to 100 VU 1-297
2026-08-16 15:38:30,479 INFO o.a.j.t.JMeterThread: Thread finished: Spike Profile - 100 to 1000 to 100 VU 1-368
2026-08-16 15:38:30,491 INFO o.a.j.t.JMeterThread: Thread finished: Spike Profile - 100 to 1000 to 100 VU 1-382
2026-08-16 15:38:30,492 INFO o.a.j.t.JMeterThread: Thread finished: Spike Profile - 100 to 1000 to 100 VU 1-393
2026-08-16 15:38:30,504 INFO o.a.j.t.JMeterThread: Thread finished: Spike Profile - 100 to 1000 to 100 VU 1-441
2026-08-16 15:38:30,532 INFO o.a.j.t.JMeterThread: Thread finished: Spike Profile - 100 to 1000 to 100 VU 1-213
2026-08-16 15:38:30,571 INFO o.a.j.t.JMeterThread: Thread finished: Spike Profile - 100 to 1000 to 100 VU 1-379
2026-08-16 15:38:30,591 INFO o.a.j.t.JMeterThread: Thread finished: Spike Profile - 100 to 1000 to 100 VU 1-391
2026-08-16 15:38:30,603 INFO o.a.j.t.JMeterThread: Thread finished: Spike Profile - 100 to 1000 to 100 VU 1-293
2026-08-16 15:38:30,607 INFO o.a.j.t.JMeterThread: Thread finished: Spike Profile - 100 to 1000 to 100 VU 1-447
2026-08-16 15:38:30,607 INFO o.a.j.t.JMeterThread: Thread finished: Spike Profile - 100 to 1000 to 100 VU 1-372
2026-08-16 15:38:30,633 INFO o.a.j.t.JMeterThread: Thread finished: Spike Profile - 100 to 1000 to 100 VU 1-371
2026-08-16 15:38:30,654 INFO o.a.j.t.JMeterThread: Thread finished: Spike Profile - 100 to 1000 to 100 VU 1-387
2026-08-16 15:38:30,659 INFO o.a.j.t.JMeterThread: Thread finished: Spike Profile - 100 to 1000 to 100 VU 1-272
2026-08-16 15:38:30,660 INFO o.a.j.t.JMeterThread: Thread finished: Spike Profile - 100 to 1000 to 100 VU 1-425
2026-08-16 15:38:30,678 INFO o.a.j.t.JMeterThread: Thread finished: Spike Profile - 100 to 1000 to 100 VU 1-450
2026-08-16 15:38:30,681 INFO o.a.j.t.JMeterThread: Thread finished: Spike Profile - 100 to 1000 to 100 VU 1-283
2026-08-16 15:38:30,684 INFO o.a.j.t.JMeterThread: Thread finished: Spike Profile - 100 to 1000 to 100 VU 1-363
2026-08-16 15:38:30,690 INFO o.a.j.t.JMeterThread: Thread finished: Spike Profile - 100 to 1000 to 100 VU 1-266
2026-08-16 15:38:30,690 INFO o.a.j.t.JMeterThread: Thread finished: Spike Profile - 100 to 1000 to 100 VU 1-404
2026-08-16 15:38:30,694 INFO o.a.j.t.JMeterThread: Thread finished: Spike Profile - 100 to 1000 to 100 VU 1-367
2026-08-16 15:38:30,703 INFO o.a.j.t.JMeterThread: Thread finished: Spike Profile - 100 to 1000 to 100 VU 1-413
2026-08-16 15:38:30,703 INFO o.a.j.t.JMeterThread: Thread finished: Spike Profile - 100 to 1000 to 100 VU 1-403
2026-08-16 15:38:30,730 INFO o.a.j.t.JMeterThread: Thread finished: Spike Profile - 100 to 1000 to 100 VU 1-445
2026-08-16 15:38:30,740 INFO o.a.j.t.JMeterThread: Thread finished: Spike Profile - 100 to 1000 to 100 VU 1-416
2026-08-16 15:38:30,753 INFO o.a.j.t.JMeterThread: Thread finished: Spike Profile - 100 to 1000 to 100 VU 1-304
2026-08-16 15:38:30,757 INFO o.a.j.t.JMeterThread: Thread finished: Spike Profile - 100 to 1000 to 100 VU 1-325
2026-08-16 15:38:30,779 INFO o.a.j.t.JMeterThread: Thread finished: Spike Profile - 100 to 1000 to 100 VU 1-362
2026-08-16 15:38:30,815 INFO o.a.j.t.JMeterThread: Thread finished: Spike Profile - 100 to 1000 to 100 VU 1-431
2026-08-16 15:38:30,831 INFO o.a.j.t.JMeterThread: Thread finished: Spike Profile - 100 to 1000 to 100 VU 1-373
2026-08-16 15:38:30,841 INFO o.a.j.t.JMeterThread: Thread finished: Spike Profile - 100 to 1000 to 100 VU 1-282
2026-08-16 15:38:30,852 INFO o.a.j.t.JMeterThread: Thread finished: Spike Profile - 100 to 1000 to 100 VU 1-398
2026-08-16 15:38:30,856 INFO o.a.j.t.JMeterThread: Thread finished: Spike Profile - 100 to 1000 to 100 VU 1-422
2026-08-16 15:38:30,861 INFO o.a.j.t.JMeterThread: Thread finished: Spike Profile - 100 to 1000 to 100 VU 1-419
2026-08-16 15:38:30,869 INFO o.a.j.t.JMeterThread: Thread finished: Spike Profile - 100 to 1000 to 100 VU 1-220
2026-08-16 15:38:30,874 INFO o.a.j.t.JMeterThread: Thread finished: Spike Profile - 100 to 1000 to 100 VU 1-381
2026-08-16 15:38:30,879 INFO o.a.j.t.JMeterThread: Thread finished: Spike Profile - 100 to 1000 to 100 VU 1-374
2026-08-16 15:38:30,890 INFO o.a.j.t.JMeterThread: Thread finished: Spike Profile - 100 to 1000 to 100 VU 1-248
2026-08-16 15:38:30,898 INFO o.a.j.t.JMeterThread: Thread finished: Spike Profile - 100 to 1000 to 100 VU 1-334
2026-08-16 15:38:30,902 INFO o.a.j.t.JMeterThread: Thread finished: Spike Profile - 100 to 1000 to 100 VU 1-210
2026-08-16 15:38:30,916 INFO o.a.j.t.JMeterThread: Thread finished: Spike Profile - 100 to 1000 to 100 VU 1-430
2026-08-16 15:38:30,918 INFO o.a.j.t.JMeterThread: Thread finished: Spike Profile - 100 to 1000 to 100 VU 1-383
2026-08-16 15:38:30,944 INFO o.a.j.t.JMeterThread: Thread finished: Spike Profile - 100 to 1000 to 100 VU 1-332
2026-08-16 15:38:30,963 INFO o.a.j.t.JMeterThread: Thread finished: Spike Profile - 100 to 1000 to 100 VU 1-415
2026-08-16 15:38:30,966 INFO o.a.j.t.JMeterThread: Thread finished: Spike Profile - 100 to 1000 to 100 VU 1-349
2026-08-16 15:38:30,974 INFO o.a.j.t.JMeterThread: Thread finished: Spike Profile - 100 to 1000 to 100 VU 1-338
2026-08-16 15:38:30,980 INFO o.a.j.t.JMeterThread: Thread finished: Spike Profile - 100 to 1000 to 100 VU 1-190
2026-08-16 15:38:30,984 INFO o.a.j.t.JMeterThread: Thread finished: Spike Profile - 100 to 1000 to 100 VU 1-351
2026-08-16 15:38:30,985 INFO o.a.j.t.JMeterThread: Thread finished: Spike Profile - 100 to 1000 to 100 VU 1-401
2026-08-16 15:38:31,015 INFO o.a.j.t.JMeterThread: Thread finished: Spike Profile - 100 to 1000 to 100 VU 1-278
2026-08-16 15:38:31,027 INFO o.a.j.t.JMeterThread: Thread finished: Spike Profile - 100 to 1000 to 100 VU 1-417
2026-08-16 15:38:31,033 INFO o.a.j.t.JMeterThread: Thread finished: Spike Profile - 100 to 1000 to 100 VU 1-406
2026-08-16 15:38:31,039 INFO o.a.j.t.JMeterThread: Thread finished: Spike Profile - 100 to 1000 to 100 VU 1-354
2026-08-16 15:38:31,043 INFO o.a.j.t.JMeterThread: Thread finished: Spike Profile - 100 to 1000 to 100 VU 1-323
2026-08-16 15:38:31,067 INFO o.a.j.t.JMeterThread: Thread finished: Spike Profile - 100 to 1000 to 100 VU 1-376
2026-08-16 15:38:31,070 INFO o.a.j.t.JMeterThread: Thread finished: Spike Profile - 100 to 1000 to 100 VU 1-275
2026-08-16 15:38:31,075 INFO o.a.j.t.JMeterThread: Thread finished: Spike Profile - 100 to 1000 to 100 VU 1-300
2026-08-16 15:38:31,076 INFO o.a.j.t.JMeterThread: Thread finished: Spike Profile - 100 to 1000 to 100 VU 1-388
2026-08-16 15:38:31,085 INFO o.a.j.t.JMeterThread: Thread finished: Spike Profile - 100 to 1000 to 100 VU 1-329
2026-08-16 15:38:31,090 INFO o.a.j.t.JMeterThread: Thread finished: Spike Profile - 100 to 1000 to 100 VU 1-274
2026-08-16 15:38:31,113 INFO o.a.j.t.JMeterThread: Thread finished: Spike Profile - 100 to 1000 to 100 VU 1-312
2026-08-16 15:38:31,120 INFO o.a.j.t.JMeterThread: Thread finished: Spike Profile - 100 to 1000 to 100 VU 1-291
2026-08-16 15:38:31,122 INFO o.a.j.t.JMeterThread: Thread finished: Spike Profile - 100 to 1000 to 100 VU 1-172
2026-08-16 15:38:31,136 INFO o.a.j.t.JMeterThread: Thread finished: Spike Profile - 100 to 1000 to 100 VU 1-358
2026-08-16 15:38:31,162 INFO o.a.j.t.JMeterThread: Thread finished: Spike Profile - 100 to 1000 to 100 VU 1-284
2026-08-16 15:38:31,178 INFO o.a.j.t.JMeterThread: Thread finished: Spike Profile - 100 to 1000 to 100 VU 1-286
2026-08-16 15:38:31,200 INFO o.a.j.t.JMeterThread: Thread finished: Spike Profile - 100 to 1000 to 100 VU 1-313
2026-08-16 15:38:31,207 INFO o.a.j.t.JMeterThread: Thread finished: Spike Profile - 100 to 1000 to 100 VU 1-365
2026-08-16 15:38:31,214 INFO o.a.j.t.JMeterThread: Thread finished: Spike Profile - 100 to 1000 to 100 VU 1-177
2026-08-16 15:38:31,214 INFO o.a.j.t.JMeterThread: Thread finished: Spike Profile - 100 to 1000 to 100 VU 1-276
2026-08-16 15:38:31,217 INFO o.a.j.t.JMeterThread: Thread finished: Spike Profile - 100 to 1000 to 100 VU 1-355
2026-08-16 15:38:31,221 INFO o.a.j.t.JMeterThread: Thread finished: Spike Profile - 100 to 1000 to 100 VU 1-380
2026-08-16 15:38:31,231 INFO o.a.j.t.JMeterThread: Thread finished: Spike Profile - 100 to 1000 to 100 VU 1-311
2026-08-16 15:38:31,243 INFO o.a.j.t.JMeterThread: Thread finished: Spike Profile - 100 to 1000 to 100 VU 1-281
2026-08-16 15:38:31,270 INFO o.a.j.t.JMeterThread: Thread finished: Spike Profile - 100 to 1000 to 100 VU 1-352
2026-08-16 15:38:31,309 INFO o.a.j.t.JMeterThread: Thread finished: Spike Profile - 100 to 1000 to 100 VU 1-229
2026-08-16 15:38:31,314 INFO o.a.j.t.JMeterThread: Thread finished: Spike Profile - 100 to 1000 to 100 VU 1-222
2026-08-16 15:38:31,320 INFO o.a.j.t.JMeterThread: Thread finished: Spike Profile - 100 to 1000 to 100 VU 1-233
2026-08-16 15:38:31,330 INFO o.a.j.t.JMeterThread: Thread finished: Spike Profile - 100 to 1000 to 100 VU 1-319
2026-08-16 15:38:31,333 INFO o.a.j.t.JMeterThread: Thread finished: Spike Profile - 100 to 1000 to 100 VU 1-199
2026-08-16 15:38:31,337 INFO o.a.j.t.JMeterThread: Thread finished: Spike Profile - 100 to 1000 to 100 VU 1-370
2026-08-16 15:38:31,348 INFO o.a.j.t.JMeterThread: Thread finished: Spike Profile - 100 to 1000 to 100 VU 1-343
2026-08-16 15:38:31,361 INFO o.a.j.t.JMeterThread: Thread finished: Spike Profile - 100 to 1000 to 100 VU 1-389
2026-08-16 15:38:31,363 INFO o.a.j.t.JMeterThread: Thread finished: Spike Profile - 100 to 1000 to 100 VU 1-254
2026-08-16 15:38:31,372 INFO o.a.j.t.JMeterThread: Thread finished: Spike Profile - 100 to 1000 to 100 VU 1-140
2026-08-16 15:38:31,373 INFO o.a.j.t.JMeterThread: Thread finished: Spike Profile - 100 to 1000 to 100 VU 1-265
2026-08-16 15:38:31,414 INFO o.a.j.t.JMeterThread: Thread finished: Spike Profile - 100 to 1000 to 100 VU 1-385
2026-08-16 15:38:31,425 INFO o.a.j.t.JMeterThread: Thread finished: Spike Profile - 100 to 1000 to 100 VU 1-328
2026-08-16 15:38:31,425 INFO o.a.j.t.JMeterThread: Thread finished: Spike Profile - 100 to 1000 to 100 VU 1-186
2026-08-16 15:38:31,429 INFO o.a.j.t.JMeterThread: Thread finished: Spike Profile - 100 to 1000 to 100 VU 1-346
2026-08-16 15:38:31,444 INFO o.a.j.t.JMeterThread: Thread finished: Spike Profile - 100 to 1000 to 100 VU 1-226
2026-08-16 15:38:31,476 INFO o.a.j.t.JMeterThread: Thread finished: Spike Profile - 100 to 1000 to 100 VU 1-205
2026-08-16 15:38:31,484 INFO o.a.j.t.JMeterThread: Thread finished: Spike Profile - 100 to 1000 to 100 VU 1-320
2026-08-16 15:38:31,528 INFO o.a.j.t.JMeterThread: Thread finished: Spike Profile - 100 to 1000 to 100 VU 1-298
2026-08-16 15:38:31,530 INFO o.a.j.t.JMeterThread: Thread finished: Spike Profile - 100 to 1000 to 100 VU 1-337
2026-08-16 15:38:31,530 INFO o.a.j.t.JMeterThread: Thread finished: Spike Profile - 100 to 1000 to 100 VU 1-246
2026-08-16 15:38:31,540 INFO o.a.j.t.JMeterThread: Thread finished: Spike Profile - 100 to 1000 to 100 VU 1-348
2026-08-16 15:38:31,549 INFO o.a.j.t.JMeterThread: Thread finished: Spike Profile - 100 to 1000 to 100 VU 1-126
2026-08-16 15:38:31,567 INFO o.a.j.t.JMeterThread: Thread finished: Spike Profile - 100 to 1000 to 100 VU 1-269
2026-08-16 15:38:31,584 INFO o.a.j.t.JMeterThread: Thread finished: Spike Profile - 100 to 1000 to 100 VU 1-206
2026-08-16 15:38:31,587 INFO o.a.j.t.JMeterThread: Thread finished: Spike Profile - 100 to 1000 to 100 VU 1-353
2026-08-16 15:38:31,592 INFO o.a.j.t.JMeterThread: Thread finished: Spike Profile - 100 to 1000 to 100 VU 1-129
2026-08-16 15:38:31,598 INFO o.a.j.t.JMeterThread: Thread finished: Spike Profile - 100 to 1000 to 100 VU 1-339
2026-08-16 15:38:31,615 INFO o.a.j.t.JMeterThread: Thread finished: Spike Profile - 100 to 1000 to 100 VU 1-219
2026-08-16 15:38:31,619 INFO o.a.j.t.JMeterThread: Thread finished: Spike Profile - 100 to 1000 to 100 VU 1-361
2026-08-16 15:38:31,625 INFO o.a.j.t.JMeterThread: Thread finished: Spike Profile - 100 to 1000 to 100 VU 1-356
2026-08-16 15:38:31,632 INFO o.a.j.t.JMeterThread: Thread finished: Spike Profile - 100 to 1000 to 100 VU 1-245
2026-08-16 15:38:31,632 INFO o.a.j.t.JMeterThread: Thread finished: Spike Profile - 100 to 1000 to 100 VU 1-288
2026-08-16 15:38:31,632 INFO o.a.j.t.JMeterThread: Thread finished: Spike Profile - 100 to 1000 to 100 VU 1-200
2026-08-16 15:38:31,651 INFO o.a.j.t.JMeterThread: Thread finished: Spike Profile - 100 to 1000 to 100 VU 1-236
2026-08-16 15:38:31,663 INFO o.a.j.t.JMeterThread: Thread finished: Spike Profile - 100 to 1000 to 100 VU 1-185
2026-08-16 15:38:31,664 INFO o.a.j.t.JMeterThread: Thread finished: Spike Profile - 100 to 1000 to 100 VU 1-306
2026-08-16 15:38:31,665 INFO o.a.j.t.JMeterThread: Thread finished: Spike Profile - 100 to 1000 to 100 VU 1-149
2026-08-16 15:38:31,672 INFO o.a.j.t.JMeterThread: Thread finished: Spike Profile - 100 to 1000 to 100 VU 1-258
2026-08-16 15:38:31,672 INFO o.a.j.t.JMeterThread: Thread finished: Spike Profile - 100 to 1000 to 100 VU 1-192
2026-08-16 15:38:31,683 INFO o.a.j.t.JMeterThread: Thread finished: Spike Profile - 100 to 1000 to 100 VU 1-179
2026-08-16 15:38:31,697 INFO o.a.j.t.JMeterThread: Thread finished: Spike Profile - 100 to 1000 to 100 VU 1-321
2026-08-16 15:38:31,698 INFO o.a.j.t.JMeterThread: Thread finished: Spike Profile - 100 to 1000 to 100 VU 1-341
2026-08-16 15:38:31,703 INFO o.a.j.t.JMeterThread: Thread finished: Spike Profile - 100 to 1000 to 100 VU 1-188
2026-08-16 15:38:31,705 INFO o.a.j.t.JMeterThread: Thread finished: Spike Profile - 100 to 1000 to 100 VU 1-279
2026-08-16 15:38:31,714 INFO o.a.j.t.JMeterThread: Thread finished: Spike Profile - 100 to 1000 to 100 VU 1-308
2026-08-16 15:38:31,725 INFO o.a.j.t.JMeterThread: Thread finished: Spike Profile - 100 to 1000 to 100 VU 1-322
2026-08-16 15:38:31,736 INFO o.a.j.t.JMeterThread: Thread finished: Spike Profile - 100 to 1000 to 100 VU 1-326
2026-08-16 15:38:31,745 INFO o.a.j.t.JMeterThread: Thread finished: Spike Profile - 100 to 1000 to 100 VU 1-198
2026-08-16 15:38:31,748 INFO o.a.j.t.JMeterThread: Thread finished: Spike Profile - 100 to 1000 to 100 VU 1-221
2026-08-16 15:38:31,752 INFO o.a.j.t.JMeterThread: Thread finished: Spike Profile - 100 to 1000 to 100 VU 1-340
2026-08-16 15:38:31,754 INFO o.a.j.t.JMeterThread: Thread finished: Spike Profile - 100 to 1000 to 100 VU 1-270
2026-08-16 15:38:31,754 INFO o.a.j.t.JMeterThread: Thread finished: Spike Profile - 100 to 1000 to 100 VU 1-315
2026-08-16 15:38:31,756 INFO o.a.j.t.JMeterThread: Thread finished: Spike Profile - 100 to 1000 to 100 VU 1-227
2026-08-16 15:38:31,756 INFO o.a.j.t.JMeterThread: Thread finished: Spike Profile - 100 to 1000 to 100 VU 1-335
2026-08-16 15:38:31,771 INFO o.a.j.t.JMeterThread: Thread finished: Spike Profile - 100 to 1000 to 100 VU 1-299
2026-08-16 15:38:31,815 INFO o.a.j.t.JMeterThread: Thread finished: Spike Profile - 100 to 1000 to 100 VU 1-344
2026-08-16 15:38:31,816 INFO o.a.j.t.JMeterThread: Thread finished: Spike Profile - 100 to 1000 to 100 VU 1-235
2026-08-16 15:38:31,817 INFO o.a.j.t.JMeterThread: Thread finished: Spike Profile - 100 to 1000 to 100 VU 1-271
2026-08-16 15:38:31,834 INFO o.a.j.t.JMeterThread: Thread finished: Spike Profile - 100 to 1000 to 100 VU 1-101
2026-08-16 15:38:31,835 INFO o.a.j.t.JMeterThread: Thread finished: Spike Profile - 100 to 1000 to 100 VU 1-285
2026-08-16 15:38:31,872 INFO o.a.j.t.JMeterThread: Thread finished: Spike Profile - 100 to 1000 to 100 VU 1-342
2026-08-16 15:38:31,873 INFO o.a.j.t.JMeterThread: Thread finished: Spike Profile - 100 to 1000 to 100 VU 1-331
2026-08-16 15:38:31,873 INFO o.a.j.t.JMeterThread: Thread finished: Spike Profile - 100 to 1000 to 100 VU 1-302
2026-08-16 15:38:31,874 INFO o.a.j.t.JMeterThread: Thread finished: Spike Profile - 100 to 1000 to 100 VU 1-256
2026-08-16 15:38:31,893 INFO o.a.j.t.JMeterThread: Thread finished: Spike Profile - 100 to 1000 to 100 VU 1-316
2026-08-16 15:38:31,901 INFO o.a.j.t.JMeterThread: Thread finished: Spike Profile - 100 to 1000 to 100 VU 1-181
2026-08-16 15:38:31,906 INFO o.a.j.t.JMeterThread: Thread finished: Spike Profile - 100 to 1000 to 100 VU 1-156
2026-08-16 15:38:31,912 INFO o.a.j.t.JMeterThread: Thread finished: Spike Profile - 100 to 1000 to 100 VU 1-333
2026-08-16 15:38:31,914 INFO o.a.j.t.JMeterThread: Thread finished: Spike Profile - 100 to 1000 to 100 VU 1-170
2026-08-16 15:38:31,915 INFO o.a.j.t.JMeterThread: Thread finished: Spike Profile - 100 to 1000 to 100 VU 1-317
2026-08-16 15:38:31,920 INFO o.a.j.t.JMeterThread: Thread finished: Spike Profile - 100 to 1000 to 100 VU 1-243
2026-08-16 15:38:31,940 INFO o.a.j.t.JMeterThread: Thread finished: Spike Profile - 100 to 1000 to 100 VU 1-257
2026-08-16 15:38:31,945 INFO o.a.j.t.JMeterThread: Thread finished: Spike Profile - 100 to 1000 to 100 VU 1-166
2026-08-16 15:38:31,948 INFO o.a.j.t.JMeterThread: Thread finished: Spike Profile - 100 to 1000 to 100 VU 1-183
2026-08-16 15:38:31,949 INFO o.a.j.t.JMeterThread: Thread finished: Spike Profile - 100 to 1000 to 100 VU 1-215
2026-08-16 15:38:31,955 INFO o.a.j.t.JMeterThread: Thread finished: Spike Profile - 100 to 1000 to 100 VU 1-164
2026-08-16 15:38:31,967 INFO o.a.j.t.JMeterThread: Thread finished: Spike Profile - 100 to 1000 to 100 VU 1-252
2026-08-16 15:38:31,975 INFO o.a.j.t.JMeterThread: Thread finished: Spike Profile - 100 to 1000 to 100 VU 1-187
2026-08-16 15:38:31,978 INFO o.a.j.t.JMeterThread: Thread finished: Spike Profile - 100 to 1000 to 100 VU 1-277
2026-08-16 15:38:32,008 INFO o.a.j.t.JMeterThread: Thread finished: Spike Profile - 100 to 1000 to 100 VU 1-268
2026-08-16 15:38:32,008 INFO o.a.j.t.JMeterThread: Thread finished: Spike Profile - 100 to 1000 to 100 VU 1-273
2026-08-16 15:38:32,015 INFO o.a.j.t.JMeterThread: Thread finished: Spike Profile - 100 to 1000 to 100 VU 1-318
2026-08-16 15:38:32,033 INFO o.a.j.t.JMeterThread: Thread finished: Spike Profile - 100 to 1000 to 100 VU 1-292
2026-08-16 15:38:32,045 INFO o.a.j.t.JMeterThread: Thread finished: Spike Profile - 100 to 1000 to 100 VU 1-224
2026-08-16 15:38:32,077 INFO o.a.j.t.JMeterThread: Thread finished: Spike Profile - 100 to 1000 to 100 VU 1-262
2026-08-16 15:38:32,089 INFO o.a.j.t.JMeterThread: Thread finished: Spike Profile - 100 to 1000 to 100 VU 1-290
2026-08-16 15:38:32,134 INFO o.a.j.t.JMeterThread: Thread finished: Spike Profile - 100 to 1000 to 100 VU 1-264
2026-08-16 15:38:32,146 INFO o.a.j.t.JMeterThread: Thread finished: Spike Profile - 100 to 1000 to 100 VU 1-148
2026-08-16 15:38:32,149 INFO o.a.j.t.JMeterThread: Thread finished: Spike Profile - 100 to 1000 to 100 VU 1-301
2026-08-16 15:38:32,154 INFO o.a.j.t.JMeterThread: Thread finished: Spike Profile - 100 to 1000 to 100 VU 1-207
2026-08-16 15:38:32,165 INFO o.a.j.t.JMeterThread: Thread finished: Spike Profile - 100 to 1000 to 100 VU 1-295
2026-08-16 15:38:32,239 INFO o.a.j.t.JMeterThread: Thread finished: Spike Profile - 100 to 1000 to 100 VU 1-310
2026-08-16 15:38:32,252 INFO o.a.j.t.JMeterThread: Thread finished: Spike Profile - 100 to 1000 to 100 VU 1-303
2026-08-16 15:38:32,254 INFO o.a.j.t.JMeterThread: Thread finished: Spike Profile - 100 to 1000 to 100 VU 1-201
2026-08-16 15:38:32,263 INFO o.a.j.t.JMeterThread: Thread finished: Spike Profile - 100 to 1000 to 100 VU 1-150
2026-08-16 15:38:32,296 INFO o.a.j.t.JMeterThread: Thread finished: Spike Profile - 100 to 1000 to 100 VU 1-305
2026-08-16 15:38:32,357 INFO o.a.j.t.JMeterThread: Thread finished: Spike Profile - 100 to 1000 to 100 VU 1-133
2026-08-16 15:38:32,389 INFO o.a.j.t.JMeterThread: Thread finished: Spike Profile - 100 to 1000 to 100 VU 1-223
2026-08-16 15:38:32,399 INFO o.a.j.t.JMeterThread: Thread finished: Spike Profile - 100 to 1000 to 100 VU 1-118
2026-08-16 15:38:32,403 INFO o.a.j.t.JMeterThread: Thread finished: Spike Profile - 100 to 1000 to 100 VU 1-296
2026-08-16 15:38:32,410 INFO o.a.j.t.JMeterThread: Thread finished: Spike Profile - 100 to 1000 to 100 VU 1-138
2026-08-16 15:38:32,412 INFO o.a.j.t.JMeterThread: Thread finished: Spike Profile - 100 to 1000 to 100 VU 1-289
2026-08-16 15:38:32,418 INFO o.a.j.t.JMeterThread: Thread finished: Spike Profile - 100 to 1000 to 100 VU 1-103
2026-08-16 15:38:32,418 INFO o.a.j.t.JMeterThread: Thread finished: Spike Profile - 100 to 1000 to 100 VU 1-115
2026-08-16 15:38:32,420 INFO o.a.j.t.JMeterThread: Thread finished: Spike Profile - 100 to 1000 to 100 VU 1-259
2026-08-16 15:38:32,431 INFO o.a.j.t.JMeterThread: Thread finished: Spike Profile - 100 to 1000 to 100 VU 1-253
2026-08-16 15:38:32,446 INFO o.a.j.t.JMeterThread: Thread finished: Spike Profile - 100 to 1000 to 100 VU 1-261
2026-08-16 15:38:32,453 INFO o.a.j.t.JMeterThread: Thread finished: Spike Profile - 100 to 1000 to 100 VU 1-251
2026-08-16 15:38:32,468 INFO o.a.j.t.JMeterThread: Thread finished: Spike Profile - 100 to 1000 to 100 VU 1-189
2026-08-16 15:38:32,480 INFO o.a.j.t.JMeterThread: Thread finished: Spike Profile - 100 to 1000 to 100 VU 1-155
2026-08-16 15:38:32,491 INFO o.a.j.t.JMeterThread: Thread finished: Spike Profile - 100 to 1000 to 100 VU 1-242
2026-08-16 15:38:32,491 INFO o.a.j.t.JMeterThread: Thread finished: Spike Profile - 100 to 1000 to 100 VU 1-244
2026-08-16 15:38:32,509 INFO o.a.j.t.JMeterThread: Thread finished: Spike Profile - 100 to 1000 to 100 VU 1-228
2026-08-16 15:38:32,510 INFO o.a.j.t.JMeterThread: Thread finished: Spike Profile - 100 to 1000 to 100 VU 1-105
2026-08-16 15:38:32,523 INFO o.a.j.t.JMeterThread: Thread finished: Spike Profile - 100 to 1000 to 100 VU 1-255
2026-08-16 15:38:32,536 INFO o.a.j.t.JMeterThread: Thread finished: Spike Profile - 100 to 1000 to 100 VU 1-160
2026-08-16 15:38:32,536 INFO o.a.j.t.JMeterThread: Thread finished: Spike Profile - 100 to 1000 to 100 VU 1-108
2026-08-16 15:38:32,542 INFO o.a.j.t.JMeterThread: Thread finished: Spike Profile - 100 to 1000 to 100 VU 1-173
2026-08-16 15:38:32,561 INFO o.a.j.t.JMeterThread: Thread finished: Spike Profile - 100 to 1000 to 100 VU 1-137
2026-08-16 15:38:32,567 INFO o.a.j.t.JMeterThread: Thread finished: Spike Profile - 100 to 1000 to 100 VU 1-163
2026-08-16 15:38:32,588 INFO o.a.j.t.JMeterThread: Thread finished: Spike Profile - 100 to 1000 to 100 VU 1-263
2026-08-16 15:38:32,599 INFO o.a.j.t.JMeterThread: Thread finished: Spike Profile - 100 to 1000 to 100 VU 1-174
2026-08-16 15:38:32,602 INFO o.a.j.t.JMeterThread: Thread finished: Spike Profile - 100 to 1000 to 100 VU 1-151
2026-08-16 15:38:32,622 INFO o.a.j.t.JMeterThread: Thread finished: Spike Profile - 100 to 1000 to 100 VU 1-158
2026-08-16 15:38:32,623 INFO o.a.j.t.JMeterThread: Thread finished: Spike Profile - 100 to 1000 to 100 VU 1-191
2026-08-16 15:38:32,640 INFO o.a.j.t.JMeterThread: Thread finished: Spike Profile - 100 to 1000 to 100 VU 1-250
2026-08-16 15:38:32,650 INFO o.a.j.t.JMeterThread: Thread finished: Spike Profile - 100 to 1000 to 100 VU 1-241
2026-08-16 15:38:32,657 INFO o.a.j.t.JMeterThread: Thread finished: Spike Profile - 100 to 1000 to 100 VU 1-196
2026-08-16 15:38:32,659 INFO o.a.j.t.JMeterThread: Thread finished: Spike Profile - 100 to 1000 to 100 VU 1-214
2026-08-16 15:38:32,667 INFO o.a.j.t.JMeterThread: Thread finished: Spike Profile - 100 to 1000 to 100 VU 1-175
2026-08-16 15:38:32,667 INFO o.a.j.t.JMeterThread: Thread finished: Spike Profile - 100 to 1000 to 100 VU 1-217
2026-08-16 15:38:32,671 INFO o.a.j.t.JMeterThread: Thread finished: Spike Profile - 100 to 1000 to 100 VU 1-267
2026-08-16 15:38:32,683 INFO o.a.j.t.JMeterThread: Thread finished: Spike Profile - 100 to 1000 to 100 VU 1-131
2026-08-16 15:38:32,705 INFO o.a.j.t.JMeterThread: Thread finished: Spike Profile - 100 to 1000 to 100 VU 1-230
2026-08-16 15:38:32,717 INFO o.a.j.t.JMeterThread: Thread finished: Spike Profile - 100 to 1000 to 100 VU 1-260
2026-08-16 15:38:32,717 INFO o.a.j.t.JMeterThread: Thread finished: Spike Profile - 100 to 1000 to 100 VU 1-180
2026-08-16 15:38:32,737 INFO o.a.j.t.JMeterThread: Thread finished: Spike Profile - 100 to 1000 to 100 VU 1-239
2026-08-16 15:38:32,760 INFO o.a.j.t.JMeterThread: Thread finished: Spike Profile - 100 to 1000 to 100 VU 1-247
2026-08-16 15:38:32,760 INFO o.a.j.t.JMeterThread: Thread finished: Spike Profile - 100 to 1000 to 100 VU 1-157
2026-08-16 15:38:32,768 INFO o.a.j.t.JMeterThread: Thread finished: Spike Profile - 100 to 1000 to 100 VU 1-231
2026-08-16 15:38:32,778 INFO o.a.j.t.JMeterThread: Thread finished: Spike Profile - 100 to 1000 to 100 VU 1-234
2026-08-16 15:38:32,794 INFO o.a.j.t.JMeterThread: Thread finished: Spike Profile - 100 to 1000 to 100 VU 1-161
2026-08-16 15:38:32,809 INFO o.a.j.t.JMeterThread: Thread finished: Spike Profile - 100 to 1000 to 100 VU 1-136
2026-08-16 15:38:32,815 INFO o.a.j.t.JMeterThread: Thread finished: Spike Profile - 100 to 1000 to 100 VU 1-238
2026-08-16 15:38:32,823 INFO o.a.j.t.JMeterThread: Thread finished: Spike Profile - 100 to 1000 to 100 VU 1-182
2026-08-16 15:38:32,825 INFO o.a.j.t.JMeterThread: Thread finished: Spike Profile - 100 to 1000 to 100 VU 1-128
2026-08-16 15:38:32,828 INFO o.a.j.t.JMeterThread: Thread finished: Spike Profile - 100 to 1000 to 100 VU 1-154
2026-08-16 15:38:32,836 INFO o.a.j.t.JMeterThread: Thread finished: Spike Profile - 100 to 1000 to 100 VU 1-165
2026-08-16 15:38:32,838 INFO o.a.j.t.JMeterThread: Thread finished: Spike Profile - 100 to 1000 to 100 VU 1-240
2026-08-16 15:38:32,842 INFO o.a.j.t.JMeterThread: Thread finished: Spike Profile - 100 to 1000 to 100 VU 1-218
2026-08-16 15:38:32,842 INFO o.a.j.t.JMeterThread: Thread finished: Spike Profile - 100 to 1000 to 100 VU 1-237
2026-08-16 15:38:32,850 INFO o.a.j.t.JMeterThread: Thread finished: Spike Profile - 100 to 1000 to 100 VU 1-195
2026-08-16 15:38:32,890 INFO o.a.j.t.JMeterThread: Thread finished: Spike Profile - 100 to 1000 to 100 VU 1-249
2026-08-16 15:38:32,900 INFO o.a.j.t.JMeterThread: Thread finished: Spike Profile - 100 to 1000 to 100 VU 1-208
2026-08-16 15:38:32,922 INFO o.a.j.t.JMeterThread: Thread finished: Spike Profile - 100 to 1000 to 100 VU 1-127
2026-08-16 15:38:32,924 INFO o.a.j.t.JMeterThread: Thread finished: Spike Profile - 100 to 1000 to 100 VU 1-209
2026-08-16 15:38:32,955 INFO o.a.j.t.JMeterThread: Thread finished: Spike Profile - 100 to 1000 to 100 VU 1-211
2026-08-16 15:38:32,967 INFO o.a.j.t.JMeterThread: Thread finished: Spike Profile - 100 to 1000 to 100 VU 1-225
2026-08-16 15:38:32,987 INFO o.a.j.t.JMeterThread: Thread finished: Spike Profile - 100 to 1000 to 100 VU 1-232
2026-08-16 15:38:33,021 INFO o.a.j.t.JMeterThread: Thread finished: Spike Profile - 100 to 1000 to 100 VU 1-203
2026-08-16 15:38:33,023 INFO o.a.j.t.JMeterThread: Thread finished: Spike Profile - 100 to 1000 to 100 VU 1-121
2026-08-16 15:38:33,040 INFO o.a.j.t.JMeterThread: Thread finished: Spike Profile - 100 to 1000 to 100 VU 1-153
2026-08-16 15:38:33,048 INFO o.a.j.t.JMeterThread: Thread finished: Spike Profile - 100 to 1000 to 100 VU 1-194
2026-08-16 15:38:33,056 INFO o.a.j.t.JMeterThread: Thread finished: Spike Profile - 100 to 1000 to 100 VU 1-122
2026-08-16 15:38:33,065 INFO o.a.j.t.JMeterThread: Thread finished: Spike Profile - 100 to 1000 to 100 VU 1-111
2026-08-16 15:38:33,068 INFO o.a.j.t.JMeterThread: Thread finished: Spike Profile - 100 to 1000 to 100 VU 1-114
2026-08-16 15:38:33,082 INFO o.a.j.t.JMeterThread: Thread finished: Spike Profile - 100 to 1000 to 100 VU 1-167
2026-08-16 15:38:33,116 INFO o.a.j.t.JMeterThread: Thread finished: Spike Profile - 100 to 1000 to 100 VU 1-197
2026-08-16 15:38:33,130 INFO o.a.j.t.JMeterThread: Thread finished: Spike Profile - 100 to 1000 to 100 VU 1-184
2026-08-16 15:38:33,155 INFO o.a.j.t.JMeterThread: Thread finished: Spike Profile - 100 to 1000 to 100 VU 1-104
2026-08-16 15:38:33,209 INFO o.a.j.t.JMeterThread: Thread finished: Spike Profile - 100 to 1000 to 100 VU 1-141
2026-08-16 15:38:33,211 INFO o.a.j.t.JMeterThread: Thread finished: Spike Profile - 100 to 1000 to 100 VU 1-216
2026-08-16 15:38:33,217 INFO o.a.j.t.JMeterThread: Thread finished: Spike Profile - 100 to 1000 to 100 VU 1-169
2026-08-16 15:38:33,234 INFO o.a.j.t.JMeterThread: Thread finished: Spike Profile - 100 to 1000 to 100 VU 1-146
2026-08-16 15:38:33,250 INFO o.a.j.t.JMeterThread: Thread finished: Spike Profile - 100 to 1000 to 100 VU 1-142
2026-08-16 15:38:33,259 INFO o.a.j.t.JMeterThread: Thread finished: Spike Profile - 100 to 1000 to 100 VU 1-212
2026-08-16 15:38:33,285 INFO o.a.j.t.JMeterThread: Thread finished: Spike Profile - 100 to 1000 to 100 VU 1-147
2026-08-16 15:38:33,330 INFO o.a.j.t.JMeterThread: Thread finished: Spike Profile - 100 to 1000 to 100 VU 1-193
2026-08-16 15:38:33,345 INFO o.a.j.t.JMeterThread: Thread finished: Spike Profile - 100 to 1000 to 100 VU 1-124
2026-08-16 15:38:33,355 INFO o.a.j.t.JMeterThread: Thread finished: Spike Profile - 100 to 1000 to 100 VU 1-202
2026-08-16 15:38:33,400 INFO o.a.j.t.JMeterThread: Thread finished: Spike Profile - 100 to 1000 to 100 VU 1-204
2026-08-16 15:38:33,421 INFO o.a.j.t.JMeterThread: Thread finished: Spike Profile - 100 to 1000 to 100 VU 1-125
2026-08-16 15:38:33,424 INFO o.a.j.t.JMeterThread: Thread finished: Spike Profile - 100 to 1000 to 100 VU 1-130
2026-08-16 15:38:33,436 INFO o.a.j.t.JMeterThread: Thread finished: Spike Profile - 100 to 1000 to 100 VU 1-107
2026-08-16 15:38:33,472 INFO o.a.j.t.JMeterThread: Thread finished: Spike Profile - 100 to 1000 to 100 VU 1-178
2026-08-16 15:38:33,498 INFO o.a.j.t.JMeterThread: Thread finished: Spike Profile - 100 to 1000 to 100 VU 1-162
2026-08-16 15:38:33,515 INFO o.a.j.t.JMeterThread: Thread finished: Spike Profile - 100 to 1000 to 100 VU 1-123
2026-08-16 15:38:33,520 INFO o.a.j.t.JMeterThread: Thread finished: Spike Profile - 100 to 1000 to 100 VU 1-106
2026-08-16 15:38:33,551 INFO o.a.j.t.JMeterThread: Thread finished: Spike Profile - 100 to 1000 to 100 VU 1-120
2026-08-16 15:38:33,666 INFO o.a.j.t.JMeterThread: Thread finished: Spike Profile - 100 to 1000 to 100 VU 1-168
2026-08-16 15:38:33,673 INFO o.a.j.t.JMeterThread: Thread finished: Spike Profile - 100 to 1000 to 100 VU 1-176
2026-08-16 15:38:33,696 INFO o.a.j.t.JMeterThread: Thread finished: Spike Profile - 100 to 1000 to 100 VU 1-152
2026-08-16 15:38:33,707 INFO o.a.j.t.JMeterThread: Thread finished: Spike Profile - 100 to 1000 to 100 VU 1-134
2026-08-16 15:38:33,748 INFO o.a.j.t.JMeterThread: Thread finished: Spike Profile - 100 to 1000 to 100 VU 1-132
2026-08-16 15:38:33,750 INFO o.a.j.t.JMeterThread: Thread finished: Spike Profile - 100 to 1000 to 100 VU 1-159
2026-08-16 15:38:33,793 INFO o.a.j.t.JMeterThread: Thread finished: Spike Profile - 100 to 1000 to 100 VU 1-171
2026-08-16 15:38:33,798 INFO o.a.j.t.JMeterThread: Thread finished: Spike Profile - 100 to 1000 to 100 VU 1-110
2026-08-16 15:38:33,803 INFO o.a.j.t.JMeterThread: Thread finished: Spike Profile - 100 to 1000 to 100 VU 1-143
2026-08-16 15:38:33,824 INFO o.a.j.t.JMeterThread: Thread finished: Spike Profile - 100 to 1000 to 100 VU 1-135
2026-08-16 15:38:33,840 INFO o.a.j.t.JMeterThread: Thread finished: Spike Profile - 100 to 1000 to 100 VU 1-139
2026-08-16 15:38:34,043 INFO o.a.j.t.JMeterThread: Thread finished: Spike Profile - 100 to 1000 to 100 VU 1-145
2026-08-16 15:38:34,084 INFO o.a.j.t.JMeterThread: Thread finished: Spike Profile - 100 to 1000 to 100 VU 1-144
2026-08-16 15:38:34,234 INFO o.a.j.t.JMeterThread: Thread finished: Spike Profile - 100 to 1000 to 100 VU 1-117
2026-08-16 15:38:34,243 INFO o.a.j.t.JMeterThread: Thread finished: Spike Profile - 100 to 1000 to 100 VU 1-102
2026-08-16 15:38:34,266 INFO o.a.j.t.JMeterThread: Thread finished: Spike Profile - 100 to 1000 to 100 VU 1-119
2026-08-16 15:38:34,283 INFO o.a.j.t.JMeterThread: Thread finished: Spike Profile - 100 to 1000 to 100 VU 1-116
2026-08-16 15:38:34,309 INFO o.a.j.t.JMeterThread: Thread finished: Spike Profile - 100 to 1000 to 100 VU 1-112
2026-08-16 15:38:34,332 INFO o.a.j.t.JMeterThread: Thread finished: Spike Profile - 100 to 1000 to 100 VU 1-109
2026-08-16 15:38:34,369 INFO o.a.j.t.JMeterThread: Thread finished: Spike Profile - 100 to 1000 to 100 VU 1-113
2026-08-16 15:40:32,755 INFO o.a.j.r.Summariser: summary +    320 in 00:02:03 =    2.6/s Avg:  4124 Min:     1 Max: 11525 Err:     0 (0.00%) Active: 100 Started: 1000 Finished: 900
2026-08-16 15:40:32,756 INFO o.a.j.r.Summariser: summary =    901 in 00:04:48 =    3.1/s Avg:  4272 Min:     1 Max: 11525 Err:     0 (0.00%)
2026-08-16 15:40:32,756 INFO o.a.j.t.JMeterThread: Thread finished: Spike Profile - 100 to 1000 to 100 VU 1-100
2026-08-16 15:40:33,045 INFO o.a.j.t.JMeterThread: Thread finished: Spike Profile - 100 to 1000 to 100 VU 1-89
2026-08-16 15:40:33,280 INFO o.a.j.t.JMeterThread: Thread finished: Spike Profile - 100 to 1000 to 100 VU 1-97
2026-08-16 15:40:33,625 INFO o.a.j.t.JMeterThread: Thread finished: Spike Profile - 100 to 1000 to 100 VU 1-92
2026-08-16 15:40:33,767 INFO o.a.j.t.JMeterThread: Thread finished: Spike Profile - 100 to 1000 to 100 VU 1-95
2026-08-16 15:40:33,928 INFO o.a.j.t.JMeterThread: Thread finished: Spike Profile - 100 to 1000 to 100 VU 1-99
2026-08-16 15:40:34,069 INFO o.a.j.t.JMeterThread: Thread finished: Spike Profile - 100 to 1000 to 100 VU 1-83
2026-08-16 15:40:34,132 INFO o.a.j.t.JMeterThread: Thread finished: Spike Profile - 100 to 1000 to 100 VU 1-80
2026-08-16 15:40:34,152 INFO o.a.j.t.JMeterThread: Thread finished: Spike Profile - 100 to 1000 to 100 VU 1-94
2026-08-16 15:40:34,237 INFO o.a.j.t.JMeterThread: Thread finished: Spike Profile - 100 to 1000 to 100 VU 1-86
2026-08-16 15:40:34,306 INFO o.a.j.t.JMeterThread: Thread finished: Spike Profile - 100 to 1000 to 100 VU 1-98
2026-08-16 15:40:34,311 INFO o.a.j.t.JMeterThread: Thread finished: Spike Profile - 100 to 1000 to 100 VU 1-93
2026-08-16 15:40:34,497 INFO o.a.j.t.JMeterThread: Thread finished: Spike Profile - 100 to 1000 to 100 VU 1-88
2026-08-16 15:40:34,514 INFO o.a.j.t.JMeterThread: Thread finished: Spike Profile - 100 to 1000 to 100 VU 1-91
2026-08-16 15:40:34,848 INFO o.a.j.t.JMeterThread: Thread finished: Spike Profile - 100 to 1000 to 100 VU 1-79
2026-08-16 15:40:34,920 INFO o.a.j.t.JMeterThread: Thread finished: Spike Profile - 100 to 1000 to 100 VU 1-96
2026-08-16 15:40:35,091 INFO o.a.j.t.JMeterThread: Thread finished: Spike Profile - 100 to 1000 to 100 VU 1-85
2026-08-16 15:40:35,175 INFO o.a.j.t.JMeterThread: Thread finished: Spike Profile - 100 to 1000 to 100 VU 1-82
2026-08-16 15:40:35,246 INFO o.a.j.t.JMeterThread: Thread finished: Spike Profile - 100 to 1000 to 100 VU 1-90
2026-08-16 15:40:35,321 INFO o.a.j.t.JMeterThread: Thread finished: Spike Profile - 100 to 1000 to 100 VU 1-87
2026-08-16 15:40:35,406 INFO o.a.j.t.JMeterThread: Thread finished: Spike Profile - 100 to 1000 to 100 VU 1-72
2026-08-16 15:40:35,750 INFO o.a.j.t.JMeterThread: Thread finished: Spike Profile - 100 to 1000 to 100 VU 1-84
2026-08-16 15:40:36,044 INFO o.a.j.t.JMeterThread: Thread finished: Spike Profile - 100 to 1000 to 100 VU 1-62
2026-08-16 15:40:36,045 INFO o.a.j.t.JMeterThread: Thread finished: Spike Profile - 100 to 1000 to 100 VU 1-78
2026-08-16 15:40:36,250 INFO o.a.j.t.JMeterThread: Thread finished: Spike Profile - 100 to 1000 to 100 VU 1-68
2026-08-16 15:40:36,262 INFO o.a.j.t.JMeterThread: Thread finished: Spike Profile - 100 to 1000 to 100 VU 1-67
2026-08-16 15:40:36,315 INFO o.a.j.t.JMeterThread: Thread finished: Spike Profile - 100 to 1000 to 100 VU 1-75
2026-08-16 15:40:36,412 INFO o.a.j.t.JMeterThread: Thread finished: Spike Profile - 100 to 1000 to 100 VU 1-70
2026-08-16 15:40:36,438 INFO o.a.j.t.JMeterThread: Thread finished: Spike Profile - 100 to 1000 to 100 VU 1-81
2026-08-16 15:40:36,533 INFO o.a.j.t.JMeterThread: Thread finished: Spike Profile - 100 to 1000 to 100 VU 1-60
2026-08-16 15:40:36,608 INFO o.a.j.t.JMeterThread: Thread finished: Spike Profile - 100 to 1000 to 100 VU 1-77
2026-08-16 15:40:36,623 INFO o.a.j.t.JMeterThread: Thread finished: Spike Profile - 100 to 1000 to 100 VU 1-61
2026-08-16 15:40:36,728 INFO o.a.j.t.JMeterThread: Thread finished: Spike Profile - 100 to 1000 to 100 VU 1-76
2026-08-16 15:40:36,803 INFO o.a.j.t.JMeterThread: Thread finished: Spike Profile - 100 to 1000 to 100 VU 1-73
2026-08-16 15:40:37,084 INFO o.a.j.t.JMeterThread: Thread finished: Spike Profile - 100 to 1000 to 100 VU 1-71
2026-08-16 15:40:37,243 INFO o.a.j.t.JMeterThread: Thread finished: Spike Profile - 100 to 1000 to 100 VU 1-74
2026-08-16 15:40:37,244 INFO o.a.j.t.JMeterThread: Thread finished: Spike Profile - 100 to 1000 to 100 VU 1-57
2026-08-16 15:40:37,368 INFO o.a.j.t.JMeterThread: Thread finished: Spike Profile - 100 to 1000 to 100 VU 1-51
2026-08-16 15:40:37,408 INFO o.a.j.t.JMeterThread: Thread finished: Spike Profile - 100 to 1000 to 100 VU 1-69
2026-08-16 15:40:37,641 INFO o.a.j.t.JMeterThread: Thread finished: Spike Profile - 100 to 1000 to 100 VU 1-64
2026-08-16 15:40:37,735 INFO o.a.j.t.JMeterThread: Thread finished: Spike Profile - 100 to 1000 to 100 VU 1-65
2026-08-16 15:40:37,809 INFO o.a.j.t.JMeterThread: Thread finished: Spike Profile - 100 to 1000 to 100 VU 1-63
2026-08-16 15:40:37,943 INFO o.a.j.t.JMeterThread: Thread finished: Spike Profile - 100 to 1000 to 100 VU 1-66
2026-08-16 15:40:37,990 INFO o.a.j.t.JMeterThread: Thread finished: Spike Profile - 100 to 1000 to 100 VU 1-45
2026-08-16 15:40:38,036 INFO o.a.j.t.JMeterThread: Thread finished: Spike Profile - 100 to 1000 to 100 VU 1-56
2026-08-16 15:40:38,056 INFO o.a.j.t.JMeterThread: Thread finished: Spike Profile - 100 to 1000 to 100 VU 1-59
2026-08-16 15:40:38,119 INFO o.a.j.t.JMeterThread: Thread finished: Spike Profile - 100 to 1000 to 100 VU 1-52
2026-08-16 15:40:38,131 INFO o.a.j.t.JMeterThread: Thread finished: Spike Profile - 100 to 1000 to 100 VU 1-48
2026-08-16 15:40:38,482 INFO o.a.j.t.JMeterThread: Thread finished: Spike Profile - 100 to 1000 to 100 VU 1-58
2026-08-16 15:40:38,493 INFO o.a.j.t.JMeterThread: Thread finished: Spike Profile - 100 to 1000 to 100 VU 1-39
2026-08-16 15:40:38,519 INFO o.a.j.t.JMeterThread: Thread finished: Spike Profile - 100 to 1000 to 100 VU 1-34
2026-08-16 15:40:38,642 INFO o.a.j.t.JMeterThread: Thread finished: Spike Profile - 100 to 1000 to 100 VU 1-41
2026-08-16 15:40:38,655 INFO o.a.j.t.JMeterThread: Thread finished: Spike Profile - 100 to 1000 to 100 VU 1-50
2026-08-16 15:40:38,728 INFO o.a.j.t.JMeterThread: Thread finished: Spike Profile - 100 to 1000 to 100 VU 1-40
2026-08-16 15:40:38,779 INFO o.a.j.t.JMeterThread: Thread finished: Spike Profile - 100 to 1000 to 100 VU 1-54
2026-08-16 15:40:38,835 INFO o.a.j.t.JMeterThread: Thread finished: Spike Profile - 100 to 1000 to 100 VU 1-55
2026-08-16 15:40:38,925 INFO o.a.j.t.JMeterThread: Thread finished: Spike Profile - 100 to 1000 to 100 VU 1-37
2026-08-16 15:40:38,998 INFO o.a.j.t.JMeterThread: Thread finished: Spike Profile - 100 to 1000 to 100 VU 1-49
2026-08-16 15:40:39,080 INFO o.a.j.t.JMeterThread: Thread finished: Spike Profile - 100 to 1000 to 100 VU 1-53
2026-08-16 15:40:39,128 INFO o.a.j.t.JMeterThread: Thread finished: Spike Profile - 100 to 1000 to 100 VU 1-42
2026-08-16 15:40:39,468 INFO o.a.j.t.JMeterThread: Thread finished: Spike Profile - 100 to 1000 to 100 VU 1-43
2026-08-16 15:40:39,635 INFO o.a.j.t.JMeterThread: Thread finished: Spike Profile - 100 to 1000 to 100 VU 1-46
2026-08-16 15:40:39,663 INFO o.a.j.t.JMeterThread: Thread finished: Spike Profile - 100 to 1000 to 100 VU 1-47
2026-08-16 15:40:39,853 INFO o.a.j.t.JMeterThread: Thread finished: Spike Profile - 100 to 1000 to 100 VU 1-32
2026-08-16 15:40:39,959 INFO o.a.j.t.JMeterThread: Thread finished: Spike Profile - 100 to 1000 to 100 VU 1-22
2026-08-16 15:40:39,990 INFO o.a.j.t.JMeterThread: Thread finished: Spike Profile - 100 to 1000 to 100 VU 1-35
2026-08-16 15:40:40,261 INFO o.a.j.t.JMeterThread: Thread finished: Spike Profile - 100 to 1000 to 100 VU 1-44
2026-08-16 15:40:40,403 INFO o.a.j.t.JMeterThread: Thread finished: Spike Profile - 100 to 1000 to 100 VU 1-31
2026-08-16 15:40:40,512 INFO o.a.j.t.JMeterThread: Thread finished: Spike Profile - 100 to 1000 to 100 VU 1-24
2026-08-16 15:40:40,540 INFO o.a.j.t.JMeterThread: Thread finished: Spike Profile - 100 to 1000 to 100 VU 1-29
2026-08-16 15:40:40,745 INFO o.a.j.t.JMeterThread: Thread finished: Spike Profile - 100 to 1000 to 100 VU 1-20
2026-08-16 15:40:40,829 INFO o.a.j.t.JMeterThread: Thread finished: Spike Profile - 100 to 1000 to 100 VU 1-38
2026-08-16 15:40:40,840 INFO o.a.j.t.JMeterThread: Thread finished: Spike Profile - 100 to 1000 to 100 VU 1-33
2026-08-16 15:40:40,874 INFO o.a.j.t.JMeterThread: Thread finished: Spike Profile - 100 to 1000 to 100 VU 1-25
2026-08-16 15:40:41,024 INFO o.a.j.t.JMeterThread: Thread finished: Spike Profile - 100 to 1000 to 100 VU 1-36
2026-08-16 15:40:41,115 INFO o.a.j.t.JMeterThread: Thread finished: Spike Profile - 100 to 1000 to 100 VU 1-26
2026-08-16 15:40:41,192 INFO o.a.j.t.JMeterThread: Thread finished: Spike Profile - 100 to 1000 to 100 VU 1-13
2026-08-16 15:40:41,209 INFO o.a.j.t.JMeterThread: Thread finished: Spike Profile - 100 to 1000 to 100 VU 1-30
2026-08-16 15:40:41,339 INFO o.a.j.t.JMeterThread: Thread finished: Spike Profile - 100 to 1000 to 100 VU 1-18
2026-08-16 15:40:41,350 INFO o.a.j.t.JMeterThread: Thread finished: Spike Profile - 100 to 1000 to 100 VU 1-14
2026-08-16 15:40:41,428 INFO o.a.j.t.JMeterThread: Thread finished: Spike Profile - 100 to 1000 to 100 VU 1-7
2026-08-16 15:40:41,476 INFO o.a.j.t.JMeterThread: Thread finished: Spike Profile - 100 to 1000 to 100 VU 1-16
2026-08-16 15:40:41,495 INFO o.a.j.t.JMeterThread: Thread finished: Spike Profile - 100 to 1000 to 100 VU 1-11
2026-08-16 15:40:41,600 INFO o.a.j.t.JMeterThread: Thread finished: Spike Profile - 100 to 1000 to 100 VU 1-27
2026-08-16 15:40:41,722 INFO o.a.j.t.JMeterThread: Thread finished: Spike Profile - 100 to 1000 to 100 VU 1-28
2026-08-16 15:40:42,232 INFO o.a.j.t.JMeterThread: Thread finished: Spike Profile - 100 to 1000 to 100 VU 1-5
2026-08-16 15:40:42,324 INFO o.a.j.t.JMeterThread: Thread finished: Spike Profile - 100 to 1000 to 100 VU 1-12
2026-08-16 15:40:42,349 INFO o.a.j.t.JMeterThread: Thread finished: Spike Profile - 100 to 1000 to 100 VU 1-15
2026-08-16 15:40:42,366 INFO o.a.j.t.JMeterThread: Thread finished: Spike Profile - 100 to 1000 to 100 VU 1-23
2026-08-16 15:40:42,486 INFO o.a.j.t.JMeterThread: Thread finished: Spike Profile - 100 to 1000 to 100 VU 1-2
2026-08-16 15:40:42,520 INFO o.a.j.t.JMeterThread: Thread finished: Spike Profile - 100 to 1000 to 100 VU 1-21
2026-08-16 15:40:42,555 INFO o.a.j.t.JMeterThread: Thread finished: Spike Profile - 100 to 1000 to 100 VU 1-19
2026-08-16 15:40:42,636 INFO o.a.j.t.JMeterThread: Thread finished: Spike Profile - 100 to 1000 to 100 VU 1-10
2026-08-16 15:40:42,649 INFO o.a.j.t.JMeterThread: Thread finished: Spike Profile - 100 to 1000 to 100 VU 1-8
2026-08-16 15:40:42,717 INFO o.a.j.t.JMeterThread: Thread finished: Spike Profile - 100 to 1000 to 100 VU 1-6
2026-08-16 15:40:42,767 INFO o.a.j.t.JMeterThread: Thread finished: Spike Profile - 100 to 1000 to 100 VU 1-17
2026-08-16 15:40:43,101 INFO o.a.j.t.JMeterThread: Thread finished: Spike Profile - 100 to 1000 to 100 VU 1-9
2026-08-16 15:40:43,400 INFO o.a.j.t.JMeterThread: Thread finished: Spike Profile - 100 to 1000 to 100 VU 1-3
2026-08-16 15:40:43,713 INFO o.a.j.t.JMeterThread: Thread finished: Spike Profile - 100 to 1000 to 100 VU 1-4
2026-08-16 15:40:44,324 INFO o.a.j.t.JMeterThread: Thread finished: Spike Profile - 100 to 1000 to 100 VU 1-1
2026-08-16 15:40:44,324 INFO o.a.j.e.StandardJMeterEngine: Notifying test listeners of end of test
2026-08-16 15:40:44,327 INFO o.a.j.r.Summariser: summary +     99 in 00:00:12 =    8.6/s Avg:  3956 Min:     1 Max: 10401 Err:     0 (0.00%) Active: 0 Started: 1000 Finished: 1000
2026-08-16 15:40:44,327 INFO o.a.j.r.Summariser: summary =   1000 in 00:05:00 =    3.3/s Avg:  4241 Min:     1 Max: 11525 Err:     0 (0.00%)
2026-08-16 15:40:44,327 INFO o.a.j.JMeter: Generating Dashboard
2026-08-16 15:40:44,327 INFO o.a.j.r.d.ReportGenerator: Flushing result collector before report Generation
2026-08-16 15:40:44,366 INFO o.a.j.r.p.NormalizerSampleConsumer: Using format, 'ms', to parse timeStamp field
2026-08-16 15:40:45,476 INFO o.a.j.r.p.AbstractSampleConsumer: class org.apache.jmeter.report.processor.AggregateConsumer#stopProducing(): beginDate produced 0 samples
2026-08-16 15:40:45,476 INFO o.a.j.r.p.AbstractSampleConsumer: class org.apache.jmeter.report.processor.AggregateConsumer#stopProducing(): endDate produced 0 samples
2026-08-16 15:40:45,477 INFO o.a.j.r.p.AbstractSampleConsumer: class org.apache.jmeter.report.processor.ApdexSummaryConsumer#stopProducing(): apdexSummary produced 0 samples
2026-08-16 15:40:45,477 INFO o.a.j.r.p.AbstractSampleConsumer: class org.apache.jmeter.report.processor.RequestsSummaryConsumer#stopProducing(): requestsSummary produced 0 samples
2026-08-16 15:40:45,487 INFO o.a.j.r.p.AbstractSampleConsumer: class org.apache.jmeter.report.processor.StatisticsSummaryConsumer#stopProducing(): statisticsSummary produced 0 samples
2026-08-16 15:40:45,487 INFO o.a.j.r.p.AbstractSampleConsumer: class org.apache.jmeter.report.processor.Top5ErrorsBySamplerConsumer#stopProducing(): top5ErrorsBySampler produced 0 samples
2026-08-16 15:40:45,487 INFO o.a.j.r.p.AbstractSampleConsumer: class org.apache.jmeter.report.processor.ErrorsSummaryConsumer#stopProducing(): errorsSummary produced 0 samples
2026-08-16 15:40:45,487 INFO o.a.j.r.p.AbstractSampleConsumer: class org.apache.jmeter.report.processor.graph.impl.HitsPerSecondGraphConsumer#stopProducing(): hitsPerSecond produced 0 samples
2026-08-16 15:40:45,867 INFO o.a.j.r.p.AbstractSampleConsumer: class org.apache.jmeter.report.processor.graph.impl.LatencyVSRequestGraphConsumer#stopProducing(): latencyVsRequest produced 0 samples
2026-08-16 15:40:45,868 INFO o.a.j.r.p.AbstractSampleConsumer: class org.apache.jmeter.report.processor.graph.impl.SyntheticResponseTimeDistributionGraphConsumer#stopProducing(): syntheticResponseTimeDistribution produced 0 samples
2026-08-16 15:40:45,868 INFO o.a.j.r.p.AbstractSampleConsumer: class org.apache.jmeter.report.processor.graph.impl.BytesThroughputGraphConsumer#stopProducing(): bytesThroughputOverTime produced 0 samples
2026-08-16 15:40:45,868 INFO o.a.j.r.p.AbstractSampleConsumer: class org.apache.jmeter.report.processor.graph.impl.CodesPerSecondGraphConsumer#stopProducing(): codesPerSecond produced 0 samples
2026-08-16 15:40:46,218 INFO o.a.j.r.p.AbstractSampleConsumer: class org.apache.jmeter.report.processor.graph.impl.ResponseTimeVSRequestGraphConsumer#stopProducing(): responseTimeVsRequest produced 0 samples
2026-08-16 15:40:46,219 INFO o.a.j.r.p.AbstractSampleConsumer: class org.apache.jmeter.report.processor.FilterConsumer#stopProducing(): startIntervalControlerFilter produced 505505 samples
2026-08-16 15:40:46,219 INFO o.a.j.r.p.AbstractSampleConsumer: class org.apache.jmeter.report.processor.graph.impl.TotalTPSGraphConsumer#stopProducing(): totalTPS produced 0 samples
2026-08-16 15:40:46,219 INFO o.a.j.r.p.AbstractSampleConsumer: class org.apache.jmeter.report.processor.graph.impl.ActiveThreadsGraphConsumer#stopProducing(): activeThreadsOverTime produced 0 samples
2026-08-16 15:40:46,219 INFO o.a.j.r.p.AbstractSampleConsumer: class org.apache.jmeter.report.processor.graph.impl.TimeVSThreadGraphConsumer#stopProducing(): timeVsThreads produced 0 samples
2026-08-16 15:40:46,220 INFO o.a.j.r.p.AbstractSampleConsumer: class org.apache.jmeter.report.processor.graph.impl.ResponseTimeDistributionGraphConsumer#stopProducing(): responseTimeDistribution produced 0 samples
2026-08-16 15:40:46,220 INFO o.a.j.r.p.AbstractSampleConsumer: class org.apache.jmeter.report.processor.graph.impl.TransactionsPerSecondGraphConsumer#stopProducing(): transactionsPerSecond produced 0 samples
2026-08-16 15:40:46,220 INFO o.a.j.r.p.AbstractSampleConsumer: class org.apache.jmeter.report.processor.graph.impl.ResponseTimePercentilesGraphConsumer#stopProducing(): responseTimePercentiles produced 0 samples
2026-08-16 15:40:46,220 INFO o.a.j.r.p.AbstractSampleConsumer: class org.apache.jmeter.report.processor.graph.impl.ResponseTimePercentilesOverTimeGraphConsumer#stopProducing(): responseTimePercentilesOverTime produced 0 samples
2026-08-16 15:40:46,220 INFO o.a.j.r.p.AbstractSampleConsumer: class org.apache.jmeter.report.processor.graph.impl.ResponseTimeOverTimeGraphConsumer#stopProducing(): responseTimesOverTime produced 0 samples
2026-08-16 15:40:46,220 INFO o.a.j.r.p.AbstractSampleConsumer: class org.apache.jmeter.report.processor.graph.impl.ConnectTimeOverTimeGraphConsumer#stopProducing(): connectTimeOverTime produced 0 samples
2026-08-16 15:40:46,220 INFO o.a.j.r.p.AbstractSampleConsumer: class org.apache.jmeter.report.processor.graph.impl.LatencyOverTimeGraphConsumer#stopProducing(): latenciesOverTime produced 0 samples
2026-08-16 15:40:46,220 INFO o.a.j.r.p.AbstractSampleConsumer: class org.apache.jmeter.report.processor.FilterConsumer#stopProducing(): nameFilter produced 1253535 samples
2026-08-16 15:40:46,220 INFO o.a.j.r.p.AbstractSampleConsumer: class org.apache.jmeter.report.processor.FilterConsumer#stopProducing(): dateRangeFilter produced 250707 samples
2026-08-16 15:40:46,220 INFO o.a.j.r.p.AbstractSampleConsumer: class org.apache.jmeter.report.processor.NormalizerSampleConsumer#stopProducing(): normalizer produced 83569 samples
2026-08-16 15:40:46,220 INFO o.a.j.r.p.CsvFileSampleSource: produce(): 83569 samples produced in 1s 840 ms on channel 0
2026-08-16 15:40:46,220 INFO o.a.j.r.d.ReportGenerator: Exporting data using exporter:'json' of className:'org.apache.jmeter.report.dashboard.JsonExporter'
2026-08-16 15:40:46,268 INFO o.a.j.r.d.JsonExporter: Found data for consumer statisticsSummary in context
2026-08-16 15:40:46,268 INFO o.a.j.r.d.JsonExporter: Creating statistics for overall
2026-08-16 15:40:46,269 INFO o.a.j.r.d.JsonExporter: Creating statistics for other transactions
2026-08-16 15:40:46,269 INFO o.a.j.r.d.JsonExporter: Checking output folder
2026-08-16 15:40:46,269 INFO o.a.j.r.d.JsonExporter: Writing statistics JSON to D:\group05_eshop\HW\week09\TheDat\results\spike\23127340_Spike_20260816_153542_html\statistics.json
2026-08-16 15:40:46,285 INFO o.a.j.r.d.ReportGenerator: Exporting data using exporter:'html' of className:'org.apache.jmeter.report.dashboard.HtmlTemplateExporter'
2026-08-16 15:40:46,285 INFO o.a.j.r.d.HtmlTemplateExporter: Will generate dashboard in folder: D:\group05_eshop\HW\week09\TheDat\results\spike\23127340_Spike_20260816_153542_html
2026-08-16 15:40:46,417 INFO o.a.j.r.d.HtmlTemplateExporter: Report will be generated in: D:\group05_eshop\HW\week09\TheDat\results\spike\23127340_Spike_20260816_153542_html, creating folder structure
2026-08-16 15:40:46,425 INFO o.a.j.r.d.TemplateVisitor: Copying folder from 'C:\tools\apache-jmeter-5.6.3\bin\report-template' to 'D:\group05_eshop\HW\week09\TheDat\results\spike\23127340_Spike_20260816_153542_html', got message: D:\group05_eshop\HW\week09\TheDat\results\spike\23127340_Spike_20260816_153542_html, found non empty folder with following content [D:\group05_eshop\HW\week09\TheDat\results\spike\23127340_Spike_20260816_153542_html\statistics.json], will be ignored
2026-08-16 15:40:46,631 INFO o.a.j.JMeter: Dashboard generated
