2026-08-16 15:15:46,748 INFO o.a.j.u.JMeterUtils: Setting Locale to en_EN
2026-08-16 15:15:46,748 INFO o.a.j.JMeter: Loading user properties from: C:\tools\apache-jmeter-5.6.3\bin\user.properties
2026-08-16 15:15:46,763 INFO o.a.j.JMeter: Loading system properties from: C:\tools\apache-jmeter-5.6.3\bin\system.properties
2026-08-16 15:15:46,763 INFO o.a.j.JMeter: Copyright (c) 1998-2024 The Apache Software Foundation
2026-08-16 15:15:46,763 INFO o.a.j.JMeter: Version 5.6.3
2026-08-16 15:15:46,763 INFO o.a.j.JMeter: java.version=21.0.11
2026-08-16 15:15:46,763 INFO o.a.j.JMeter: java.vm.name=Java HotSpot(TM) 64-Bit Server VM
2026-08-16 15:15:46,763 INFO o.a.j.JMeter: os.name=Windows 11
2026-08-16 15:15:46,763 INFO o.a.j.JMeter: os.arch=amd64
2026-08-16 15:15:46,763 INFO o.a.j.JMeter: os.version=10.0
2026-08-16 15:15:46,763 INFO o.a.j.JMeter: file.encoding=UTF-8
2026-08-16 15:15:46,763 INFO o.a.j.JMeter: java.awt.headless=true
2026-08-16 15:15:46,763 INFO o.a.j.JMeter: Max memory     =1073741824
2026-08-16 15:15:46,763 INFO o.a.j.JMeter: Available Processors =16
2026-08-16 15:15:46,774 INFO o.a.j.JMeter: Default Locale=English (EN)
2026-08-16 15:15:46,774 INFO o.a.j.JMeter: JMeter  Locale=English (EN)
2026-08-16 15:15:46,774 INFO o.a.j.JMeter: JMeterHome=C:\tools\apache-jmeter-5.6.3
2026-08-16 15:15:46,774 INFO o.a.j.JMeter: user.dir  =D:\group05_eshop
2026-08-16 15:15:46,774 INFO o.a.j.JMeter: PWD       =D:\group05_eshop
2026-08-16 15:15:46,775 INFO o.a.j.JMeter: IP: 172.16.16.28 Name: LAPTOP-MVP7T81B FullName: LAPTOP-MVP7T81B
2026-08-16 15:15:46,781 INFO o.a.j.JMeter: Setting property 'jmeter.reportgenerator.outputdir' to:'D:\group05_eshop\HW\week09\TheDat\results\stress\23127340_Stress_20260816_151543_html'
2026-08-16 15:15:46,783 INFO o.a.j.s.FileServer: Default base='D:\group05_eshop'
2026-08-16 15:15:46,784 INFO o.a.j.s.FileServer: Set new base='D:\group05_eshop\HW\week09\TheDat\test-plans'
2026-08-16 15:15:46,898 INFO o.a.j.s.SaveService: Testplan (JMX) version: 2.2. Testlog (JTL) version: 2.2
2026-08-16 15:15:46,919 INFO o.a.j.s.SaveService: Using SaveService properties version 5.0
2026-08-16 15:15:46,922 INFO o.a.j.s.SaveService: Using SaveService properties file encoding UTF-8
2026-08-16 15:15:46,925 INFO o.a.j.s.SaveService: Loading file: HW\week09\TheDat\test-plans\23127340_Stress_20260816.jmx
2026-08-16 15:15:46,969 INFO o.a.j.p.h.s.HTTPSamplerBase: Parser for text/html is org.apache.jmeter.protocol.http.parser.LagartoBasedHtmlParser
2026-08-16 15:15:46,970 INFO o.a.j.p.h.s.HTTPSamplerBase: Parser for application/xhtml+xml is org.apache.jmeter.protocol.http.parser.LagartoBasedHtmlParser
2026-08-16 15:15:46,970 INFO o.a.j.p.h.s.HTTPSamplerBase: Parser for application/xml is org.apache.jmeter.protocol.http.parser.LagartoBasedHtmlParser
2026-08-16 15:15:46,970 INFO o.a.j.p.h.s.HTTPSamplerBase: Parser for text/xml is org.apache.jmeter.protocol.http.parser.LagartoBasedHtmlParser
2026-08-16 15:15:46,970 INFO o.a.j.p.h.s.HTTPSamplerBase: Parser for text/vnd.wap.wml is org.apache.jmeter.protocol.http.parser.RegexpHTMLParser
2026-08-16 15:15:46,970 INFO o.a.j.p.h.s.HTTPSamplerBase: Parser for text/css is org.apache.jmeter.protocol.http.parser.CssParser
2026-08-16 15:15:47,011 INFO o.a.j.JMeter: Creating summariser <summary>
2026-08-16 15:15:47,013 INFO o.a.j.r.d.ReportGenerator: ReportGenerator will use for Parsing the separator: ','
2026-08-16 15:15:47,013 INFO o.a.j.r.d.ReportGenerator: Will generate report at end of test from  results file: HW/week09/TheDat/results/stress/23127340_Stress_20260816_151543.jtl
2026-08-16 15:15:47,013 INFO o.a.j.r.d.ReportGenerator: Reading report generator properties from: C:\tools\apache-jmeter-5.6.3\bin\reportgenerator.properties
2026-08-16 15:15:47,013 INFO o.a.j.r.d.ReportGenerator: Merging with JMeter properties
2026-08-16 15:15:47,016 INFO o.a.j.r.c.ReportGeneratorConfiguration: Property 'jmeter.reportgenerator.temp_dir' not found, using default value 'temp' instead.
2026-08-16 15:15:47,018 INFO o.a.j.r.c.ReportGeneratorConfiguration: Property 'jmeter.reportgenerator.apdex_per_transaction' not found, using default value 'null' instead.
2026-08-16 15:15:47,018 INFO o.a.j.r.c.ReportGeneratorConfiguration: apdex_per_transaction is empty, not APDEX per transaction customization
2026-08-16 15:15:47,018 INFO o.a.j.r.c.ReportGeneratorConfiguration: Property 'jmeter.reportgenerator.sample_filter' not found, using default value 'null' instead.
2026-08-16 15:15:47,018 INFO o.a.j.r.c.ReportGeneratorConfiguration: Property 'jmeter.reportgenerator.report_title' not found, using default value 'null' instead.
2026-08-16 15:15:47,018 INFO o.a.j.r.c.ReportGeneratorConfiguration: Property 'jmeter.reportgenerator.start_date' not found, using default value 'null' instead.
2026-08-16 15:15:47,018 INFO o.a.j.r.c.ReportGeneratorConfiguration: Property 'jmeter.reportgenerator.end_date' not found, using default value 'null' instead.
2026-08-16 15:15:47,018 INFO o.a.j.r.c.ReportGeneratorConfiguration: Property 'jmeter.reportgenerator.date_format' not found, using default value 'null' instead.
2026-08-16 15:15:47,018 INFO o.a.j.r.c.ReportGeneratorConfiguration: Will use date range start date: null, end date: null
2026-08-16 15:15:47,020 INFO o.a.j.r.c.ReportGeneratorConfiguration: Property 'jmeter.reportgenerator.graph.totalTPS.exclude_controllers' not found, using default value 'false' instead.
2026-08-16 15:15:47,020 INFO o.a.j.r.c.ReportGeneratorConfiguration: Property 'jmeter.reportgenerator.graph.activeThreadsOverTime.exclude_controllers' not found, using default value 'false' instead.
2026-08-16 15:15:47,021 INFO o.a.j.r.c.ReportGeneratorConfiguration: Property 'jmeter.reportgenerator.graph.timeVsThreads.exclude_controllers' not found, using default value 'false' instead.
2026-08-16 15:15:47,021 INFO o.a.j.r.c.ReportGeneratorConfiguration: Property 'jmeter.reportgenerator.graph.responseTimeDistribution.exclude_controllers' not found, using default value 'false' instead.
2026-08-16 15:15:47,021 INFO o.a.j.r.c.ReportGeneratorConfiguration: Property 'jmeter.reportgenerator.graph.transactionsPerSecond.exclude_controllers' not found, using default value 'false' instead.
2026-08-16 15:15:47,021 INFO o.a.j.r.c.ReportGeneratorConfiguration: Property 'jmeter.reportgenerator.graph.responseTimePercentiles.exclude_controllers' not found, using default value 'false' instead.
2026-08-16 15:15:47,021 INFO o.a.j.r.c.ReportGeneratorConfiguration: Property 'jmeter.reportgenerator.graph.responseTimePercentilesOverTime.exclude_controllers' not found, using default value 'false' instead.
2026-08-16 15:15:47,021 INFO o.a.j.r.c.ReportGeneratorConfiguration: Property 'jmeter.reportgenerator.graph.responseTimesOverTime.exclude_controllers' not found, using default value 'false' instead.
2026-08-16 15:15:47,022 INFO o.a.j.r.c.ReportGeneratorConfiguration: Property 'jmeter.reportgenerator.graph.connectTimeOverTime.exclude_controllers' not found, using default value 'false' instead.
2026-08-16 15:15:47,022 INFO o.a.j.r.c.ReportGeneratorConfiguration: Property 'jmeter.reportgenerator.graph.latenciesOverTime.exclude_controllers' not found, using default value 'false' instead.
2026-08-16 15:15:47,022 INFO o.a.j.r.c.ReportGeneratorConfiguration: Property 'jmeter.reportgenerator.exporter.json.filters_only_sample_series' not found, using default value 'true' instead.
2026-08-16 15:15:47,022 INFO o.a.j.r.c.ReportGeneratorConfiguration: Property 'jmeter.reportgenerator.exporter.json.series_filter' not found, using default value '' instead.
2026-08-16 15:15:47,022 INFO o.a.j.r.c.ReportGeneratorConfiguration: Property 'jmeter.reportgenerator.exporter.json.show_controllers_only' not found, using default value 'false' instead.
2026-08-16 15:15:47,023 INFO o.a.j.r.c.ReportGeneratorConfiguration: Property 'jmeter.reportgenerator.exporter.html.filters_only_sample_series' not found, using default value 'true' instead.
2026-08-16 15:15:47,023 INFO o.a.j.r.c.ReportGeneratorConfiguration: Property 'jmeter.reportgenerator.exporter.html.series_filter' not found, using default value '' instead.
2026-08-16 15:15:47,023 INFO o.a.j.r.c.ReportGeneratorConfiguration: Property 'jmeter.reportgenerator.exporter.html.show_controllers_only' not found, using default value 'false' instead.
2026-08-16 15:15:47,032 INFO o.a.j.e.StandardJMeterEngine: Running the test!
2026-08-16 15:15:47,033 INFO o.a.j.s.SampleEvent: List of sample_variables: []
2026-08-16 15:15:47,033 INFO o.a.j.s.SampleEvent: List of sample_variables: []
2026-08-16 15:15:47,036 INFO o.a.j.e.u.CompoundVariable: Note: Function class names must contain the string: '.functions.'
2026-08-16 15:15:47,036 INFO o.a.j.e.u.CompoundVariable: Note: Function class names must not contain the string: '.gui.'
2026-08-16 15:15:47,064 INFO o.a.j.r.ClassFinder: Will scan jar C:\tools\apache-jmeter-5.6.3\lib\ext\jmeter-plugins-manager-2.0.jar with filter ExtendsClassFilter [parents=[interface org.apache.jmeter.functions.Function], inner=false, contains=null, notContains=null]. Consider exposing JMeter plugins via META-INF/services, and add JMeter-Skip-Class-Scanning=true manifest attribute so JMeter can skip classfile scanning
2026-08-16 15:15:47,090 INFO o.a.j.r.ClassFinder: Will scan jar C:\tools\apache-jmeter-5.6.3\lib\ext\jmeter-plugins-manager-1.12.jar with filter ExtendsClassFilter [parents=[interface org.apache.jmeter.functions.Function], inner=false, contains=null, notContains=null]. Consider exposing JMeter plugins via META-INF/services, and add JMeter-Skip-Class-Scanning=true manifest attribute so JMeter can skip classfile scanning
2026-08-16 15:15:47,140 INFO o.a.j.r.ClassFinder: Will scan jar C:\tools\apache-jmeter-5.6.3\lib\ext\jmeter-plugins-casutg-3.1.1.jar with filter ExtendsClassFilter [parents=[interface org.apache.jmeter.functions.Function], inner=false, contains=null, notContains=null]. Consider exposing JMeter plugins via META-INF/services, and add JMeter-Skip-Class-Scanning=true manifest attribute so JMeter can skip classfile scanning
2026-08-16 15:15:47,274 INFO o.a.j.JMeter: Running test (1786868147274)
2026-08-16 15:15:47,278 INFO o.a.j.e.StandardJMeterEngine: Starting ThreadGroup: 1 : Stress Step Profile - 500 to 1000 VU
2026-08-16 15:15:47,278 INFO o.a.j.e.StandardJMeterEngine: Starting 1000 threads for group Stress Step Profile - 500 to 1000 VU.
2026-08-16 15:15:47,278 INFO o.a.j.e.StandardJMeterEngine: Thread will start next loop on error
2026-08-16 15:15:47,278 INFO k.a.j.t.AbstractSimpleThreadGroup: Starting thread group number 1 threads 1000
2026-08-16 15:15:47,290 INFO o.a.j.s.SampleResult: Note: Sample TimeStamps are START times
2026-08-16 15:15:47,290 INFO o.a.j.s.SampleResult: sampleresult.default.encoding is set to UTF-8
2026-08-16 15:15:47,290 INFO o.a.j.s.SampleResult: sampleresult.useNanoTime=true
2026-08-16 15:15:47,290 INFO o.a.j.s.SampleResult: sampleresult.nanoThreadSleep=5000
2026-08-16 15:15:47,464 INFO o.a.j.t.JMeterThread: Thread started: Stress Step Profile - 500 to 1000 VU 1-500
2026-08-16 15:15:47,521 INFO o.a.j.t.JMeterThread: Thread started: Stress Step Profile - 500 to 1000 VU 1-499
2026-08-16 15:15:47,608 INFO k.a.j.t.AbstractSimpleThreadGroup: Started thread group number 1
2026-08-16 15:15:47,608 INFO o.a.j.e.StandardJMeterEngine: All thread groups have been started
2026-08-16 15:15:47,656 INFO o.a.j.t.JMeterThread: Thread started: Stress Step Profile - 500 to 1000 VU 1-498
2026-08-16 15:15:47,776 INFO o.a.j.t.JMeterThread: Thread started: Stress Step Profile - 500 to 1000 VU 1-497
2026-08-16 15:15:47,895 INFO o.a.j.t.JMeterThread: Thread started: Stress Step Profile - 500 to 1000 VU 1-496
2026-08-16 15:15:48,015 INFO o.a.j.t.JMeterThread: Thread started: Stress Step Profile - 500 to 1000 VU 1-495
2026-08-16 15:15:48,134 INFO o.a.j.t.JMeterThread: Thread started: Stress Step Profile - 500 to 1000 VU 1-494
2026-08-16 15:15:48,255 INFO o.a.j.t.JMeterThread: Thread started: Stress Step Profile - 500 to 1000 VU 1-493
2026-08-16 15:15:48,374 INFO o.a.j.t.JMeterThread: Thread started: Stress Step Profile - 500 to 1000 VU 1-492
2026-08-16 15:15:48,409 INFO o.a.j.p.h.s.HTTPHCAbstractImpl: Local host = LAPTOP-MVP7T81B
2026-08-16 15:15:48,410 INFO o.a.j.p.h.s.HTTPHC4Impl: HTTP request retry count = 0
2026-08-16 15:15:48,478 INFO o.a.j.t.JMeterThread: Thread started: Stress Step Profile - 500 to 1000 VU 1-491
2026-08-16 15:15:48,599 INFO o.a.j.t.JMeterThread: Thread started: Stress Step Profile - 500 to 1000 VU 1-490
2026-08-16 15:15:48,718 INFO o.a.j.t.JMeterThread: Thread started: Stress Step Profile - 500 to 1000 VU 1-489
2026-08-16 15:15:48,839 INFO o.a.j.t.JMeterThread: Thread started: Stress Step Profile - 500 to 1000 VU 1-488
2026-08-16 15:15:48,958 INFO o.a.j.t.JMeterThread: Thread started: Stress Step Profile - 500 to 1000 VU 1-487
2026-08-16 15:15:49,079 INFO o.a.j.t.JMeterThread: Thread started: Stress Step Profile - 500 to 1000 VU 1-486
2026-08-16 15:15:49,198 INFO o.a.j.t.JMeterThread: Thread started: Stress Step Profile - 500 to 1000 VU 1-485
2026-08-16 15:15:49,318 INFO o.a.j.t.JMeterThread: Thread started: Stress Step Profile - 500 to 1000 VU 1-484
2026-08-16 15:15:49,438 INFO o.a.j.t.JMeterThread: Thread started: Stress Step Profile - 500 to 1000 VU 1-483
2026-08-16 15:15:49,560 INFO o.a.j.t.JMeterThread: Thread started: Stress Step Profile - 500 to 1000 VU 1-482
2026-08-16 15:15:49,686 INFO o.a.j.t.JMeterThread: Thread started: Stress Step Profile - 500 to 1000 VU 1-481
2026-08-16 15:15:49,813 INFO o.a.j.t.JMeterThread: Thread started: Stress Step Profile - 500 to 1000 VU 1-480
2026-08-16 15:15:49,924 INFO o.a.j.t.JMeterThread: Thread started: Stress Step Profile - 500 to 1000 VU 1-479
2026-08-16 15:15:50,052 INFO o.a.j.t.JMeterThread: Thread started: Stress Step Profile - 500 to 1000 VU 1-478
2026-08-16 15:15:50,164 INFO o.a.j.t.JMeterThread: Thread started: Stress Step Profile - 500 to 1000 VU 1-477
2026-08-16 15:15:50,290 INFO o.a.j.t.JMeterThread: Thread started: Stress Step Profile - 500 to 1000 VU 1-476
2026-08-16 15:15:50,401 INFO o.a.j.t.JMeterThread: Thread started: Stress Step Profile - 500 to 1000 VU 1-475
2026-08-16 15:15:50,528 INFO o.a.j.t.JMeterThread: Thread started: Stress Step Profile - 500 to 1000 VU 1-474
2026-08-16 15:15:50,641 INFO o.a.j.t.JMeterThread: Thread started: Stress Step Profile - 500 to 1000 VU 1-473
2026-08-16 15:15:50,770 INFO o.a.j.t.JMeterThread: Thread started: Stress Step Profile - 500 to 1000 VU 1-472
2026-08-16 15:15:50,882 INFO o.a.j.t.JMeterThread: Thread started: Stress Step Profile - 500 to 1000 VU 1-471
2026-08-16 15:15:51,009 INFO o.a.j.t.JMeterThread: Thread started: Stress Step Profile - 500 to 1000 VU 1-470
2026-08-16 15:15:51,122 INFO o.a.j.t.JMeterThread: Thread started: Stress Step Profile - 500 to 1000 VU 1-469
2026-08-16 15:15:51,250 INFO o.a.j.t.JMeterThread: Thread started: Stress Step Profile - 500 to 1000 VU 1-468
2026-08-16 15:15:51,363 INFO o.a.j.t.JMeterThread: Thread started: Stress Step Profile - 500 to 1000 VU 1-467
2026-08-16 15:15:51,479 INFO o.a.j.t.JMeterThread: Thread started: Stress Step Profile - 500 to 1000 VU 1-466
2026-08-16 15:15:51,599 INFO o.a.j.t.JMeterThread: Thread started: Stress Step Profile - 500 to 1000 VU 1-465
2026-08-16 15:15:51,719 INFO o.a.j.t.JMeterThread: Thread started: Stress Step Profile - 500 to 1000 VU 1-464
2026-08-16 15:15:51,839 INFO o.a.j.t.JMeterThread: Thread started: Stress Step Profile - 500 to 1000 VU 1-463
2026-08-16 15:15:51,959 INFO o.a.j.t.JMeterThread: Thread started: Stress Step Profile - 500 to 1000 VU 1-462
2026-08-16 15:15:52,079 INFO o.a.j.t.JMeterThread: Thread started: Stress Step Profile - 500 to 1000 VU 1-461
2026-08-16 15:15:52,200 INFO o.a.j.t.JMeterThread: Thread started: Stress Step Profile - 500 to 1000 VU 1-460
2026-08-16 15:15:52,319 INFO o.a.j.t.JMeterThread: Thread started: Stress Step Profile - 500 to 1000 VU 1-459
2026-08-16 15:15:52,439 INFO o.a.j.t.JMeterThread: Thread started: Stress Step Profile - 500 to 1000 VU 1-458
2026-08-16 15:15:52,558 INFO o.a.j.t.JMeterThread: Thread started: Stress Step Profile - 500 to 1000 VU 1-457
2026-08-16 15:15:52,679 INFO o.a.j.t.JMeterThread: Thread started: Stress Step Profile - 500 to 1000 VU 1-456
2026-08-16 15:15:52,799 INFO o.a.j.t.JMeterThread: Thread started: Stress Step Profile - 500 to 1000 VU 1-455
2026-08-16 15:15:52,918 INFO o.a.j.t.JMeterThread: Thread started: Stress Step Profile - 500 to 1000 VU 1-454
2026-08-16 15:15:53,038 INFO o.a.j.t.JMeterThread: Thread started: Stress Step Profile - 500 to 1000 VU 1-453
2026-08-16 15:15:53,159 INFO o.a.j.t.JMeterThread: Thread started: Stress Step Profile - 500 to 1000 VU 1-452
2026-08-16 15:15:53,279 INFO o.a.j.t.JMeterThread: Thread started: Stress Step Profile - 500 to 1000 VU 1-451
2026-08-16 15:15:53,399 INFO o.a.j.t.JMeterThread: Thread started: Stress Step Profile - 500 to 1000 VU 1-450
2026-08-16 15:15:53,518 INFO o.a.j.t.JMeterThread: Thread started: Stress Step Profile - 500 to 1000 VU 1-449
2026-08-16 15:15:53,638 INFO o.a.j.t.JMeterThread: Thread started: Stress Step Profile - 500 to 1000 VU 1-448
2026-08-16 15:15:53,759 INFO o.a.j.t.JMeterThread: Thread started: Stress Step Profile - 500 to 1000 VU 1-447
2026-08-16 15:15:53,878 INFO o.a.j.t.JMeterThread: Thread started: Stress Step Profile - 500 to 1000 VU 1-446
2026-08-16 15:15:53,998 INFO o.a.j.t.JMeterThread: Thread started: Stress Step Profile - 500 to 1000 VU 1-445
2026-08-16 15:15:54,118 INFO o.a.j.t.JMeterThread: Thread started: Stress Step Profile - 500 to 1000 VU 1-444
2026-08-16 15:15:54,238 INFO o.a.j.t.JMeterThread: Thread started: Stress Step Profile - 500 to 1000 VU 1-443
2026-08-16 15:15:54,358 INFO o.a.j.t.JMeterThread: Thread started: Stress Step Profile - 500 to 1000 VU 1-442
2026-08-16 15:15:54,480 INFO o.a.j.t.JMeterThread: Thread started: Stress Step Profile - 500 to 1000 VU 1-441
2026-08-16 15:15:54,598 INFO o.a.j.t.JMeterThread: Thread started: Stress Step Profile - 500 to 1000 VU 1-440
2026-08-16 15:15:54,718 INFO o.a.j.t.JMeterThread: Thread started: Stress Step Profile - 500 to 1000 VU 1-439
2026-08-16 15:15:54,838 INFO o.a.j.t.JMeterThread: Thread started: Stress Step Profile - 500 to 1000 VU 1-438
2026-08-16 15:15:54,959 INFO o.a.j.t.JMeterThread: Thread started: Stress Step Profile - 500 to 1000 VU 1-437
2026-08-16 15:15:55,078 INFO o.a.j.t.JMeterThread: Thread started: Stress Step Profile - 500 to 1000 VU 1-436
2026-08-16 15:15:55,198 INFO o.a.j.t.JMeterThread: Thread started: Stress Step Profile - 500 to 1000 VU 1-435
2026-08-16 15:15:55,319 INFO o.a.j.t.JMeterThread: Thread started: Stress Step Profile - 500 to 1000 VU 1-434
2026-08-16 15:15:55,438 INFO o.a.j.t.JMeterThread: Thread started: Stress Step Profile - 500 to 1000 VU 1-433
2026-08-16 15:15:55,558 INFO o.a.j.t.JMeterThread: Thread started: Stress Step Profile - 500 to 1000 VU 1-432
2026-08-16 15:15:55,678 INFO o.a.j.t.JMeterThread: Thread started: Stress Step Profile - 500 to 1000 VU 1-431
2026-08-16 15:15:55,798 INFO o.a.j.t.JMeterThread: Thread started: Stress Step Profile - 500 to 1000 VU 1-430
2026-08-16 15:15:55,918 INFO o.a.j.t.JMeterThread: Thread started: Stress Step Profile - 500 to 1000 VU 1-429
2026-08-16 15:15:56,038 INFO o.a.j.t.JMeterThread: Thread started: Stress Step Profile - 500 to 1000 VU 1-428
2026-08-16 15:15:56,158 INFO o.a.j.t.JMeterThread: Thread started: Stress Step Profile - 500 to 1000 VU 1-427
2026-08-16 15:15:56,278 INFO o.a.j.t.JMeterThread: Thread started: Stress Step Profile - 500 to 1000 VU 1-426
2026-08-16 15:15:56,398 INFO o.a.j.t.JMeterThread: Thread started: Stress Step Profile - 500 to 1000 VU 1-425
2026-08-16 15:15:56,519 INFO o.a.j.t.JMeterThread: Thread started: Stress Step Profile - 500 to 1000 VU 1-424
2026-08-16 15:15:56,639 INFO o.a.j.t.JMeterThread: Thread started: Stress Step Profile - 500 to 1000 VU 1-423
2026-08-16 15:15:56,759 INFO o.a.j.t.JMeterThread: Thread started: Stress Step Profile - 500 to 1000 VU 1-422
2026-08-16 15:15:56,839 INFO o.a.j.u.JsseSSLManager: Using default SSL protocol: TLS
2026-08-16 15:15:56,839 INFO o.a.j.u.JsseSSLManager: SSL session context: per-thread
2026-08-16 15:15:56,879 INFO o.a.j.t.JMeterThread: Thread started: Stress Step Profile - 500 to 1000 VU 1-421
2026-08-16 15:15:56,999 INFO o.a.j.t.JMeterThread: Thread started: Stress Step Profile - 500 to 1000 VU 1-420
2026-08-16 15:15:57,118 INFO o.a.j.t.JMeterThread: Thread started: Stress Step Profile - 500 to 1000 VU 1-419
2026-08-16 15:15:57,239 INFO o.a.j.t.JMeterThread: Thread started: Stress Step Profile - 500 to 1000 VU 1-418
2026-08-16 15:15:57,359 INFO o.a.j.t.JMeterThread: Thread started: Stress Step Profile - 500 to 1000 VU 1-417
2026-08-16 15:15:57,479 INFO o.a.j.t.JMeterThread: Thread started: Stress Step Profile - 500 to 1000 VU 1-416
2026-08-16 15:15:57,598 INFO o.a.j.t.JMeterThread: Thread started: Stress Step Profile - 500 to 1000 VU 1-415
2026-08-16 15:15:57,718 INFO o.a.j.t.JMeterThread: Thread started: Stress Step Profile - 500 to 1000 VU 1-414
2026-08-16 15:15:57,839 INFO o.a.j.t.JMeterThread: Thread started: Stress Step Profile - 500 to 1000 VU 1-413
2026-08-16 15:15:57,958 INFO o.a.j.t.JMeterThread: Thread started: Stress Step Profile - 500 to 1000 VU 1-412
2026-08-16 15:15:58,079 INFO o.a.j.t.JMeterThread: Thread started: Stress Step Profile - 500 to 1000 VU 1-411
2026-08-16 15:15:58,198 INFO o.a.j.t.JMeterThread: Thread started: Stress Step Profile - 500 to 1000 VU 1-410
2026-08-16 15:15:58,318 INFO o.a.j.t.JMeterThread: Thread started: Stress Step Profile - 500 to 1000 VU 1-409
2026-08-16 15:15:58,438 INFO o.a.j.t.JMeterThread: Thread started: Stress Step Profile - 500 to 1000 VU 1-408
2026-08-16 15:15:58,559 INFO o.a.j.t.JMeterThread: Thread started: Stress Step Profile - 500 to 1000 VU 1-407
2026-08-16 15:15:58,679 INFO o.a.j.t.JMeterThread: Thread started: Stress Step Profile - 500 to 1000 VU 1-406
2026-08-16 15:15:58,798 INFO o.a.j.t.JMeterThread: Thread started: Stress Step Profile - 500 to 1000 VU 1-405
2026-08-16 15:15:58,919 INFO o.a.j.t.JMeterThread: Thread started: Stress Step Profile - 500 to 1000 VU 1-404
2026-08-16 15:15:59,038 INFO o.a.j.t.JMeterThread: Thread started: Stress Step Profile - 500 to 1000 VU 1-403
2026-08-16 15:15:59,158 INFO o.a.j.t.JMeterThread: Thread started: Stress Step Profile - 500 to 1000 VU 1-402
2026-08-16 15:15:59,278 INFO o.a.j.t.JMeterThread: Thread started: Stress Step Profile - 500 to 1000 VU 1-401
2026-08-16 15:15:59,398 INFO o.a.j.t.JMeterThread: Thread started: Stress Step Profile - 500 to 1000 VU 1-400
2026-08-16 15:15:59,518 INFO o.a.j.t.JMeterThread: Thread started: Stress Step Profile - 500 to 1000 VU 1-399
2026-08-16 15:15:59,639 INFO o.a.j.t.JMeterThread: Thread started: Stress Step Profile - 500 to 1000 VU 1-398
2026-08-16 15:15:59,759 INFO o.a.j.t.JMeterThread: Thread started: Stress Step Profile - 500 to 1000 VU 1-397
2026-08-16 15:15:59,879 INFO o.a.j.t.JMeterThread: Thread started: Stress Step Profile - 500 to 1000 VU 1-396
2026-08-16 15:15:59,999 INFO o.a.j.t.JMeterThread: Thread started: Stress Step Profile - 500 to 1000 VU 1-395
2026-08-16 15:16:00,119 INFO o.a.j.t.JMeterThread: Thread started: Stress Step Profile - 500 to 1000 VU 1-394
2026-08-16 15:16:00,238 INFO o.a.j.t.JMeterThread: Thread started: Stress Step Profile - 500 to 1000 VU 1-393
2026-08-16 15:16:00,359 INFO o.a.j.t.JMeterThread: Thread started: Stress Step Profile - 500 to 1000 VU 1-392
2026-08-16 15:16:00,479 INFO o.a.j.t.JMeterThread: Thread started: Stress Step Profile - 500 to 1000 VU 1-391
2026-08-16 15:16:00,599 INFO o.a.j.t.JMeterThread: Thread started: Stress Step Profile - 500 to 1000 VU 1-390
2026-08-16 15:16:00,718 INFO o.a.j.t.JMeterThread: Thread started: Stress Step Profile - 500 to 1000 VU 1-389
2026-08-16 15:16:00,839 INFO o.a.j.t.JMeterThread: Thread started: Stress Step Profile - 500 to 1000 VU 1-388
2026-08-16 15:16:00,958 INFO o.a.j.t.JMeterThread: Thread started: Stress Step Profile - 500 to 1000 VU 1-387
2026-08-16 15:16:01,079 INFO o.a.j.t.JMeterThread: Thread started: Stress Step Profile - 500 to 1000 VU 1-386
2026-08-16 15:16:01,198 INFO o.a.j.t.JMeterThread: Thread started: Stress Step Profile - 500 to 1000 VU 1-385
2026-08-16 15:16:01,319 INFO o.a.j.t.JMeterThread: Thread started: Stress Step Profile - 500 to 1000 VU 1-384
2026-08-16 15:16:01,438 INFO o.a.j.t.JMeterThread: Thread started: Stress Step Profile - 500 to 1000 VU 1-383
2026-08-16 15:16:01,559 INFO o.a.j.t.JMeterThread: Thread started: Stress Step Profile - 500 to 1000 VU 1-382
2026-08-16 15:16:01,679 INFO o.a.j.t.JMeterThread: Thread started: Stress Step Profile - 500 to 1000 VU 1-381
2026-08-16 15:16:01,799 INFO o.a.j.t.JMeterThread: Thread started: Stress Step Profile - 500 to 1000 VU 1-380
2026-08-16 15:16:01,918 INFO o.a.j.t.JMeterThread: Thread started: Stress Step Profile - 500 to 1000 VU 1-379
2026-08-16 15:16:02,038 INFO o.a.j.t.JMeterThread: Thread started: Stress Step Profile - 500 to 1000 VU 1-378
2026-08-16 15:16:02,159 INFO o.a.j.t.JMeterThread: Thread started: Stress Step Profile - 500 to 1000 VU 1-377
2026-08-16 15:16:02,278 INFO o.a.j.t.JMeterThread: Thread started: Stress Step Profile - 500 to 1000 VU 1-376
2026-08-16 15:16:02,398 INFO o.a.j.t.JMeterThread: Thread started: Stress Step Profile - 500 to 1000 VU 1-375
2026-08-16 15:16:02,519 INFO o.a.j.t.JMeterThread: Thread started: Stress Step Profile - 500 to 1000 VU 1-374
2026-08-16 15:16:02,639 INFO o.a.j.t.JMeterThread: Thread started: Stress Step Profile - 500 to 1000 VU 1-373
2026-08-16 15:16:02,759 INFO o.a.j.t.JMeterThread: Thread started: Stress Step Profile - 500 to 1000 VU 1-372
2026-08-16 15:16:02,879 INFO o.a.j.t.JMeterThread: Thread started: Stress Step Profile - 500 to 1000 VU 1-371
2026-08-16 15:16:02,999 INFO o.a.j.t.JMeterThread: Thread started: Stress Step Profile - 500 to 1000 VU 1-370
2026-08-16 15:16:03,119 INFO o.a.j.t.JMeterThread: Thread started: Stress Step Profile - 500 to 1000 VU 1-369
2026-08-16 15:16:03,238 INFO o.a.j.t.JMeterThread: Thread started: Stress Step Profile - 500 to 1000 VU 1-368
2026-08-16 15:16:03,359 INFO o.a.j.t.JMeterThread: Thread started: Stress Step Profile - 500 to 1000 VU 1-367
2026-08-16 15:16:03,479 INFO o.a.j.t.JMeterThread: Thread started: Stress Step Profile - 500 to 1000 VU 1-366
2026-08-16 15:16:03,599 INFO o.a.j.t.JMeterThread: Thread started: Stress Step Profile - 500 to 1000 VU 1-365
2026-08-16 15:16:03,719 INFO o.a.j.t.JMeterThread: Thread started: Stress Step Profile - 500 to 1000 VU 1-364
2026-08-16 15:16:03,838 INFO o.a.j.t.JMeterThread: Thread started: Stress Step Profile - 500 to 1000 VU 1-363
2026-08-16 15:16:03,959 INFO o.a.j.t.JMeterThread: Thread started: Stress Step Profile - 500 to 1000 VU 1-362
2026-08-16 15:16:04,078 INFO o.a.j.t.JMeterThread: Thread started: Stress Step Profile - 500 to 1000 VU 1-361
2026-08-16 15:16:04,198 INFO o.a.j.t.JMeterThread: Thread started: Stress Step Profile - 500 to 1000 VU 1-360
2026-08-16 15:16:04,319 INFO o.a.j.t.JMeterThread: Thread started: Stress Step Profile - 500 to 1000 VU 1-359
2026-08-16 15:16:04,439 INFO o.a.j.t.JMeterThread: Thread started: Stress Step Profile - 500 to 1000 VU 1-358
2026-08-16 15:16:04,559 INFO o.a.j.t.JMeterThread: Thread started: Stress Step Profile - 500 to 1000 VU 1-357
2026-08-16 15:16:04,678 INFO o.a.j.t.JMeterThread: Thread started: Stress Step Profile - 500 to 1000 VU 1-356
2026-08-16 15:16:04,798 INFO o.a.j.t.JMeterThread: Thread started: Stress Step Profile - 500 to 1000 VU 1-355
2026-08-16 15:16:04,918 INFO o.a.j.t.JMeterThread: Thread started: Stress Step Profile - 500 to 1000 VU 1-354
2026-08-16 15:16:05,039 INFO o.a.j.t.JMeterThread: Thread started: Stress Step Profile - 500 to 1000 VU 1-353
2026-08-16 15:16:05,159 INFO o.a.j.t.JMeterThread: Thread started: Stress Step Profile - 500 to 1000 VU 1-352
2026-08-16 15:16:05,278 INFO o.a.j.t.JMeterThread: Thread started: Stress Step Profile - 500 to 1000 VU 1-351
2026-08-16 15:16:05,399 INFO o.a.j.t.JMeterThread: Thread started: Stress Step Profile - 500 to 1000 VU 1-350
2026-08-16 15:16:05,518 INFO o.a.j.t.JMeterThread: Thread started: Stress Step Profile - 500 to 1000 VU 1-349
2026-08-16 15:16:05,639 INFO o.a.j.t.JMeterThread: Thread started: Stress Step Profile - 500 to 1000 VU 1-348
2026-08-16 15:16:05,758 INFO o.a.j.t.JMeterThread: Thread started: Stress Step Profile - 500 to 1000 VU 1-347
2026-08-16 15:16:05,879 INFO o.a.j.t.JMeterThread: Thread started: Stress Step Profile - 500 to 1000 VU 1-346
2026-08-16 15:16:05,999 INFO o.a.j.t.JMeterThread: Thread started: Stress Step Profile - 500 to 1000 VU 1-345
2026-08-16 15:16:06,119 INFO o.a.j.t.JMeterThread: Thread started: Stress Step Profile - 500 to 1000 VU 1-344
2026-08-16 15:16:06,239 INFO o.a.j.t.JMeterThread: Thread started: Stress Step Profile - 500 to 1000 VU 1-343
2026-08-16 15:16:06,359 INFO o.a.j.t.JMeterThread: Thread started: Stress Step Profile - 500 to 1000 VU 1-342
2026-08-16 15:16:06,479 INFO o.a.j.t.JMeterThread: Thread started: Stress Step Profile - 500 to 1000 VU 1-341
2026-08-16 15:16:06,600 INFO o.a.j.t.JMeterThread: Thread started: Stress Step Profile - 500 to 1000 VU 1-340
2026-08-16 15:16:06,718 INFO o.a.j.t.JMeterThread: Thread started: Stress Step Profile - 500 to 1000 VU 1-339
2026-08-16 15:16:06,839 INFO o.a.j.t.JMeterThread: Thread started: Stress Step Profile - 500 to 1000 VU 1-338
2026-08-16 15:16:06,959 INFO o.a.j.t.JMeterThread: Thread started: Stress Step Profile - 500 to 1000 VU 1-337
2026-08-16 15:16:07,078 INFO o.a.j.t.JMeterThread: Thread started: Stress Step Profile - 500 to 1000 VU 1-336
2026-08-16 15:16:07,198 INFO o.a.j.t.JMeterThread: Thread started: Stress Step Profile - 500 to 1000 VU 1-335
2026-08-16 15:16:07,318 INFO o.a.j.t.JMeterThread: Thread started: Stress Step Profile - 500 to 1000 VU 1-334
2026-08-16 15:16:07,440 INFO o.a.j.t.JMeterThread: Thread started: Stress Step Profile - 500 to 1000 VU 1-333
2026-08-16 15:16:07,558 INFO o.a.j.t.JMeterThread: Thread started: Stress Step Profile - 500 to 1000 VU 1-332
2026-08-16 15:16:07,678 INFO o.a.j.t.JMeterThread: Thread started: Stress Step Profile - 500 to 1000 VU 1-331
2026-08-16 15:16:07,799 INFO o.a.j.t.JMeterThread: Thread started: Stress Step Profile - 500 to 1000 VU 1-330
2026-08-16 15:16:07,919 INFO o.a.j.t.JMeterThread: Thread started: Stress Step Profile - 500 to 1000 VU 1-329
2026-08-16 15:16:08,038 INFO o.a.j.t.JMeterThread: Thread started: Stress Step Profile - 500 to 1000 VU 1-328
2026-08-16 15:16:08,159 INFO o.a.j.t.JMeterThread: Thread started: Stress Step Profile - 500 to 1000 VU 1-327
2026-08-16 15:16:08,279 INFO o.a.j.t.JMeterThread: Thread started: Stress Step Profile - 500 to 1000 VU 1-326
2026-08-16 15:16:08,399 INFO o.a.j.t.JMeterThread: Thread started: Stress Step Profile - 500 to 1000 VU 1-325
2026-08-16 15:16:08,519 INFO o.a.j.t.JMeterThread: Thread started: Stress Step Profile - 500 to 1000 VU 1-324
2026-08-16 15:16:08,639 INFO o.a.j.t.JMeterThread: Thread started: Stress Step Profile - 500 to 1000 VU 1-323
2026-08-16 15:16:08,759 INFO o.a.j.t.JMeterThread: Thread started: Stress Step Profile - 500 to 1000 VU 1-322
2026-08-16 15:16:08,879 INFO o.a.j.t.JMeterThread: Thread started: Stress Step Profile - 500 to 1000 VU 1-321
2026-08-16 15:16:08,998 INFO o.a.j.t.JMeterThread: Thread started: Stress Step Profile - 500 to 1000 VU 1-320
2026-08-16 15:16:09,118 INFO o.a.j.t.JMeterThread: Thread started: Stress Step Profile - 500 to 1000 VU 1-319
2026-08-16 15:16:09,239 INFO o.a.j.t.JMeterThread: Thread started: Stress Step Profile - 500 to 1000 VU 1-318
2026-08-16 15:16:09,358 INFO o.a.j.t.JMeterThread: Thread started: Stress Step Profile - 500 to 1000 VU 1-317
2026-08-16 15:16:09,479 INFO o.a.j.t.JMeterThread: Thread started: Stress Step Profile - 500 to 1000 VU 1-316
2026-08-16 15:16:09,599 INFO o.a.j.t.JMeterThread: Thread started: Stress Step Profile - 500 to 1000 VU 1-315
2026-08-16 15:16:09,719 INFO o.a.j.t.JMeterThread: Thread started: Stress Step Profile - 500 to 1000 VU 1-314
2026-08-16 15:16:09,839 INFO o.a.j.t.JMeterThread: Thread started: Stress Step Profile - 500 to 1000 VU 1-313
2026-08-16 15:16:09,959 INFO o.a.j.t.JMeterThread: Thread started: Stress Step Profile - 500 to 1000 VU 1-312
2026-08-16 15:16:10,079 INFO o.a.j.t.JMeterThread: Thread started: Stress Step Profile - 500 to 1000 VU 1-311
2026-08-16 15:16:10,199 INFO o.a.j.t.JMeterThread: Thread started: Stress Step Profile - 500 to 1000 VU 1-310
2026-08-16 15:16:10,319 INFO o.a.j.t.JMeterThread: Thread started: Stress Step Profile - 500 to 1000 VU 1-309
2026-08-16 15:16:10,439 INFO o.a.j.t.JMeterThread: Thread started: Stress Step Profile - 500 to 1000 VU 1-308
2026-08-16 15:16:10,559 INFO o.a.j.t.JMeterThread: Thread started: Stress Step Profile - 500 to 1000 VU 1-307
2026-08-16 15:16:10,679 INFO o.a.j.t.JMeterThread: Thread started: Stress Step Profile - 500 to 1000 VU 1-306
2026-08-16 15:16:10,799 INFO o.a.j.t.JMeterThread: Thread started: Stress Step Profile - 500 to 1000 VU 1-305
2026-08-16 15:16:10,919 INFO o.a.j.t.JMeterThread: Thread started: Stress Step Profile - 500 to 1000 VU 1-304
2026-08-16 15:16:11,039 INFO o.a.j.t.JMeterThread: Thread started: Stress Step Profile - 500 to 1000 VU 1-303
2026-08-16 15:16:11,159 INFO o.a.j.t.JMeterThread: Thread started: Stress Step Profile - 500 to 1000 VU 1-302
2026-08-16 15:16:11,279 INFO o.a.j.t.JMeterThread: Thread started: Stress Step Profile - 500 to 1000 VU 1-301
2026-08-16 15:16:11,399 INFO o.a.j.t.JMeterThread: Thread started: Stress Step Profile - 500 to 1000 VU 1-300
2026-08-16 15:16:11,518 INFO o.a.j.t.JMeterThread: Thread started: Stress Step Profile - 500 to 1000 VU 1-299
2026-08-16 15:16:11,638 INFO o.a.j.t.JMeterThread: Thread started: Stress Step Profile - 500 to 1000 VU 1-298
2026-08-16 15:16:11,758 INFO o.a.j.t.JMeterThread: Thread started: Stress Step Profile - 500 to 1000 VU 1-297
2026-08-16 15:16:11,878 INFO o.a.j.t.JMeterThread: Thread started: Stress Step Profile - 500 to 1000 VU 1-296
2026-08-16 15:16:11,998 INFO o.a.j.t.JMeterThread: Thread started: Stress Step Profile - 500 to 1000 VU 1-295
2026-08-16 15:16:12,118 INFO o.a.j.t.JMeterThread: Thread started: Stress Step Profile - 500 to 1000 VU 1-294
2026-08-16 15:16:12,238 INFO o.a.j.t.JMeterThread: Thread started: Stress Step Profile - 500 to 1000 VU 1-293
2026-08-16 15:16:12,358 INFO o.a.j.t.JMeterThread: Thread started: Stress Step Profile - 500 to 1000 VU 1-292
2026-08-16 15:16:12,478 INFO o.a.j.t.JMeterThread: Thread started: Stress Step Profile - 500 to 1000 VU 1-291
2026-08-16 15:16:12,598 INFO o.a.j.t.JMeterThread: Thread started: Stress Step Profile - 500 to 1000 VU 1-290
2026-08-16 15:16:12,719 INFO o.a.j.t.JMeterThread: Thread started: Stress Step Profile - 500 to 1000 VU 1-289
2026-08-16 15:16:12,839 INFO o.a.j.t.JMeterThread: Thread started: Stress Step Profile - 500 to 1000 VU 1-288
2026-08-16 15:16:12,959 INFO o.a.j.t.JMeterThread: Thread started: Stress Step Profile - 500 to 1000 VU 1-287
2026-08-16 15:16:13,079 INFO o.a.j.t.JMeterThread: Thread started: Stress Step Profile - 500 to 1000 VU 1-286
2026-08-16 15:16:13,198 INFO o.a.j.t.JMeterThread: Thread started: Stress Step Profile - 500 to 1000 VU 1-285
2026-08-16 15:16:13,319 INFO o.a.j.t.JMeterThread: Thread started: Stress Step Profile - 500 to 1000 VU 1-284
2026-08-16 15:16:13,439 INFO o.a.j.t.JMeterThread: Thread started: Stress Step Profile - 500 to 1000 VU 1-283
2026-08-16 15:16:13,558 INFO o.a.j.t.JMeterThread: Thread started: Stress Step Profile - 500 to 1000 VU 1-282
2026-08-16 15:16:13,678 INFO o.a.j.t.JMeterThread: Thread started: Stress Step Profile - 500 to 1000 VU 1-281
2026-08-16 15:16:13,798 INFO o.a.j.t.JMeterThread: Thread started: Stress Step Profile - 500 to 1000 VU 1-280
2026-08-16 15:16:13,918 INFO o.a.j.t.JMeterThread: Thread started: Stress Step Profile - 500 to 1000 VU 1-279
2026-08-16 15:16:14,038 INFO o.a.j.t.JMeterThread: Thread started: Stress Step Profile - 500 to 1000 VU 1-278
2026-08-16 15:16:14,158 INFO o.a.j.t.JMeterThread: Thread started: Stress Step Profile - 500 to 1000 VU 1-277
2026-08-16 15:16:14,279 INFO o.a.j.t.JMeterThread: Thread started: Stress Step Profile - 500 to 1000 VU 1-276
2026-08-16 15:16:14,399 INFO o.a.j.t.JMeterThread: Thread started: Stress Step Profile - 500 to 1000 VU 1-275
2026-08-16 15:16:14,519 INFO o.a.j.t.JMeterThread: Thread started: Stress Step Profile - 500 to 1000 VU 1-274
2026-08-16 15:16:14,638 INFO o.a.j.t.JMeterThread: Thread started: Stress Step Profile - 500 to 1000 VU 1-273
2026-08-16 15:16:14,758 INFO o.a.j.t.JMeterThread: Thread started: Stress Step Profile - 500 to 1000 VU 1-272
2026-08-16 15:16:14,880 INFO o.a.j.t.JMeterThread: Thread started: Stress Step Profile - 500 to 1000 VU 1-271
2026-08-16 15:16:14,998 INFO o.a.j.t.JMeterThread: Thread started: Stress Step Profile - 500 to 1000 VU 1-270
2026-08-16 15:16:15,118 INFO o.a.j.t.JMeterThread: Thread started: Stress Step Profile - 500 to 1000 VU 1-269
2026-08-16 15:16:15,238 INFO o.a.j.t.JMeterThread: Thread started: Stress Step Profile - 500 to 1000 VU 1-268
2026-08-16 15:16:15,358 INFO o.a.j.t.JMeterThread: Thread started: Stress Step Profile - 500 to 1000 VU 1-267
2026-08-16 15:16:15,478 INFO o.a.j.t.JMeterThread: Thread started: Stress Step Profile - 500 to 1000 VU 1-266
2026-08-16 15:16:15,599 INFO o.a.j.t.JMeterThread: Thread started: Stress Step Profile - 500 to 1000 VU 1-265
2026-08-16 15:16:15,718 INFO o.a.j.t.JMeterThread: Thread started: Stress Step Profile - 500 to 1000 VU 1-264
2026-08-16 15:16:15,839 INFO o.a.j.t.JMeterThread: Thread started: Stress Step Profile - 500 to 1000 VU 1-263
2026-08-16 15:16:15,958 INFO o.a.j.t.JMeterThread: Thread started: Stress Step Profile - 500 to 1000 VU 1-262
2026-08-16 15:16:16,079 INFO o.a.j.t.JMeterThread: Thread started: Stress Step Profile - 500 to 1000 VU 1-261
2026-08-16 15:16:16,198 INFO o.a.j.t.JMeterThread: Thread started: Stress Step Profile - 500 to 1000 VU 1-260
2026-08-16 15:16:16,319 INFO o.a.j.t.JMeterThread: Thread started: Stress Step Profile - 500 to 1000 VU 1-259
2026-08-16 15:16:16,438 INFO o.a.j.t.JMeterThread: Thread started: Stress Step Profile - 500 to 1000 VU 1-258
2026-08-16 15:16:16,558 INFO o.a.j.t.JMeterThread: Thread started: Stress Step Profile - 500 to 1000 VU 1-257
2026-08-16 15:16:16,678 INFO o.a.j.t.JMeterThread: Thread started: Stress Step Profile - 500 to 1000 VU 1-256
2026-08-16 15:16:16,798 INFO o.a.j.t.JMeterThread: Thread started: Stress Step Profile - 500 to 1000 VU 1-255
2026-08-16 15:16:16,919 INFO o.a.j.t.JMeterThread: Thread started: Stress Step Profile - 500 to 1000 VU 1-254
2026-08-16 15:16:17,038 INFO o.a.j.t.JMeterThread: Thread started: Stress Step Profile - 500 to 1000 VU 1-253
2026-08-16 15:16:17,158 INFO o.a.j.t.JMeterThread: Thread started: Stress Step Profile - 500 to 1000 VU 1-252
2026-08-16 15:16:17,278 INFO o.a.j.t.JMeterThread: Thread started: Stress Step Profile - 500 to 1000 VU 1-251
2026-08-16 15:16:17,399 INFO o.a.j.t.JMeterThread: Thread started: Stress Step Profile - 500 to 1000 VU 1-250
2026-08-16 15:16:17,518 INFO o.a.j.t.JMeterThread: Thread started: Stress Step Profile - 500 to 1000 VU 1-249
2026-08-16 15:16:17,639 INFO o.a.j.t.JMeterThread: Thread started: Stress Step Profile - 500 to 1000 VU 1-248
2026-08-16 15:16:17,759 INFO o.a.j.t.JMeterThread: Thread started: Stress Step Profile - 500 to 1000 VU 1-247
2026-08-16 15:16:17,878 INFO o.a.j.t.JMeterThread: Thread started: Stress Step Profile - 500 to 1000 VU 1-246
2026-08-16 15:16:17,999 INFO o.a.j.t.JMeterThread: Thread started: Stress Step Profile - 500 to 1000 VU 1-245
2026-08-16 15:16:18,118 INFO o.a.j.t.JMeterThread: Thread started: Stress Step Profile - 500 to 1000 VU 1-244
2026-08-16 15:16:18,238 INFO o.a.j.t.JMeterThread: Thread started: Stress Step Profile - 500 to 1000 VU 1-243
2026-08-16 15:16:18,358 INFO o.a.j.t.JMeterThread: Thread started: Stress Step Profile - 500 to 1000 VU 1-242
2026-08-16 15:16:18,478 INFO o.a.j.t.JMeterThread: Thread started: Stress Step Profile - 500 to 1000 VU 1-241
2026-08-16 15:16:18,598 INFO o.a.j.t.JMeterThread: Thread started: Stress Step Profile - 500 to 1000 VU 1-240
2026-08-16 15:16:18,718 INFO o.a.j.t.JMeterThread: Thread started: Stress Step Profile - 500 to 1000 VU 1-239
2026-08-16 15:16:18,838 INFO o.a.j.t.JMeterThread: Thread started: Stress Step Profile - 500 to 1000 VU 1-238
2026-08-16 15:16:18,958 INFO o.a.j.t.JMeterThread: Thread started: Stress Step Profile - 500 to 1000 VU 1-237
2026-08-16 15:16:19,078 INFO o.a.j.t.JMeterThread: Thread started: Stress Step Profile - 500 to 1000 VU 1-236
2026-08-16 15:16:19,198 INFO o.a.j.t.JMeterThread: Thread started: Stress Step Profile - 500 to 1000 VU 1-235
2026-08-16 15:16:19,318 INFO o.a.j.t.JMeterThread: Thread started: Stress Step Profile - 500 to 1000 VU 1-234
2026-08-16 15:16:19,438 INFO o.a.j.t.JMeterThread: Thread started: Stress Step Profile - 500 to 1000 VU 1-233
2026-08-16 15:16:19,559 INFO o.a.j.t.JMeterThread: Thread started: Stress Step Profile - 500 to 1000 VU 1-232
2026-08-16 15:16:19,678 INFO o.a.j.t.JMeterThread: Thread started: Stress Step Profile - 500 to 1000 VU 1-231
2026-08-16 15:16:19,799 INFO o.a.j.t.JMeterThread: Thread started: Stress Step Profile - 500 to 1000 VU 1-230
2026-08-16 15:16:19,918 INFO o.a.j.t.JMeterThread: Thread started: Stress Step Profile - 500 to 1000 VU 1-229
2026-08-16 15:16:20,038 INFO o.a.j.t.JMeterThread: Thread started: Stress Step Profile - 500 to 1000 VU 1-228
2026-08-16 15:16:20,158 INFO o.a.j.t.JMeterThread: Thread started: Stress Step Profile - 500 to 1000 VU 1-227
2026-08-16 15:16:20,279 INFO o.a.j.t.JMeterThread: Thread started: Stress Step Profile - 500 to 1000 VU 1-226
2026-08-16 15:16:20,399 INFO o.a.j.t.JMeterThread: Thread started: Stress Step Profile - 500 to 1000 VU 1-225
2026-08-16 15:16:20,519 INFO o.a.j.t.JMeterThread: Thread started: Stress Step Profile - 500 to 1000 VU 1-224
2026-08-16 15:16:20,639 INFO o.a.j.t.JMeterThread: Thread started: Stress Step Profile - 500 to 1000 VU 1-223
2026-08-16 15:16:20,759 INFO o.a.j.t.JMeterThread: Thread started: Stress Step Profile - 500 to 1000 VU 1-222
2026-08-16 15:16:20,879 INFO o.a.j.t.JMeterThread: Thread started: Stress Step Profile - 500 to 1000 VU 1-221
2026-08-16 15:16:20,999 INFO o.a.j.t.JMeterThread: Thread started: Stress Step Profile - 500 to 1000 VU 1-220
2026-08-16 15:16:21,119 INFO o.a.j.t.JMeterThread: Thread started: Stress Step Profile - 500 to 1000 VU 1-219
2026-08-16 15:16:21,238 INFO o.a.j.t.JMeterThread: Thread started: Stress Step Profile - 500 to 1000 VU 1-218
2026-08-16 15:16:21,359 INFO o.a.j.t.JMeterThread: Thread started: Stress Step Profile - 500 to 1000 VU 1-217
2026-08-16 15:16:21,479 INFO o.a.j.t.JMeterThread: Thread started: Stress Step Profile - 500 to 1000 VU 1-216
2026-08-16 15:16:21,599 INFO o.a.j.t.JMeterThread: Thread started: Stress Step Profile - 500 to 1000 VU 1-215
2026-08-16 15:16:21,719 INFO o.a.j.t.JMeterThread: Thread started: Stress Step Profile - 500 to 1000 VU 1-214
2026-08-16 15:16:21,839 INFO o.a.j.t.JMeterThread: Thread started: Stress Step Profile - 500 to 1000 VU 1-213
2026-08-16 15:16:21,959 INFO o.a.j.t.JMeterThread: Thread started: Stress Step Profile - 500 to 1000 VU 1-212
2026-08-16 15:16:22,079 INFO o.a.j.t.JMeterThread: Thread started: Stress Step Profile - 500 to 1000 VU 1-211
2026-08-16 15:16:22,198 INFO o.a.j.t.JMeterThread: Thread started: Stress Step Profile - 500 to 1000 VU 1-210
2026-08-16 15:16:22,319 INFO o.a.j.t.JMeterThread: Thread started: Stress Step Profile - 500 to 1000 VU 1-209
2026-08-16 15:16:22,439 INFO o.a.j.t.JMeterThread: Thread started: Stress Step Profile - 500 to 1000 VU 1-208
2026-08-16 15:16:22,559 INFO o.a.j.t.JMeterThread: Thread started: Stress Step Profile - 500 to 1000 VU 1-207
2026-08-16 15:16:22,678 INFO o.a.j.t.JMeterThread: Thread started: Stress Step Profile - 500 to 1000 VU 1-206
2026-08-16 15:16:22,799 INFO o.a.j.t.JMeterThread: Thread started: Stress Step Profile - 500 to 1000 VU 1-205
2026-08-16 15:16:22,918 INFO o.a.j.t.JMeterThread: Thread started: Stress Step Profile - 500 to 1000 VU 1-204
2026-08-16 15:16:23,038 INFO o.a.j.t.JMeterThread: Thread started: Stress Step Profile - 500 to 1000 VU 1-203
2026-08-16 15:16:23,158 INFO o.a.j.t.JMeterThread: Thread started: Stress Step Profile - 500 to 1000 VU 1-202
2026-08-16 15:16:23,278 INFO o.a.j.t.JMeterThread: Thread started: Stress Step Profile - 500 to 1000 VU 1-201
2026-08-16 15:16:23,398 INFO o.a.j.t.JMeterThread: Thread started: Stress Step Profile - 500 to 1000 VU 1-200
2026-08-16 15:16:23,519 INFO o.a.j.t.JMeterThread: Thread started: Stress Step Profile - 500 to 1000 VU 1-199
2026-08-16 15:16:23,638 INFO o.a.j.t.JMeterThread: Thread started: Stress Step Profile - 500 to 1000 VU 1-198
2026-08-16 15:16:23,759 INFO o.a.j.t.JMeterThread: Thread started: Stress Step Profile - 500 to 1000 VU 1-197
2026-08-16 15:16:23,879 INFO o.a.j.t.JMeterThread: Thread started: Stress Step Profile - 500 to 1000 VU 1-196
2026-08-16 15:16:23,998 INFO o.a.j.t.JMeterThread: Thread started: Stress Step Profile - 500 to 1000 VU 1-195
2026-08-16 15:16:24,119 INFO o.a.j.t.JMeterThread: Thread started: Stress Step Profile - 500 to 1000 VU 1-194
2026-08-16 15:16:24,239 INFO o.a.j.t.JMeterThread: Thread started: Stress Step Profile - 500 to 1000 VU 1-193
2026-08-16 15:16:24,358 INFO o.a.j.t.JMeterThread: Thread started: Stress Step Profile - 500 to 1000 VU 1-192
2026-08-16 15:16:24,479 INFO o.a.j.t.JMeterThread: Thread started: Stress Step Profile - 500 to 1000 VU 1-191
2026-08-16 15:16:24,599 INFO o.a.j.t.JMeterThread: Thread started: Stress Step Profile - 500 to 1000 VU 1-190
2026-08-16 15:16:24,719 INFO o.a.j.t.JMeterThread: Thread started: Stress Step Profile - 500 to 1000 VU 1-189
2026-08-16 15:16:24,839 INFO o.a.j.t.JMeterThread: Thread started: Stress Step Profile - 500 to 1000 VU 1-188
2026-08-16 15:16:24,959 INFO o.a.j.t.JMeterThread: Thread started: Stress Step Profile - 500 to 1000 VU 1-187
2026-08-16 15:16:25,079 INFO o.a.j.t.JMeterThread: Thread started: Stress Step Profile - 500 to 1000 VU 1-186
2026-08-16 15:16:25,200 INFO o.a.j.t.JMeterThread: Thread started: Stress Step Profile - 500 to 1000 VU 1-185
2026-08-16 15:16:25,319 INFO o.a.j.t.JMeterThread: Thread started: Stress Step Profile - 500 to 1000 VU 1-184
2026-08-16 15:16:25,439 INFO o.a.j.t.JMeterThread: Thread started: Stress Step Profile - 500 to 1000 VU 1-183
2026-08-16 15:16:25,559 INFO o.a.j.t.JMeterThread: Thread started: Stress Step Profile - 500 to 1000 VU 1-182
2026-08-16 15:16:25,679 INFO o.a.j.t.JMeterThread: Thread started: Stress Step Profile - 500 to 1000 VU 1-181
2026-08-16 15:16:25,798 INFO o.a.j.t.JMeterThread: Thread started: Stress Step Profile - 500 to 1000 VU 1-180
2026-08-16 15:16:25,919 INFO o.a.j.t.JMeterThread: Thread started: Stress Step Profile - 500 to 1000 VU 1-179
2026-08-16 15:16:26,038 INFO o.a.j.t.JMeterThread: Thread started: Stress Step Profile - 500 to 1000 VU 1-178
2026-08-16 15:16:26,158 INFO o.a.j.t.JMeterThread: Thread started: Stress Step Profile - 500 to 1000 VU 1-177
2026-08-16 15:16:26,279 INFO o.a.j.t.JMeterThread: Thread started: Stress Step Profile - 500 to 1000 VU 1-176
2026-08-16 15:16:26,400 INFO o.a.j.t.JMeterThread: Thread started: Stress Step Profile - 500 to 1000 VU 1-175
2026-08-16 15:16:26,518 INFO o.a.j.t.JMeterThread: Thread started: Stress Step Profile - 500 to 1000 VU 1-174
2026-08-16 15:16:26,638 INFO o.a.j.t.JMeterThread: Thread started: Stress Step Profile - 500 to 1000 VU 1-173
2026-08-16 15:16:26,758 INFO o.a.j.t.JMeterThread: Thread started: Stress Step Profile - 500 to 1000 VU 1-172
2026-08-16 15:16:26,878 INFO o.a.j.t.JMeterThread: Thread started: Stress Step Profile - 500 to 1000 VU 1-171
2026-08-16 15:16:26,998 INFO o.a.j.t.JMeterThread: Thread started: Stress Step Profile - 500 to 1000 VU 1-170
2026-08-16 15:16:27,118 INFO o.a.j.t.JMeterThread: Thread started: Stress Step Profile - 500 to 1000 VU 1-169
2026-08-16 15:16:27,238 INFO o.a.j.t.JMeterThread: Thread started: Stress Step Profile - 500 to 1000 VU 1-168
2026-08-16 15:16:27,358 INFO o.a.j.t.JMeterThread: Thread started: Stress Step Profile - 500 to 1000 VU 1-167
2026-08-16 15:16:27,478 INFO o.a.j.t.JMeterThread: Thread started: Stress Step Profile - 500 to 1000 VU 1-166
2026-08-16 15:16:27,599 INFO o.a.j.t.JMeterThread: Thread started: Stress Step Profile - 500 to 1000 VU 1-165
2026-08-16 15:16:27,719 INFO o.a.j.t.JMeterThread: Thread started: Stress Step Profile - 500 to 1000 VU 1-164
2026-08-16 15:16:27,838 INFO o.a.j.t.JMeterThread: Thread started: Stress Step Profile - 500 to 1000 VU 1-163
2026-08-16 15:16:27,959 INFO o.a.j.t.JMeterThread: Thread started: Stress Step Profile - 500 to 1000 VU 1-162
2026-08-16 15:16:28,078 INFO o.a.j.t.JMeterThread: Thread started: Stress Step Profile - 500 to 1000 VU 1-161
2026-08-16 15:16:28,198 INFO o.a.j.t.JMeterThread: Thread started: Stress Step Profile - 500 to 1000 VU 1-160
2026-08-16 15:16:28,319 INFO o.a.j.t.JMeterThread: Thread started: Stress Step Profile - 500 to 1000 VU 1-159
2026-08-16 15:16:28,439 INFO o.a.j.t.JMeterThread: Thread started: Stress Step Profile - 500 to 1000 VU 1-158
2026-08-16 15:16:28,559 INFO o.a.j.t.JMeterThread: Thread started: Stress Step Profile - 500 to 1000 VU 1-157
2026-08-16 15:16:28,679 INFO o.a.j.t.JMeterThread: Thread started: Stress Step Profile - 500 to 1000 VU 1-156
2026-08-16 15:16:28,798 INFO o.a.j.t.JMeterThread: Thread started: Stress Step Profile - 500 to 1000 VU 1-155
2026-08-16 15:16:28,918 INFO o.a.j.t.JMeterThread: Thread started: Stress Step Profile - 500 to 1000 VU 1-154
2026-08-16 15:16:29,038 INFO o.a.j.t.JMeterThread: Thread started: Stress Step Profile - 500 to 1000 VU 1-153
2026-08-16 15:16:29,158 INFO o.a.j.t.JMeterThread: Thread started: Stress Step Profile - 500 to 1000 VU 1-152
2026-08-16 15:16:29,279 INFO o.a.j.t.JMeterThread: Thread started: Stress Step Profile - 500 to 1000 VU 1-151
2026-08-16 15:16:29,399 INFO o.a.j.t.JMeterThread: Thread started: Stress Step Profile - 500 to 1000 VU 1-150
2026-08-16 15:16:29,519 INFO o.a.j.t.JMeterThread: Thread started: Stress Step Profile - 500 to 1000 VU 1-149
2026-08-16 15:16:29,638 INFO o.a.j.t.JMeterThread: Thread started: Stress Step Profile - 500 to 1000 VU 1-148
2026-08-16 15:16:29,759 INFO o.a.j.t.JMeterThread: Thread started: Stress Step Profile - 500 to 1000 VU 1-147
2026-08-16 15:16:29,879 INFO o.a.j.t.JMeterThread: Thread started: Stress Step Profile - 500 to 1000 VU 1-146
2026-08-16 15:16:29,999 INFO o.a.j.t.JMeterThread: Thread started: Stress Step Profile - 500 to 1000 VU 1-145
2026-08-16 15:16:30,118 INFO o.a.j.t.JMeterThread: Thread started: Stress Step Profile - 500 to 1000 VU 1-144
2026-08-16 15:16:30,239 INFO o.a.j.t.JMeterThread: Thread started: Stress Step Profile - 500 to 1000 VU 1-143
2026-08-16 15:16:30,358 INFO o.a.j.t.JMeterThread: Thread started: Stress Step Profile - 500 to 1000 VU 1-142
2026-08-16 15:16:30,478 INFO o.a.j.t.JMeterThread: Thread started: Stress Step Profile - 500 to 1000 VU 1-141
2026-08-16 15:16:30,598 INFO o.a.j.t.JMeterThread: Thread started: Stress Step Profile - 500 to 1000 VU 1-140
2026-08-16 15:16:30,718 INFO o.a.j.t.JMeterThread: Thread started: Stress Step Profile - 500 to 1000 VU 1-139
2026-08-16 15:16:30,838 INFO o.a.j.t.JMeterThread: Thread started: Stress Step Profile - 500 to 1000 VU 1-138
2026-08-16 15:16:30,958 INFO o.a.j.t.JMeterThread: Thread started: Stress Step Profile - 500 to 1000 VU 1-137
2026-08-16 15:16:31,078 INFO o.a.j.t.JMeterThread: Thread started: Stress Step Profile - 500 to 1000 VU 1-136
2026-08-16 15:16:31,198 INFO o.a.j.t.JMeterThread: Thread started: Stress Step Profile - 500 to 1000 VU 1-135
2026-08-16 15:16:31,319 INFO o.a.j.t.JMeterThread: Thread started: Stress Step Profile - 500 to 1000 VU 1-134
2026-08-16 15:16:31,438 INFO o.a.j.t.JMeterThread: Thread started: Stress Step Profile - 500 to 1000 VU 1-133
2026-08-16 15:16:31,559 INFO o.a.j.t.JMeterThread: Thread started: Stress Step Profile - 500 to 1000 VU 1-132
2026-08-16 15:16:31,678 INFO o.a.j.t.JMeterThread: Thread started: Stress Step Profile - 500 to 1000 VU 1-131
2026-08-16 15:16:31,799 INFO o.a.j.t.JMeterThread: Thread started: Stress Step Profile - 500 to 1000 VU 1-130
2026-08-16 15:16:31,918 INFO o.a.j.t.JMeterThread: Thread started: Stress Step Profile - 500 to 1000 VU 1-129
2026-08-16 15:16:32,038 INFO o.a.j.t.JMeterThread: Thread started: Stress Step Profile - 500 to 1000 VU 1-128
2026-08-16 15:16:32,159 INFO o.a.j.t.JMeterThread: Thread started: Stress Step Profile - 500 to 1000 VU 1-127
2026-08-16 15:16:32,280 INFO o.a.j.t.JMeterThread: Thread started: Stress Step Profile - 500 to 1000 VU 1-126
2026-08-16 15:16:32,398 INFO o.a.j.t.JMeterThread: Thread started: Stress Step Profile - 500 to 1000 VU 1-125
2026-08-16 15:16:32,519 INFO o.a.j.t.JMeterThread: Thread started: Stress Step Profile - 500 to 1000 VU 1-124
2026-08-16 15:16:32,638 INFO o.a.j.t.JMeterThread: Thread started: Stress Step Profile - 500 to 1000 VU 1-123
2026-08-16 15:16:32,758 INFO o.a.j.t.JMeterThread: Thread started: Stress Step Profile - 500 to 1000 VU 1-122
2026-08-16 15:16:32,879 INFO o.a.j.t.JMeterThread: Thread started: Stress Step Profile - 500 to 1000 VU 1-121
2026-08-16 15:16:32,998 INFO o.a.j.t.JMeterThread: Thread started: Stress Step Profile - 500 to 1000 VU 1-120
2026-08-16 15:16:33,120 INFO o.a.j.t.JMeterThread: Thread started: Stress Step Profile - 500 to 1000 VU 1-119
2026-08-16 15:16:33,238 INFO o.a.j.t.JMeterThread: Thread started: Stress Step Profile - 500 to 1000 VU 1-118
2026-08-16 15:16:33,358 INFO o.a.j.t.JMeterThread: Thread started: Stress Step Profile - 500 to 1000 VU 1-117
2026-08-16 15:16:33,478 INFO o.a.j.t.JMeterThread: Thread started: Stress Step Profile - 500 to 1000 VU 1-116
2026-08-16 15:16:33,598 INFO o.a.j.t.JMeterThread: Thread started: Stress Step Profile - 500 to 1000 VU 1-115
2026-08-16 15:16:33,718 INFO o.a.j.t.JMeterThread: Thread started: Stress Step Profile - 500 to 1000 VU 1-114
2026-08-16 15:16:33,838 INFO o.a.j.t.JMeterThread: Thread started: Stress Step Profile - 500 to 1000 VU 1-113
2026-08-16 15:16:33,958 INFO o.a.j.t.JMeterThread: Thread started: Stress Step Profile - 500 to 1000 VU 1-112
2026-08-16 15:16:34,078 INFO o.a.j.t.JMeterThread: Thread started: Stress Step Profile - 500 to 1000 VU 1-111
2026-08-16 15:16:34,198 INFO o.a.j.t.JMeterThread: Thread started: Stress Step Profile - 500 to 1000 VU 1-110
2026-08-16 15:16:34,319 INFO o.a.j.t.JMeterThread: Thread started: Stress Step Profile - 500 to 1000 VU 1-109
2026-08-16 15:16:34,439 INFO o.a.j.t.JMeterThread: Thread started: Stress Step Profile - 500 to 1000 VU 1-108
2026-08-16 15:16:34,559 INFO o.a.j.t.JMeterThread: Thread started: Stress Step Profile - 500 to 1000 VU 1-107
2026-08-16 15:16:34,678 INFO o.a.j.t.JMeterThread: Thread started: Stress Step Profile - 500 to 1000 VU 1-106
2026-08-16 15:16:34,799 INFO o.a.j.t.JMeterThread: Thread started: Stress Step Profile - 500 to 1000 VU 1-105
2026-08-16 15:16:34,919 INFO o.a.j.t.JMeterThread: Thread started: Stress Step Profile - 500 to 1000 VU 1-104
2026-08-16 15:16:35,038 INFO o.a.j.t.JMeterThread: Thread started: Stress Step Profile - 500 to 1000 VU 1-103
2026-08-16 15:16:35,160 INFO o.a.j.t.JMeterThread: Thread started: Stress Step Profile - 500 to 1000 VU 1-102
2026-08-16 15:16:35,279 INFO o.a.j.t.JMeterThread: Thread started: Stress Step Profile - 500 to 1000 VU 1-101
2026-08-16 15:16:35,399 INFO o.a.j.t.JMeterThread: Thread started: Stress Step Profile - 500 to 1000 VU 1-100
2026-08-16 15:16:35,519 INFO o.a.j.t.JMeterThread: Thread started: Stress Step Profile - 500 to 1000 VU 1-99
2026-08-16 15:16:35,639 INFO o.a.j.t.JMeterThread: Thread started: Stress Step Profile - 500 to 1000 VU 1-98
2026-08-16 15:16:35,759 INFO o.a.j.t.JMeterThread: Thread started: Stress Step Profile - 500 to 1000 VU 1-97
2026-08-16 15:16:35,879 INFO o.a.j.t.JMeterThread: Thread started: Stress Step Profile - 500 to 1000 VU 1-96
2026-08-16 15:16:35,998 INFO o.a.j.t.JMeterThread: Thread started: Stress Step Profile - 500 to 1000 VU 1-95
2026-08-16 15:16:36,119 INFO o.a.j.t.JMeterThread: Thread started: Stress Step Profile - 500 to 1000 VU 1-94
2026-08-16 15:16:36,239 INFO o.a.j.t.JMeterThread: Thread started: Stress Step Profile - 500 to 1000 VU 1-93
2026-08-16 15:16:36,359 INFO o.a.j.t.JMeterThread: Thread started: Stress Step Profile - 500 to 1000 VU 1-92
2026-08-16 15:16:36,479 INFO o.a.j.t.JMeterThread: Thread started: Stress Step Profile - 500 to 1000 VU 1-91
2026-08-16 15:16:36,598 INFO o.a.j.t.JMeterThread: Thread started: Stress Step Profile - 500 to 1000 VU 1-90
2026-08-16 15:16:36,718 INFO o.a.j.t.JMeterThread: Thread started: Stress Step Profile - 500 to 1000 VU 1-89
2026-08-16 15:16:36,838 INFO o.a.j.t.JMeterThread: Thread started: Stress Step Profile - 500 to 1000 VU 1-88
2026-08-16 15:16:36,958 INFO o.a.j.t.JMeterThread: Thread started: Stress Step Profile - 500 to 1000 VU 1-87
2026-08-16 15:16:37,078 INFO o.a.j.t.JMeterThread: Thread started: Stress Step Profile - 500 to 1000 VU 1-86
2026-08-16 15:16:37,198 INFO o.a.j.t.JMeterThread: Thread started: Stress Step Profile - 500 to 1000 VU 1-85
2026-08-16 15:16:37,319 INFO o.a.j.t.JMeterThread: Thread started: Stress Step Profile - 500 to 1000 VU 1-84
2026-08-16 15:16:37,439 INFO o.a.j.t.JMeterThread: Thread started: Stress Step Profile - 500 to 1000 VU 1-83
2026-08-16 15:16:37,559 INFO o.a.j.t.JMeterThread: Thread started: Stress Step Profile - 500 to 1000 VU 1-82
2026-08-16 15:16:37,678 INFO o.a.j.t.JMeterThread: Thread started: Stress Step Profile - 500 to 1000 VU 1-81
2026-08-16 15:16:37,798 INFO o.a.j.t.JMeterThread: Thread started: Stress Step Profile - 500 to 1000 VU 1-80
2026-08-16 15:16:37,918 INFO o.a.j.t.JMeterThread: Thread started: Stress Step Profile - 500 to 1000 VU 1-79
2026-08-16 15:16:38,039 INFO o.a.j.t.JMeterThread: Thread started: Stress Step Profile - 500 to 1000 VU 1-78
2026-08-16 15:16:38,159 INFO o.a.j.t.JMeterThread: Thread started: Stress Step Profile - 500 to 1000 VU 1-77
2026-08-16 15:16:38,279 INFO o.a.j.t.JMeterThread: Thread started: Stress Step Profile - 500 to 1000 VU 1-76
2026-08-16 15:16:38,399 INFO o.a.j.t.JMeterThread: Thread started: Stress Step Profile - 500 to 1000 VU 1-75
2026-08-16 15:16:38,518 INFO o.a.j.t.JMeterThread: Thread started: Stress Step Profile - 500 to 1000 VU 1-74
2026-08-16 15:16:38,639 INFO o.a.j.t.JMeterThread: Thread started: Stress Step Profile - 500 to 1000 VU 1-73
2026-08-16 15:16:38,759 INFO o.a.j.t.JMeterThread: Thread started: Stress Step Profile - 500 to 1000 VU 1-72
2026-08-16 15:16:38,879 INFO o.a.j.t.JMeterThread: Thread started: Stress Step Profile - 500 to 1000 VU 1-71
2026-08-16 15:16:38,999 INFO o.a.j.t.JMeterThread: Thread started: Stress Step Profile - 500 to 1000 VU 1-70
2026-08-16 15:16:39,119 INFO o.a.j.t.JMeterThread: Thread started: Stress Step Profile - 500 to 1000 VU 1-69
2026-08-16 15:16:39,239 INFO o.a.j.t.JMeterThread: Thread started: Stress Step Profile - 500 to 1000 VU 1-68
2026-08-16 15:16:39,358 INFO o.a.j.t.JMeterThread: Thread started: Stress Step Profile - 500 to 1000 VU 1-67
2026-08-16 15:16:39,479 INFO o.a.j.t.JMeterThread: Thread started: Stress Step Profile - 500 to 1000 VU 1-66
2026-08-16 15:16:39,599 INFO o.a.j.t.JMeterThread: Thread started: Stress Step Profile - 500 to 1000 VU 1-65
2026-08-16 15:16:39,719 INFO o.a.j.t.JMeterThread: Thread started: Stress Step Profile - 500 to 1000 VU 1-64
2026-08-16 15:16:39,839 INFO o.a.j.t.JMeterThread: Thread started: Stress Step Profile - 500 to 1000 VU 1-63
2026-08-16 15:16:39,958 INFO o.a.j.t.JMeterThread: Thread started: Stress Step Profile - 500 to 1000 VU 1-62
2026-08-16 15:16:40,079 INFO o.a.j.t.JMeterThread: Thread started: Stress Step Profile - 500 to 1000 VU 1-61
2026-08-16 15:16:40,198 INFO o.a.j.t.JMeterThread: Thread started: Stress Step Profile - 500 to 1000 VU 1-60
2026-08-16 15:16:40,318 INFO o.a.j.t.JMeterThread: Thread started: Stress Step Profile - 500 to 1000 VU 1-59
2026-08-16 15:16:40,438 INFO o.a.j.t.JMeterThread: Thread started: Stress Step Profile - 500 to 1000 VU 1-58
2026-08-16 15:16:40,558 INFO o.a.j.t.JMeterThread: Thread started: Stress Step Profile - 500 to 1000 VU 1-57
2026-08-16 15:16:40,678 INFO o.a.j.t.JMeterThread: Thread started: Stress Step Profile - 500 to 1000 VU 1-56
2026-08-16 15:16:40,798 INFO o.a.j.t.JMeterThread: Thread started: Stress Step Profile - 500 to 1000 VU 1-55
2026-08-16 15:16:40,919 INFO o.a.j.t.JMeterThread: Thread started: Stress Step Profile - 500 to 1000 VU 1-54
2026-08-16 15:16:41,038 INFO o.a.j.t.JMeterThread: Thread started: Stress Step Profile - 500 to 1000 VU 1-53
2026-08-16 15:16:41,158 INFO o.a.j.t.JMeterThread: Thread started: Stress Step Profile - 500 to 1000 VU 1-52
2026-08-16 15:16:41,278 INFO o.a.j.t.JMeterThread: Thread started: Stress Step Profile - 500 to 1000 VU 1-51
2026-08-16 15:16:41,398 INFO o.a.j.t.JMeterThread: Thread started: Stress Step Profile - 500 to 1000 VU 1-50
2026-08-16 15:16:41,519 INFO o.a.j.t.JMeterThread: Thread started: Stress Step Profile - 500 to 1000 VU 1-49
2026-08-16 15:16:41,638 INFO o.a.j.t.JMeterThread: Thread started: Stress Step Profile - 500 to 1000 VU 1-48
2026-08-16 15:16:41,758 INFO o.a.j.t.JMeterThread: Thread started: Stress Step Profile - 500 to 1000 VU 1-47
2026-08-16 15:16:41,878 INFO o.a.j.t.JMeterThread: Thread started: Stress Step Profile - 500 to 1000 VU 1-46
2026-08-16 15:16:41,998 INFO o.a.j.t.JMeterThread: Thread started: Stress Step Profile - 500 to 1000 VU 1-45
2026-08-16 15:16:42,118 INFO o.a.j.t.JMeterThread: Thread started: Stress Step Profile - 500 to 1000 VU 1-44
2026-08-16 15:16:42,238 INFO o.a.j.t.JMeterThread: Thread started: Stress Step Profile - 500 to 1000 VU 1-43
2026-08-16 15:16:42,358 INFO o.a.j.t.JMeterThread: Thread started: Stress Step Profile - 500 to 1000 VU 1-42
2026-08-16 15:16:42,479 INFO o.a.j.t.JMeterThread: Thread started: Stress Step Profile - 500 to 1000 VU 1-41
2026-08-16 15:16:42,598 INFO o.a.j.t.JMeterThread: Thread started: Stress Step Profile - 500 to 1000 VU 1-40
2026-08-16 15:16:42,719 INFO o.a.j.t.JMeterThread: Thread started: Stress Step Profile - 500 to 1000 VU 1-39
2026-08-16 15:16:42,839 INFO o.a.j.t.JMeterThread: Thread started: Stress Step Profile - 500 to 1000 VU 1-38
2026-08-16 15:16:42,959 INFO o.a.j.t.JMeterThread: Thread started: Stress Step Profile - 500 to 1000 VU 1-37
2026-08-16 15:16:43,079 INFO o.a.j.t.JMeterThread: Thread started: Stress Step Profile - 500 to 1000 VU 1-36
2026-08-16 15:16:43,199 INFO o.a.j.t.JMeterThread: Thread started: Stress Step Profile - 500 to 1000 VU 1-35
2026-08-16 15:16:43,319 INFO o.a.j.t.JMeterThread: Thread started: Stress Step Profile - 500 to 1000 VU 1-34
2026-08-16 15:16:43,438 INFO o.a.j.t.JMeterThread: Thread started: Stress Step Profile - 500 to 1000 VU 1-33
2026-08-16 15:16:43,559 INFO o.a.j.t.JMeterThread: Thread started: Stress Step Profile - 500 to 1000 VU 1-32
2026-08-16 15:16:43,679 INFO o.a.j.t.JMeterThread: Thread started: Stress Step Profile - 500 to 1000 VU 1-31
2026-08-16 15:16:43,799 INFO o.a.j.t.JMeterThread: Thread started: Stress Step Profile - 500 to 1000 VU 1-30
2026-08-16 15:16:43,919 INFO o.a.j.t.JMeterThread: Thread started: Stress Step Profile - 500 to 1000 VU 1-29
2026-08-16 15:16:44,040 INFO o.a.j.t.JMeterThread: Thread started: Stress Step Profile - 500 to 1000 VU 1-28
2026-08-16 15:16:44,159 INFO o.a.j.t.JMeterThread: Thread started: Stress Step Profile - 500 to 1000 VU 1-27
2026-08-16 15:16:44,278 INFO o.a.j.t.JMeterThread: Thread started: Stress Step Profile - 500 to 1000 VU 1-26
2026-08-16 15:16:44,398 INFO o.a.j.t.JMeterThread: Thread started: Stress Step Profile - 500 to 1000 VU 1-25
2026-08-16 15:16:44,518 INFO o.a.j.t.JMeterThread: Thread started: Stress Step Profile - 500 to 1000 VU 1-24
2026-08-16 15:16:44,639 INFO o.a.j.t.JMeterThread: Thread started: Stress Step Profile - 500 to 1000 VU 1-23
2026-08-16 15:16:44,758 INFO o.a.j.t.JMeterThread: Thread started: Stress Step Profile - 500 to 1000 VU 1-22
2026-08-16 15:16:44,878 INFO o.a.j.t.JMeterThread: Thread started: Stress Step Profile - 500 to 1000 VU 1-21
2026-08-16 15:16:44,998 INFO o.a.j.t.JMeterThread: Thread started: Stress Step Profile - 500 to 1000 VU 1-20
2026-08-16 15:16:45,118 INFO o.a.j.t.JMeterThread: Thread started: Stress Step Profile - 500 to 1000 VU 1-19
2026-08-16 15:16:45,238 INFO o.a.j.t.JMeterThread: Thread started: Stress Step Profile - 500 to 1000 VU 1-18
2026-08-16 15:16:45,359 INFO o.a.j.t.JMeterThread: Thread started: Stress Step Profile - 500 to 1000 VU 1-17
2026-08-16 15:16:45,479 INFO o.a.j.t.JMeterThread: Thread started: Stress Step Profile - 500 to 1000 VU 1-16
2026-08-16 15:16:45,598 INFO o.a.j.t.JMeterThread: Thread started: Stress Step Profile - 500 to 1000 VU 1-15
2026-08-16 15:16:45,719 INFO o.a.j.t.JMeterThread: Thread started: Stress Step Profile - 500 to 1000 VU 1-14
2026-08-16 15:16:45,838 INFO o.a.j.t.JMeterThread: Thread started: Stress Step Profile - 500 to 1000 VU 1-13
2026-08-16 15:16:45,958 INFO o.a.j.t.JMeterThread: Thread started: Stress Step Profile - 500 to 1000 VU 1-12
2026-08-16 15:16:46,079 INFO o.a.j.t.JMeterThread: Thread started: Stress Step Profile - 500 to 1000 VU 1-11
2026-08-16 15:16:46,198 INFO o.a.j.t.JMeterThread: Thread started: Stress Step Profile - 500 to 1000 VU 1-10
2026-08-16 15:16:46,319 INFO o.a.j.t.JMeterThread: Thread started: Stress Step Profile - 500 to 1000 VU 1-9
2026-08-16 15:16:46,439 INFO o.a.j.t.JMeterThread: Thread started: Stress Step Profile - 500 to 1000 VU 1-8
2026-08-16 15:16:46,559 INFO o.a.j.t.JMeterThread: Thread started: Stress Step Profile - 500 to 1000 VU 1-7
2026-08-16 15:16:46,678 INFO o.a.j.t.JMeterThread: Thread started: Stress Step Profile - 500 to 1000 VU 1-6
2026-08-16 15:16:46,798 INFO o.a.j.t.JMeterThread: Thread started: Stress Step Profile - 500 to 1000 VU 1-5
2026-08-16 15:16:46,919 INFO o.a.j.t.JMeterThread: Thread started: Stress Step Profile - 500 to 1000 VU 1-4
2026-08-16 15:16:47,038 INFO o.a.j.t.JMeterThread: Thread started: Stress Step Profile - 500 to 1000 VU 1-3
2026-08-16 15:16:47,159 INFO o.a.j.t.JMeterThread: Thread started: Stress Step Profile - 500 to 1000 VU 1-2
2026-08-16 15:16:47,279 INFO o.a.j.t.JMeterThread: Thread started: Stress Step Profile - 500 to 1000 VU 1-1
2026-08-16 15:18:47,678 INFO o.a.j.t.JMeterThread: Thread started: Stress Step Profile - 500 to 1000 VU 1-650
2026-08-16 15:18:48,078 INFO o.a.j.t.JMeterThread: Thread started: Stress Step Profile - 500 to 1000 VU 1-649
2026-08-16 15:18:48,478 INFO o.a.j.t.JMeterThread: Thread started: Stress Step Profile - 500 to 1000 VU 1-648
2026-08-16 15:18:48,879 INFO o.a.j.t.JMeterThread: Thread started: Stress Step Profile - 500 to 1000 VU 1-647
2026-08-16 15:18:49,279 INFO o.a.j.t.JMeterThread: Thread started: Stress Step Profile - 500 to 1000 VU 1-646
2026-08-16 15:18:49,679 INFO o.a.j.t.JMeterThread: Thread started: Stress Step Profile - 500 to 1000 VU 1-645
2026-08-16 15:18:50,079 INFO o.a.j.t.JMeterThread: Thread started: Stress Step Profile - 500 to 1000 VU 1-644
2026-08-16 15:18:50,480 INFO o.a.j.t.JMeterThread: Thread started: Stress Step Profile - 500 to 1000 VU 1-643
2026-08-16 15:18:50,878 INFO o.a.j.t.JMeterThread: Thread started: Stress Step Profile - 500 to 1000 VU 1-642
2026-08-16 15:18:51,278 INFO o.a.j.t.JMeterThread: Thread started: Stress Step Profile - 500 to 1000 VU 1-641
2026-08-16 15:18:51,679 INFO o.a.j.t.JMeterThread: Thread started: Stress Step Profile - 500 to 1000 VU 1-640
2026-08-16 15:18:52,078 INFO o.a.j.t.JMeterThread: Thread started: Stress Step Profile - 500 to 1000 VU 1-639
2026-08-16 15:18:52,478 INFO o.a.j.t.JMeterThread: Thread started: Stress Step Profile - 500 to 1000 VU 1-638
2026-08-16 15:18:52,878 INFO o.a.j.t.JMeterThread: Thread started: Stress Step Profile - 500 to 1000 VU 1-637
2026-08-16 15:18:53,279 INFO o.a.j.t.JMeterThread: Thread started: Stress Step Profile - 500 to 1000 VU 1-636
2026-08-16 15:18:53,678 INFO o.a.j.t.JMeterThread: Thread started: Stress Step Profile - 500 to 1000 VU 1-635
2026-08-16 15:18:54,081 INFO o.a.j.t.JMeterThread: Thread started: Stress Step Profile - 500 to 1000 VU 1-634
2026-08-16 15:18:54,479 INFO o.a.j.t.JMeterThread: Thread started: Stress Step Profile - 500 to 1000 VU 1-633
2026-08-16 15:18:54,878 INFO o.a.j.t.JMeterThread: Thread started: Stress Step Profile - 500 to 1000 VU 1-632
2026-08-16 15:18:55,279 INFO o.a.j.t.JMeterThread: Thread started: Stress Step Profile - 500 to 1000 VU 1-631
2026-08-16 15:18:55,678 INFO o.a.j.t.JMeterThread: Thread started: Stress Step Profile - 500 to 1000 VU 1-630
2026-08-16 15:18:56,079 INFO o.a.j.t.JMeterThread: Thread started: Stress Step Profile - 500 to 1000 VU 1-629
2026-08-16 15:18:56,479 INFO o.a.j.t.JMeterThread: Thread started: Stress Step Profile - 500 to 1000 VU 1-628
2026-08-16 15:18:56,879 INFO o.a.j.t.JMeterThread: Thread started: Stress Step Profile - 500 to 1000 VU 1-627
2026-08-16 15:18:57,279 INFO o.a.j.t.JMeterThread: Thread started: Stress Step Profile - 500 to 1000 VU 1-626
2026-08-16 15:18:57,678 INFO o.a.j.t.JMeterThread: Thread started: Stress Step Profile - 500 to 1000 VU 1-625
2026-08-16 15:18:58,079 INFO o.a.j.t.JMeterThread: Thread started: Stress Step Profile - 500 to 1000 VU 1-624
2026-08-16 15:18:58,478 INFO o.a.j.t.JMeterThread: Thread started: Stress Step Profile - 500 to 1000 VU 1-623
2026-08-16 15:18:58,879 INFO o.a.j.t.JMeterThread: Thread started: Stress Step Profile - 500 to 1000 VU 1-622
2026-08-16 15:18:59,279 INFO o.a.j.t.JMeterThread: Thread started: Stress Step Profile - 500 to 1000 VU 1-621
2026-08-16 15:18:59,679 INFO o.a.j.t.JMeterThread: Thread started: Stress Step Profile - 500 to 1000 VU 1-620
2026-08-16 15:19:00,079 INFO o.a.j.t.JMeterThread: Thread started: Stress Step Profile - 500 to 1000 VU 1-619
2026-08-16 15:19:00,479 INFO o.a.j.t.JMeterThread: Thread started: Stress Step Profile - 500 to 1000 VU 1-618
2026-08-16 15:19:00,879 INFO o.a.j.t.JMeterThread: Thread started: Stress Step Profile - 500 to 1000 VU 1-617
2026-08-16 15:19:01,279 INFO o.a.j.t.JMeterThread: Thread started: Stress Step Profile - 500 to 1000 VU 1-616
2026-08-16 15:19:01,679 INFO o.a.j.t.JMeterThread: Thread started: Stress Step Profile - 500 to 1000 VU 1-615
2026-08-16 15:19:02,079 INFO o.a.j.t.JMeterThread: Thread started: Stress Step Profile - 500 to 1000 VU 1-614
2026-08-16 15:19:02,479 INFO o.a.j.t.JMeterThread: Thread started: Stress Step Profile - 500 to 1000 VU 1-613
2026-08-16 15:19:02,879 INFO o.a.j.t.JMeterThread: Thread started: Stress Step Profile - 500 to 1000 VU 1-612
2026-08-16 15:19:03,278 INFO o.a.j.t.JMeterThread: Thread started: Stress Step Profile - 500 to 1000 VU 1-611
2026-08-16 15:19:03,678 INFO o.a.j.t.JMeterThread: Thread started: Stress Step Profile - 500 to 1000 VU 1-610
2026-08-16 15:19:04,079 INFO o.a.j.t.JMeterThread: Thread started: Stress Step Profile - 500 to 1000 VU 1-609
2026-08-16 15:19:04,479 INFO o.a.j.t.JMeterThread: Thread started: Stress Step Profile - 500 to 1000 VU 1-608
2026-08-16 15:19:04,878 INFO o.a.j.t.JMeterThread: Thread started: Stress Step Profile - 500 to 1000 VU 1-607
2026-08-16 15:19:05,278 INFO o.a.j.t.JMeterThread: Thread started: Stress Step Profile - 500 to 1000 VU 1-606
2026-08-16 15:19:05,678 INFO o.a.j.t.JMeterThread: Thread started: Stress Step Profile - 500 to 1000 VU 1-605
2026-08-16 15:19:06,079 INFO o.a.j.t.JMeterThread: Thread started: Stress Step Profile - 500 to 1000 VU 1-604
2026-08-16 15:19:06,478 INFO o.a.j.t.JMeterThread: Thread started: Stress Step Profile - 500 to 1000 VU 1-603
2026-08-16 15:19:06,878 INFO o.a.j.t.JMeterThread: Thread started: Stress Step Profile - 500 to 1000 VU 1-602
2026-08-16 15:19:07,278 INFO o.a.j.t.JMeterThread: Thread started: Stress Step Profile - 500 to 1000 VU 1-601
2026-08-16 15:19:07,678 INFO o.a.j.t.JMeterThread: Thread started: Stress Step Profile - 500 to 1000 VU 1-600
2026-08-16 15:19:08,079 INFO o.a.j.t.JMeterThread: Thread started: Stress Step Profile - 500 to 1000 VU 1-599
2026-08-16 15:19:08,479 INFO o.a.j.t.JMeterThread: Thread started: Stress Step Profile - 500 to 1000 VU 1-598
2026-08-16 15:19:08,878 INFO o.a.j.t.JMeterThread: Thread started: Stress Step Profile - 500 to 1000 VU 1-597
2026-08-16 15:19:09,278 INFO o.a.j.t.JMeterThread: Thread started: Stress Step Profile - 500 to 1000 VU 1-596
2026-08-16 15:19:09,679 INFO o.a.j.t.JMeterThread: Thread started: Stress Step Profile - 500 to 1000 VU 1-595
2026-08-16 15:19:10,079 INFO o.a.j.t.JMeterThread: Thread started: Stress Step Profile - 500 to 1000 VU 1-594
2026-08-16 15:19:10,480 INFO o.a.j.t.JMeterThread: Thread started: Stress Step Profile - 500 to 1000 VU 1-593
2026-08-16 15:19:10,879 INFO o.a.j.t.JMeterThread: Thread started: Stress Step Profile - 500 to 1000 VU 1-592
2026-08-16 15:19:11,279 INFO o.a.j.t.JMeterThread: Thread started: Stress Step Profile - 500 to 1000 VU 1-591
2026-08-16 15:19:11,679 INFO o.a.j.t.JMeterThread: Thread started: Stress Step Profile - 500 to 1000 VU 1-590
2026-08-16 15:19:12,078 INFO o.a.j.t.JMeterThread: Thread started: Stress Step Profile - 500 to 1000 VU 1-589
2026-08-16 15:19:12,478 INFO o.a.j.t.JMeterThread: Thread started: Stress Step Profile - 500 to 1000 VU 1-588
2026-08-16 15:19:12,878 INFO o.a.j.t.JMeterThread: Thread started: Stress Step Profile - 500 to 1000 VU 1-587
2026-08-16 15:19:13,278 INFO o.a.j.t.JMeterThread: Thread started: Stress Step Profile - 500 to 1000 VU 1-586
2026-08-16 15:19:13,678 INFO o.a.j.t.JMeterThread: Thread started: Stress Step Profile - 500 to 1000 VU 1-585
2026-08-16 15:19:14,078 INFO o.a.j.t.JMeterThread: Thread started: Stress Step Profile - 500 to 1000 VU 1-584
2026-08-16 15:19:14,479 INFO o.a.j.t.JMeterThread: Thread started: Stress Step Profile - 500 to 1000 VU 1-583
2026-08-16 15:19:14,878 INFO o.a.j.t.JMeterThread: Thread started: Stress Step Profile - 500 to 1000 VU 1-582
2026-08-16 15:19:15,279 INFO o.a.j.t.JMeterThread: Thread started: Stress Step Profile - 500 to 1000 VU 1-581
2026-08-16 15:19:15,679 INFO o.a.j.t.JMeterThread: Thread started: Stress Step Profile - 500 to 1000 VU 1-580
2026-08-16 15:19:16,079 INFO o.a.j.t.JMeterThread: Thread started: Stress Step Profile - 500 to 1000 VU 1-579
2026-08-16 15:19:16,479 INFO o.a.j.t.JMeterThread: Thread started: Stress Step Profile - 500 to 1000 VU 1-578
2026-08-16 15:19:16,878 INFO o.a.j.t.JMeterThread: Thread started: Stress Step Profile - 500 to 1000 VU 1-577
2026-08-16 15:19:17,279 INFO o.a.j.t.JMeterThread: Thread started: Stress Step Profile - 500 to 1000 VU 1-576
2026-08-16 15:19:17,679 INFO o.a.j.t.JMeterThread: Thread started: Stress Step Profile - 500 to 1000 VU 1-575
2026-08-16 15:19:18,079 INFO o.a.j.t.JMeterThread: Thread started: Stress Step Profile - 500 to 1000 VU 1-574
2026-08-16 15:19:18,479 INFO o.a.j.t.JMeterThread: Thread started: Stress Step Profile - 500 to 1000 VU 1-573
2026-08-16 15:19:18,879 INFO o.a.j.t.JMeterThread: Thread started: Stress Step Profile - 500 to 1000 VU 1-572
2026-08-16 15:19:19,278 INFO o.a.j.t.JMeterThread: Thread started: Stress Step Profile - 500 to 1000 VU 1-571
2026-08-16 15:19:19,678 INFO o.a.j.t.JMeterThread: Thread started: Stress Step Profile - 500 to 1000 VU 1-570
2026-08-16 15:19:20,078 INFO o.a.j.t.JMeterThread: Thread started: Stress Step Profile - 500 to 1000 VU 1-569
2026-08-16 15:19:20,478 INFO o.a.j.t.JMeterThread: Thread started: Stress Step Profile - 500 to 1000 VU 1-568
2026-08-16 15:19:20,878 INFO o.a.j.t.JMeterThread: Thread started: Stress Step Profile - 500 to 1000 VU 1-567
2026-08-16 15:19:21,278 INFO o.a.j.t.JMeterThread: Thread started: Stress Step Profile - 500 to 1000 VU 1-566
2026-08-16 15:19:21,678 INFO o.a.j.t.JMeterThread: Thread started: Stress Step Profile - 500 to 1000 VU 1-565
2026-08-16 15:19:22,079 INFO o.a.j.t.JMeterThread: Thread started: Stress Step Profile - 500 to 1000 VU 1-564
2026-08-16 15:19:22,479 INFO o.a.j.t.JMeterThread: Thread started: Stress Step Profile - 500 to 1000 VU 1-563
2026-08-16 15:19:22,878 INFO o.a.j.t.JMeterThread: Thread started: Stress Step Profile - 500 to 1000 VU 1-562
2026-08-16 15:19:23,278 INFO o.a.j.t.JMeterThread: Thread started: Stress Step Profile - 500 to 1000 VU 1-561
2026-08-16 15:19:23,679 INFO o.a.j.t.JMeterThread: Thread started: Stress Step Profile - 500 to 1000 VU 1-560
2026-08-16 15:19:24,078 INFO o.a.j.t.JMeterThread: Thread started: Stress Step Profile - 500 to 1000 VU 1-559
2026-08-16 15:19:24,478 INFO o.a.j.t.JMeterThread: Thread started: Stress Step Profile - 500 to 1000 VU 1-558
2026-08-16 15:19:24,879 INFO o.a.j.t.JMeterThread: Thread started: Stress Step Profile - 500 to 1000 VU 1-557
2026-08-16 15:19:25,278 INFO o.a.j.t.JMeterThread: Thread started: Stress Step Profile - 500 to 1000 VU 1-556
2026-08-16 15:19:25,678 INFO o.a.j.t.JMeterThread: Thread started: Stress Step Profile - 500 to 1000 VU 1-555
2026-08-16 15:19:26,079 INFO o.a.j.t.JMeterThread: Thread started: Stress Step Profile - 500 to 1000 VU 1-554
2026-08-16 15:19:26,478 INFO o.a.j.t.JMeterThread: Thread started: Stress Step Profile - 500 to 1000 VU 1-553
2026-08-16 15:19:26,879 INFO o.a.j.t.JMeterThread: Thread started: Stress Step Profile - 500 to 1000 VU 1-552
2026-08-16 15:19:27,278 INFO o.a.j.t.JMeterThread: Thread started: Stress Step Profile - 500 to 1000 VU 1-551
2026-08-16 15:19:27,679 INFO o.a.j.t.JMeterThread: Thread started: Stress Step Profile - 500 to 1000 VU 1-550
2026-08-16 15:19:28,079 INFO o.a.j.t.JMeterThread: Thread started: Stress Step Profile - 500 to 1000 VU 1-549
2026-08-16 15:19:28,479 INFO o.a.j.t.JMeterThread: Thread started: Stress Step Profile - 500 to 1000 VU 1-548
2026-08-16 15:19:28,879 INFO o.a.j.t.JMeterThread: Thread started: Stress Step Profile - 500 to 1000 VU 1-547
2026-08-16 15:19:29,279 INFO o.a.j.t.JMeterThread: Thread started: Stress Step Profile - 500 to 1000 VU 1-546
2026-08-16 15:19:29,678 INFO o.a.j.t.JMeterThread: Thread started: Stress Step Profile - 500 to 1000 VU 1-545
2026-08-16 15:19:30,078 INFO o.a.j.t.JMeterThread: Thread started: Stress Step Profile - 500 to 1000 VU 1-544
2026-08-16 15:19:30,479 INFO o.a.j.t.JMeterThread: Thread started: Stress Step Profile - 500 to 1000 VU 1-543
2026-08-16 15:19:30,879 INFO o.a.j.t.JMeterThread: Thread started: Stress Step Profile - 500 to 1000 VU 1-542
2026-08-16 15:19:31,279 INFO o.a.j.t.JMeterThread: Thread started: Stress Step Profile - 500 to 1000 VU 1-541
2026-08-16 15:19:31,679 INFO o.a.j.t.JMeterThread: Thread started: Stress Step Profile - 500 to 1000 VU 1-540
2026-08-16 15:19:32,078 INFO o.a.j.t.JMeterThread: Thread started: Stress Step Profile - 500 to 1000 VU 1-539
2026-08-16 15:19:32,479 INFO o.a.j.t.JMeterThread: Thread started: Stress Step Profile - 500 to 1000 VU 1-538
2026-08-16 15:19:32,879 INFO o.a.j.t.JMeterThread: Thread started: Stress Step Profile - 500 to 1000 VU 1-537
2026-08-16 15:19:33,279 INFO o.a.j.t.JMeterThread: Thread started: Stress Step Profile - 500 to 1000 VU 1-536
2026-08-16 15:19:33,678 INFO o.a.j.t.JMeterThread: Thread started: Stress Step Profile - 500 to 1000 VU 1-535
2026-08-16 15:19:34,079 INFO o.a.j.t.JMeterThread: Thread started: Stress Step Profile - 500 to 1000 VU 1-534
2026-08-16 15:19:34,479 INFO o.a.j.t.JMeterThread: Thread started: Stress Step Profile - 500 to 1000 VU 1-533
2026-08-16 15:19:34,879 INFO o.a.j.t.JMeterThread: Thread started: Stress Step Profile - 500 to 1000 VU 1-532
2026-08-16 15:19:35,278 INFO o.a.j.t.JMeterThread: Thread started: Stress Step Profile - 500 to 1000 VU 1-531
2026-08-16 15:19:35,679 INFO o.a.j.t.JMeterThread: Thread started: Stress Step Profile - 500 to 1000 VU 1-530
2026-08-16 15:19:36,079 INFO o.a.j.t.JMeterThread: Thread started: Stress Step Profile - 500 to 1000 VU 1-529
2026-08-16 15:19:36,478 INFO o.a.j.t.JMeterThread: Thread started: Stress Step Profile - 500 to 1000 VU 1-528
2026-08-16 15:19:36,878 INFO o.a.j.t.JMeterThread: Thread started: Stress Step Profile - 500 to 1000 VU 1-527
2026-08-16 15:19:37,278 INFO o.a.j.t.JMeterThread: Thread started: Stress Step Profile - 500 to 1000 VU 1-526
2026-08-16 15:19:37,678 INFO o.a.j.t.JMeterThread: Thread started: Stress Step Profile - 500 to 1000 VU 1-525
2026-08-16 15:19:38,078 INFO o.a.j.t.JMeterThread: Thread started: Stress Step Profile - 500 to 1000 VU 1-524
2026-08-16 15:19:38,479 INFO o.a.j.t.JMeterThread: Thread started: Stress Step Profile - 500 to 1000 VU 1-523
2026-08-16 15:19:38,878 INFO o.a.j.t.JMeterThread: Thread started: Stress Step Profile - 500 to 1000 VU 1-522
2026-08-16 15:19:39,278 INFO o.a.j.t.JMeterThread: Thread started: Stress Step Profile - 500 to 1000 VU 1-521
2026-08-16 15:19:39,679 INFO o.a.j.t.JMeterThread: Thread started: Stress Step Profile - 500 to 1000 VU 1-520
2026-08-16 15:19:40,078 INFO o.a.j.t.JMeterThread: Thread started: Stress Step Profile - 500 to 1000 VU 1-519
2026-08-16 15:19:40,479 INFO o.a.j.t.JMeterThread: Thread started: Stress Step Profile - 500 to 1000 VU 1-518
2026-08-16 15:19:40,878 INFO o.a.j.t.JMeterThread: Thread started: Stress Step Profile - 500 to 1000 VU 1-517
2026-08-16 15:19:41,278 INFO o.a.j.t.JMeterThread: Thread started: Stress Step Profile - 500 to 1000 VU 1-516
2026-08-16 15:19:41,679 INFO o.a.j.t.JMeterThread: Thread started: Stress Step Profile - 500 to 1000 VU 1-515
2026-08-16 15:19:42,078 INFO o.a.j.t.JMeterThread: Thread started: Stress Step Profile - 500 to 1000 VU 1-514
2026-08-16 15:19:42,479 INFO o.a.j.t.JMeterThread: Thread started: Stress Step Profile - 500 to 1000 VU 1-513
2026-08-16 15:19:42,878 INFO o.a.j.t.JMeterThread: Thread started: Stress Step Profile - 500 to 1000 VU 1-512
2026-08-16 15:19:43,279 INFO o.a.j.t.JMeterThread: Thread started: Stress Step Profile - 500 to 1000 VU 1-511
2026-08-16 15:19:43,679 INFO o.a.j.t.JMeterThread: Thread started: Stress Step Profile - 500 to 1000 VU 1-510
2026-08-16 15:19:44,079 INFO o.a.j.t.JMeterThread: Thread started: Stress Step Profile - 500 to 1000 VU 1-509
2026-08-16 15:19:44,479 INFO o.a.j.t.JMeterThread: Thread started: Stress Step Profile - 500 to 1000 VU 1-508
2026-08-16 15:19:44,879 INFO o.a.j.t.JMeterThread: Thread started: Stress Step Profile - 500 to 1000 VU 1-507
2026-08-16 15:19:45,279 INFO o.a.j.t.JMeterThread: Thread started: Stress Step Profile - 500 to 1000 VU 1-506
2026-08-16 15:19:45,679 INFO o.a.j.t.JMeterThread: Thread started: Stress Step Profile - 500 to 1000 VU 1-505
2026-08-16 15:19:46,079 INFO o.a.j.t.JMeterThread: Thread started: Stress Step Profile - 500 to 1000 VU 1-504
2026-08-16 15:19:46,479 INFO o.a.j.t.JMeterThread: Thread started: Stress Step Profile - 500 to 1000 VU 1-503
2026-08-16 15:19:46,878 INFO o.a.j.t.JMeterThread: Thread started: Stress Step Profile - 500 to 1000 VU 1-502
2026-08-16 15:19:47,278 INFO o.a.j.t.JMeterThread: Thread started: Stress Step Profile - 500 to 1000 VU 1-501
2026-08-16 15:21:47,678 INFO o.a.j.t.JMeterThread: Thread started: Stress Step Profile - 500 to 1000 VU 1-800
2026-08-16 15:21:48,078 INFO o.a.j.t.JMeterThread: Thread started: Stress Step Profile - 500 to 1000 VU 1-799
2026-08-16 15:21:48,479 INFO o.a.j.t.JMeterThread: Thread started: Stress Step Profile - 500 to 1000 VU 1-798
2026-08-16 15:21:48,878 INFO o.a.j.t.JMeterThread: Thread started: Stress Step Profile - 500 to 1000 VU 1-797
2026-08-16 15:21:49,278 INFO o.a.j.t.JMeterThread: Thread started: Stress Step Profile - 500 to 1000 VU 1-796
2026-08-16 15:21:49,680 INFO o.a.j.t.JMeterThread: Thread started: Stress Step Profile - 500 to 1000 VU 1-795
2026-08-16 15:21:50,079 INFO o.a.j.t.JMeterThread: Thread started: Stress Step Profile - 500 to 1000 VU 1-794
2026-08-16 15:21:50,478 INFO o.a.j.t.JMeterThread: Thread started: Stress Step Profile - 500 to 1000 VU 1-793
2026-08-16 15:21:50,878 INFO o.a.j.t.JMeterThread: Thread started: Stress Step Profile - 500 to 1000 VU 1-792
2026-08-16 15:21:51,279 INFO o.a.j.t.JMeterThread: Thread started: Stress Step Profile - 500 to 1000 VU 1-791
2026-08-16 15:21:51,679 INFO o.a.j.t.JMeterThread: Thread started: Stress Step Profile - 500 to 1000 VU 1-790
2026-08-16 15:21:52,079 INFO o.a.j.t.JMeterThread: Thread started: Stress Step Profile - 500 to 1000 VU 1-789
2026-08-16 15:21:52,479 INFO o.a.j.t.JMeterThread: Thread started: Stress Step Profile - 500 to 1000 VU 1-788
2026-08-16 15:21:52,878 INFO o.a.j.t.JMeterThread: Thread started: Stress Step Profile - 500 to 1000 VU 1-787
2026-08-16 15:21:53,279 INFO o.a.j.t.JMeterThread: Thread started: Stress Step Profile - 500 to 1000 VU 1-786
2026-08-16 15:21:53,679 INFO o.a.j.t.JMeterThread: Thread started: Stress Step Profile - 500 to 1000 VU 1-785
2026-08-16 15:21:54,079 INFO o.a.j.t.JMeterThread: Thread started: Stress Step Profile - 500 to 1000 VU 1-784
2026-08-16 15:21:54,479 INFO o.a.j.t.JMeterThread: Thread started: Stress Step Profile - 500 to 1000 VU 1-783
2026-08-16 15:21:54,878 INFO o.a.j.t.JMeterThread: Thread started: Stress Step Profile - 500 to 1000 VU 1-782
2026-08-16 15:21:55,278 INFO o.a.j.t.JMeterThread: Thread started: Stress Step Profile - 500 to 1000 VU 1-781
2026-08-16 15:21:55,678 INFO o.a.j.t.JMeterThread: Thread started: Stress Step Profile - 500 to 1000 VU 1-780
2026-08-16 15:21:56,078 INFO o.a.j.t.JMeterThread: Thread started: Stress Step Profile - 500 to 1000 VU 1-779
2026-08-16 15:21:56,479 INFO o.a.j.t.JMeterThread: Thread started: Stress Step Profile - 500 to 1000 VU 1-778
2026-08-16 15:21:56,879 INFO o.a.j.t.JMeterThread: Thread started: Stress Step Profile - 500 to 1000 VU 1-777
2026-08-16 15:21:57,279 INFO o.a.j.t.JMeterThread: Thread started: Stress Step Profile - 500 to 1000 VU 1-776
2026-08-16 15:21:57,678 INFO o.a.j.t.JMeterThread: Thread started: Stress Step Profile - 500 to 1000 VU 1-775
2026-08-16 15:21:58,079 INFO o.a.j.t.JMeterThread: Thread started: Stress Step Profile - 500 to 1000 VU 1-774
2026-08-16 15:21:58,478 INFO o.a.j.t.JMeterThread: Thread started: Stress Step Profile - 500 to 1000 VU 1-773
2026-08-16 15:21:58,879 INFO o.a.j.t.JMeterThread: Thread started: Stress Step Profile - 500 to 1000 VU 1-772
2026-08-16 15:21:59,279 INFO o.a.j.t.JMeterThread: Thread started: Stress Step Profile - 500 to 1000 VU 1-771
2026-08-16 15:21:59,678 INFO o.a.j.t.JMeterThread: Thread started: Stress Step Profile - 500 to 1000 VU 1-770
2026-08-16 15:22:00,079 INFO o.a.j.t.JMeterThread: Thread started: Stress Step Profile - 500 to 1000 VU 1-769
2026-08-16 15:22:00,478 INFO o.a.j.t.JMeterThread: Thread started: Stress Step Profile - 500 to 1000 VU 1-768
2026-08-16 15:22:00,879 INFO o.a.j.t.JMeterThread: Thread started: Stress Step Profile - 500 to 1000 VU 1-767
2026-08-16 15:22:01,279 INFO o.a.j.t.JMeterThread: Thread started: Stress Step Profile - 500 to 1000 VU 1-766
2026-08-16 15:22:01,678 INFO o.a.j.t.JMeterThread: Thread started: Stress Step Profile - 500 to 1000 VU 1-765
2026-08-16 15:22:02,078 INFO o.a.j.t.JMeterThread: Thread started: Stress Step Profile - 500 to 1000 VU 1-764
2026-08-16 15:22:02,478 INFO o.a.j.t.JMeterThread: Thread started: Stress Step Profile - 500 to 1000 VU 1-763
2026-08-16 15:22:02,878 INFO o.a.j.t.JMeterThread: Thread started: Stress Step Profile - 500 to 1000 VU 1-762
2026-08-16 15:22:03,278 INFO o.a.j.t.JMeterThread: Thread started: Stress Step Profile - 500 to 1000 VU 1-761
2026-08-16 15:22:03,678 INFO o.a.j.t.JMeterThread: Thread started: Stress Step Profile - 500 to 1000 VU 1-760
2026-08-16 15:22:04,079 INFO o.a.j.t.JMeterThread: Thread started: Stress Step Profile - 500 to 1000 VU 1-759
2026-08-16 15:22:04,479 INFO o.a.j.t.JMeterThread: Thread started: Stress Step Profile - 500 to 1000 VU 1-758
2026-08-16 15:22:04,879 INFO o.a.j.t.JMeterThread: Thread started: Stress Step Profile - 500 to 1000 VU 1-757
2026-08-16 15:22:05,279 INFO o.a.j.t.JMeterThread: Thread started: Stress Step Profile - 500 to 1000 VU 1-756
2026-08-16 15:22:05,680 INFO o.a.j.t.JMeterThread: Thread started: Stress Step Profile - 500 to 1000 VU 1-755
2026-08-16 15:22:06,078 INFO o.a.j.t.JMeterThread: Thread started: Stress Step Profile - 500 to 1000 VU 1-754
2026-08-16 15:22:06,479 INFO o.a.j.t.JMeterThread: Thread started: Stress Step Profile - 500 to 1000 VU 1-753
2026-08-16 15:22:06,878 INFO o.a.j.t.JMeterThread: Thread started: Stress Step Profile - 500 to 1000 VU 1-752
2026-08-16 15:22:07,279 INFO o.a.j.t.JMeterThread: Thread started: Stress Step Profile - 500 to 1000 VU 1-751
2026-08-16 15:22:07,679 INFO o.a.j.t.JMeterThread: Thread started: Stress Step Profile - 500 to 1000 VU 1-750
2026-08-16 15:22:08,079 INFO o.a.j.t.JMeterThread: Thread started: Stress Step Profile - 500 to 1000 VU 1-749
2026-08-16 15:22:08,479 INFO o.a.j.t.JMeterThread: Thread started: Stress Step Profile - 500 to 1000 VU 1-748
2026-08-16 15:22:08,879 INFO o.a.j.t.JMeterThread: Thread started: Stress Step Profile - 500 to 1000 VU 1-747
2026-08-16 15:22:09,279 INFO o.a.j.t.JMeterThread: Thread started: Stress Step Profile - 500 to 1000 VU 1-746
2026-08-16 15:22:09,678 INFO o.a.j.t.JMeterThread: Thread started: Stress Step Profile - 500 to 1000 VU 1-745
2026-08-16 15:22:10,078 INFO o.a.j.t.JMeterThread: Thread started: Stress Step Profile - 500 to 1000 VU 1-744
2026-08-16 15:22:10,478 INFO o.a.j.t.JMeterThread: Thread started: Stress Step Profile - 500 to 1000 VU 1-743
2026-08-16 15:22:10,878 INFO o.a.j.t.JMeterThread: Thread started: Stress Step Profile - 500 to 1000 VU 1-742
2026-08-16 15:22:11,279 INFO o.a.j.t.JMeterThread: Thread started: Stress Step Profile - 500 to 1000 VU 1-741
2026-08-16 15:22:11,679 INFO o.a.j.t.JMeterThread: Thread started: Stress Step Profile - 500 to 1000 VU 1-740
2026-08-16 15:22:12,079 INFO o.a.j.t.JMeterThread: Thread started: Stress Step Profile - 500 to 1000 VU 1-739
2026-08-16 15:22:12,478 INFO o.a.j.t.JMeterThread: Thread started: Stress Step Profile - 500 to 1000 VU 1-738
2026-08-16 15:22:12,878 INFO o.a.j.t.JMeterThread: Thread started: Stress Step Profile - 500 to 1000 VU 1-737
2026-08-16 15:22:13,278 INFO o.a.j.t.JMeterThread: Thread started: Stress Step Profile - 500 to 1000 VU 1-736
2026-08-16 15:22:13,679 INFO o.a.j.t.JMeterThread: Thread started: Stress Step Profile - 500 to 1000 VU 1-735
2026-08-16 15:22:14,078 INFO o.a.j.t.JMeterThread: Thread started: Stress Step Profile - 500 to 1000 VU 1-734
2026-08-16 15:22:14,479 INFO o.a.j.t.JMeterThread: Thread started: Stress Step Profile - 500 to 1000 VU 1-733
2026-08-16 15:22:14,878 INFO o.a.j.t.JMeterThread: Thread started: Stress Step Profile - 500 to 1000 VU 1-732
2026-08-16 15:22:15,279 INFO o.a.j.t.JMeterThread: Thread started: Stress Step Profile - 500 to 1000 VU 1-731
2026-08-16 15:22:15,679 INFO o.a.j.t.JMeterThread: Thread started: Stress Step Profile - 500 to 1000 VU 1-730
2026-08-16 15:22:16,079 INFO o.a.j.t.JMeterThread: Thread started: Stress Step Profile - 500 to 1000 VU 1-729
2026-08-16 15:22:16,479 INFO o.a.j.t.JMeterThread: Thread started: Stress Step Profile - 500 to 1000 VU 1-728
2026-08-16 15:22:16,880 INFO o.a.j.t.JMeterThread: Thread started: Stress Step Profile - 500 to 1000 VU 1-727
2026-08-16 15:22:17,278 INFO o.a.j.t.JMeterThread: Thread started: Stress Step Profile - 500 to 1000 VU 1-726
2026-08-16 15:22:17,678 INFO o.a.j.t.JMeterThread: Thread started: Stress Step Profile - 500 to 1000 VU 1-725
2026-08-16 15:22:18,080 INFO o.a.j.t.JMeterThread: Thread started: Stress Step Profile - 500 to 1000 VU 1-724
2026-08-16 15:22:18,478 INFO o.a.j.t.JMeterThread: Thread started: Stress Step Profile - 500 to 1000 VU 1-723
2026-08-16 15:22:18,879 INFO o.a.j.t.JMeterThread: Thread started: Stress Step Profile - 500 to 1000 VU 1-722
2026-08-16 15:22:19,278 INFO o.a.j.t.JMeterThread: Thread started: Stress Step Profile - 500 to 1000 VU 1-721
2026-08-16 15:22:19,679 INFO o.a.j.t.JMeterThread: Thread started: Stress Step Profile - 500 to 1000 VU 1-720
2026-08-16 15:22:20,079 INFO o.a.j.t.JMeterThread: Thread started: Stress Step Profile - 500 to 1000 VU 1-719
2026-08-16 15:22:20,479 INFO o.a.j.t.JMeterThread: Thread started: Stress Step Profile - 500 to 1000 VU 1-718
2026-08-16 15:22:20,878 INFO o.a.j.t.JMeterThread: Thread started: Stress Step Profile - 500 to 1000 VU 1-717
2026-08-16 15:22:21,278 INFO o.a.j.t.JMeterThread: Thread started: Stress Step Profile - 500 to 1000 VU 1-716
2026-08-16 15:22:21,678 INFO o.a.j.t.JMeterThread: Thread started: Stress Step Profile - 500 to 1000 VU 1-715
2026-08-16 15:22:22,079 INFO o.a.j.t.JMeterThread: Thread started: Stress Step Profile - 500 to 1000 VU 1-714
2026-08-16 15:22:22,479 INFO o.a.j.t.JMeterThread: Thread started: Stress Step Profile - 500 to 1000 VU 1-713
2026-08-16 15:22:22,879 INFO o.a.j.t.JMeterThread: Thread started: Stress Step Profile - 500 to 1000 VU 1-712
2026-08-16 15:22:23,279 INFO o.a.j.t.JMeterThread: Thread started: Stress Step Profile - 500 to 1000 VU 1-711
2026-08-16 15:22:23,679 INFO o.a.j.t.JMeterThread: Thread started: Stress Step Profile - 500 to 1000 VU 1-710
2026-08-16 15:22:24,078 INFO o.a.j.t.JMeterThread: Thread started: Stress Step Profile - 500 to 1000 VU 1-709
2026-08-16 15:22:24,478 INFO o.a.j.t.JMeterThread: Thread started: Stress Step Profile - 500 to 1000 VU 1-708
2026-08-16 15:22:24,879 INFO o.a.j.t.JMeterThread: Thread started: Stress Step Profile - 500 to 1000 VU 1-707
2026-08-16 15:22:25,279 INFO o.a.j.t.JMeterThread: Thread started: Stress Step Profile - 500 to 1000 VU 1-706
2026-08-16 15:22:25,679 INFO o.a.j.t.JMeterThread: Thread started: Stress Step Profile - 500 to 1000 VU 1-705
2026-08-16 15:22:26,078 INFO o.a.j.t.JMeterThread: Thread started: Stress Step Profile - 500 to 1000 VU 1-704
2026-08-16 15:22:26,478 INFO o.a.j.t.JMeterThread: Thread started: Stress Step Profile - 500 to 1000 VU 1-703
2026-08-16 15:22:26,879 INFO o.a.j.t.JMeterThread: Thread started: Stress Step Profile - 500 to 1000 VU 1-702
2026-08-16 15:22:27,279 INFO o.a.j.t.JMeterThread: Thread started: Stress Step Profile - 500 to 1000 VU 1-701
2026-08-16 15:22:27,679 INFO o.a.j.t.JMeterThread: Thread started: Stress Step Profile - 500 to 1000 VU 1-700
2026-08-16 15:22:28,079 INFO o.a.j.t.JMeterThread: Thread started: Stress Step Profile - 500 to 1000 VU 1-699
2026-08-16 15:22:28,478 INFO o.a.j.t.JMeterThread: Thread started: Stress Step Profile - 500 to 1000 VU 1-698
2026-08-16 15:22:28,878 INFO o.a.j.t.JMeterThread: Thread started: Stress Step Profile - 500 to 1000 VU 1-697
2026-08-16 15:22:29,279 INFO o.a.j.t.JMeterThread: Thread started: Stress Step Profile - 500 to 1000 VU 1-696
2026-08-16 15:22:29,680 INFO o.a.j.t.JMeterThread: Thread started: Stress Step Profile - 500 to 1000 VU 1-695
2026-08-16 15:22:30,078 INFO o.a.j.t.JMeterThread: Thread started: Stress Step Profile - 500 to 1000 VU 1-694
2026-08-16 15:22:30,478 INFO o.a.j.t.JMeterThread: Thread started: Stress Step Profile - 500 to 1000 VU 1-693
2026-08-16 15:22:30,878 INFO o.a.j.t.JMeterThread: Thread started: Stress Step Profile - 500 to 1000 VU 1-692
2026-08-16 15:22:31,279 INFO o.a.j.t.JMeterThread: Thread started: Stress Step Profile - 500 to 1000 VU 1-691
2026-08-16 15:22:31,679 INFO o.a.j.t.JMeterThread: Thread started: Stress Step Profile - 500 to 1000 VU 1-690
2026-08-16 15:22:32,079 INFO o.a.j.t.JMeterThread: Thread started: Stress Step Profile - 500 to 1000 VU 1-689
2026-08-16 15:22:32,479 INFO o.a.j.t.JMeterThread: Thread started: Stress Step Profile - 500 to 1000 VU 1-688
2026-08-16 15:22:32,879 INFO o.a.j.t.JMeterThread: Thread started: Stress Step Profile - 500 to 1000 VU 1-687
2026-08-16 15:22:33,278 INFO o.a.j.t.JMeterThread: Thread started: Stress Step Profile - 500 to 1000 VU 1-686
2026-08-16 15:22:33,678 INFO o.a.j.t.JMeterThread: Thread started: Stress Step Profile - 500 to 1000 VU 1-685
2026-08-16 15:22:34,078 INFO o.a.j.t.JMeterThread: Thread started: Stress Step Profile - 500 to 1000 VU 1-684
2026-08-16 15:22:34,478 INFO o.a.j.t.JMeterThread: Thread started: Stress Step Profile - 500 to 1000 VU 1-683
2026-08-16 15:22:34,878 INFO o.a.j.t.JMeterThread: Thread started: Stress Step Profile - 500 to 1000 VU 1-682
2026-08-16 15:22:35,278 INFO o.a.j.t.JMeterThread: Thread started: Stress Step Profile - 500 to 1000 VU 1-681
2026-08-16 15:22:35,678 INFO o.a.j.t.JMeterThread: Thread started: Stress Step Profile - 500 to 1000 VU 1-680
2026-08-16 15:22:36,078 INFO o.a.j.t.JMeterThread: Thread started: Stress Step Profile - 500 to 1000 VU 1-679
2026-08-16 15:22:36,478 INFO o.a.j.t.JMeterThread: Thread started: Stress Step Profile - 500 to 1000 VU 1-678
2026-08-16 15:22:36,878 INFO o.a.j.t.JMeterThread: Thread started: Stress Step Profile - 500 to 1000 VU 1-677
2026-08-16 15:22:37,278 INFO o.a.j.t.JMeterThread: Thread started: Stress Step Profile - 500 to 1000 VU 1-676
2026-08-16 15:22:37,678 INFO o.a.j.t.JMeterThread: Thread started: Stress Step Profile - 500 to 1000 VU 1-675
2026-08-16 15:22:38,079 INFO o.a.j.t.JMeterThread: Thread started: Stress Step Profile - 500 to 1000 VU 1-674
2026-08-16 15:22:38,478 INFO o.a.j.t.JMeterThread: Thread started: Stress Step Profile - 500 to 1000 VU 1-673
2026-08-16 15:22:38,878 INFO o.a.j.t.JMeterThread: Thread started: Stress Step Profile - 500 to 1000 VU 1-672
2026-08-16 15:22:39,278 INFO o.a.j.t.JMeterThread: Thread started: Stress Step Profile - 500 to 1000 VU 1-671
2026-08-16 15:22:39,678 INFO o.a.j.t.JMeterThread: Thread started: Stress Step Profile - 500 to 1000 VU 1-670
2026-08-16 15:22:40,080 INFO o.a.j.t.JMeterThread: Thread started: Stress Step Profile - 500 to 1000 VU 1-669
2026-08-16 15:22:40,479 INFO o.a.j.t.JMeterThread: Thread started: Stress Step Profile - 500 to 1000 VU 1-668
2026-08-16 15:22:40,878 INFO o.a.j.t.JMeterThread: Thread started: Stress Step Profile - 500 to 1000 VU 1-667
2026-08-16 15:22:41,279 INFO o.a.j.t.JMeterThread: Thread started: Stress Step Profile - 500 to 1000 VU 1-666
2026-08-16 15:22:41,679 INFO o.a.j.t.JMeterThread: Thread started: Stress Step Profile - 500 to 1000 VU 1-665
2026-08-16 15:22:42,078 INFO o.a.j.t.JMeterThread: Thread started: Stress Step Profile - 500 to 1000 VU 1-664
2026-08-16 15:22:42,478 INFO o.a.j.t.JMeterThread: Thread started: Stress Step Profile - 500 to 1000 VU 1-663
2026-08-16 15:22:42,879 INFO o.a.j.t.JMeterThread: Thread started: Stress Step Profile - 500 to 1000 VU 1-662
2026-08-16 15:22:43,278 INFO o.a.j.t.JMeterThread: Thread started: Stress Step Profile - 500 to 1000 VU 1-661
2026-08-16 15:22:43,678 INFO o.a.j.t.JMeterThread: Thread started: Stress Step Profile - 500 to 1000 VU 1-660
2026-08-16 15:22:44,079 INFO o.a.j.t.JMeterThread: Thread started: Stress Step Profile - 500 to 1000 VU 1-659
2026-08-16 15:22:44,479 INFO o.a.j.t.JMeterThread: Thread started: Stress Step Profile - 500 to 1000 VU 1-658
2026-08-16 15:22:44,879 INFO o.a.j.t.JMeterThread: Thread started: Stress Step Profile - 500 to 1000 VU 1-657
2026-08-16 15:22:45,278 INFO o.a.j.t.JMeterThread: Thread started: Stress Step Profile - 500 to 1000 VU 1-656
2026-08-16 15:22:45,678 INFO o.a.j.t.JMeterThread: Thread started: Stress Step Profile - 500 to 1000 VU 1-655
2026-08-16 15:22:46,078 INFO o.a.j.t.JMeterThread: Thread started: Stress Step Profile - 500 to 1000 VU 1-654
2026-08-16 15:22:46,478 INFO o.a.j.t.JMeterThread: Thread started: Stress Step Profile - 500 to 1000 VU 1-653
2026-08-16 15:22:46,879 INFO o.a.j.t.JMeterThread: Thread started: Stress Step Profile - 500 to 1000 VU 1-652
2026-08-16 15:22:47,279 INFO o.a.j.t.JMeterThread: Thread started: Stress Step Profile - 500 to 1000 VU 1-651
2026-08-16 15:24:47,579 INFO o.a.j.t.JMeterThread: Thread started: Stress Step Profile - 500 to 1000 VU 1-1000
2026-08-16 15:24:47,880 INFO o.a.j.t.JMeterThread: Thread started: Stress Step Profile - 500 to 1000 VU 1-999
2026-08-16 15:24:48,179 INFO o.a.j.t.JMeterThread: Thread started: Stress Step Profile - 500 to 1000 VU 1-998
2026-08-16 15:24:48,479 INFO o.a.j.t.JMeterThread: Thread started: Stress Step Profile - 500 to 1000 VU 1-997
2026-08-16 15:24:48,779 INFO o.a.j.t.JMeterThread: Thread started: Stress Step Profile - 500 to 1000 VU 1-996
2026-08-16 15:24:49,079 INFO o.a.j.t.JMeterThread: Thread started: Stress Step Profile - 500 to 1000 VU 1-995
2026-08-16 15:24:49,380 INFO o.a.j.t.JMeterThread: Thread started: Stress Step Profile - 500 to 1000 VU 1-994
2026-08-16 15:24:49,679 INFO o.a.j.t.JMeterThread: Thread started: Stress Step Profile - 500 to 1000 VU 1-993
2026-08-16 15:24:49,979 INFO o.a.j.t.JMeterThread: Thread started: Stress Step Profile - 500 to 1000 VU 1-992
2026-08-16 15:24:50,278 INFO o.a.j.t.JMeterThread: Thread started: Stress Step Profile - 500 to 1000 VU 1-991
2026-08-16 15:24:50,578 INFO o.a.j.t.JMeterThread: Thread started: Stress Step Profile - 500 to 1000 VU 1-990
2026-08-16 15:24:50,879 INFO o.a.j.t.JMeterThread: Thread started: Stress Step Profile - 500 to 1000 VU 1-989
2026-08-16 15:24:51,178 INFO o.a.j.t.JMeterThread: Thread started: Stress Step Profile - 500 to 1000 VU 1-988
2026-08-16 15:24:51,479 INFO o.a.j.t.JMeterThread: Thread started: Stress Step Profile - 500 to 1000 VU 1-987
2026-08-16 15:24:51,779 INFO o.a.j.t.JMeterThread: Thread started: Stress Step Profile - 500 to 1000 VU 1-986
2026-08-16 15:24:52,078 INFO o.a.j.t.JMeterThread: Thread started: Stress Step Profile - 500 to 1000 VU 1-985
2026-08-16 15:24:52,379 INFO o.a.j.t.JMeterThread: Thread started: Stress Step Profile - 500 to 1000 VU 1-984
2026-08-16 15:24:52,678 INFO o.a.j.t.JMeterThread: Thread started: Stress Step Profile - 500 to 1000 VU 1-983
2026-08-16 15:24:52,980 INFO o.a.j.t.JMeterThread: Thread started: Stress Step Profile - 500 to 1000 VU 1-982
2026-08-16 15:24:53,279 INFO o.a.j.t.JMeterThread: Thread started: Stress Step Profile - 500 to 1000 VU 1-981
2026-08-16 15:24:53,579 INFO o.a.j.t.JMeterThread: Thread started: Stress Step Profile - 500 to 1000 VU 1-980
2026-08-16 15:24:53,878 INFO o.a.j.t.JMeterThread: Thread started: Stress Step Profile - 500 to 1000 VU 1-979
2026-08-16 15:24:54,178 INFO o.a.j.t.JMeterThread: Thread started: Stress Step Profile - 500 to 1000 VU 1-978
2026-08-16 15:24:54,478 INFO o.a.j.t.JMeterThread: Thread started: Stress Step Profile - 500 to 1000 VU 1-977
2026-08-16 15:24:54,778 INFO o.a.j.t.JMeterThread: Thread started: Stress Step Profile - 500 to 1000 VU 1-976
2026-08-16 15:24:55,078 INFO o.a.j.t.JMeterThread: Thread started: Stress Step Profile - 500 to 1000 VU 1-975
2026-08-16 15:24:55,379 INFO o.a.j.t.JMeterThread: Thread started: Stress Step Profile - 500 to 1000 VU 1-974
2026-08-16 15:24:55,678 INFO o.a.j.t.JMeterThread: Thread started: Stress Step Profile - 500 to 1000 VU 1-973
2026-08-16 15:24:55,978 INFO o.a.j.t.JMeterThread: Thread started: Stress Step Profile - 500 to 1000 VU 1-972
2026-08-16 15:24:56,278 INFO o.a.j.t.JMeterThread: Thread started: Stress Step Profile - 500 to 1000 VU 1-971
2026-08-16 15:24:56,578 INFO o.a.j.t.JMeterThread: Thread started: Stress Step Profile - 500 to 1000 VU 1-970
2026-08-16 15:24:56,879 INFO o.a.j.t.JMeterThread: Thread started: Stress Step Profile - 500 to 1000 VU 1-969
2026-08-16 15:24:57,178 INFO o.a.j.t.JMeterThread: Thread started: Stress Step Profile - 500 to 1000 VU 1-968
2026-08-16 15:24:57,478 INFO o.a.j.t.JMeterThread: Thread started: Stress Step Profile - 500 to 1000 VU 1-967
2026-08-16 15:24:57,779 INFO o.a.j.t.JMeterThread: Thread started: Stress Step Profile - 500 to 1000 VU 1-966
2026-08-16 15:24:58,079 INFO o.a.j.t.JMeterThread: Thread started: Stress Step Profile - 500 to 1000 VU 1-965
2026-08-16 15:24:58,379 INFO o.a.j.t.JMeterThread: Thread started: Stress Step Profile - 500 to 1000 VU 1-964
2026-08-16 15:24:58,678 INFO o.a.j.t.JMeterThread: Thread started: Stress Step Profile - 500 to 1000 VU 1-963
2026-08-16 15:24:58,978 INFO o.a.j.t.JMeterThread: Thread started: Stress Step Profile - 500 to 1000 VU 1-962
2026-08-16 15:24:59,279 INFO o.a.j.t.JMeterThread: Thread started: Stress Step Profile - 500 to 1000 VU 1-961
2026-08-16 15:24:59,578 INFO o.a.j.t.JMeterThread: Thread started: Stress Step Profile - 500 to 1000 VU 1-960
2026-08-16 15:24:59,878 INFO o.a.j.t.JMeterThread: Thread started: Stress Step Profile - 500 to 1000 VU 1-959
2026-08-16 15:25:00,178 INFO o.a.j.t.JMeterThread: Thread started: Stress Step Profile - 500 to 1000 VU 1-958
2026-08-16 15:25:00,479 INFO o.a.j.t.JMeterThread: Thread started: Stress Step Profile - 500 to 1000 VU 1-957
2026-08-16 15:25:00,778 INFO o.a.j.t.JMeterThread: Thread started: Stress Step Profile - 500 to 1000 VU 1-956
2026-08-16 15:25:01,079 INFO o.a.j.t.JMeterThread: Thread started: Stress Step Profile - 500 to 1000 VU 1-955
2026-08-16 15:25:01,378 INFO o.a.j.t.JMeterThread: Thread started: Stress Step Profile - 500 to 1000 VU 1-954
2026-08-16 15:25:01,680 INFO o.a.j.t.JMeterThread: Thread started: Stress Step Profile - 500 to 1000 VU 1-953
2026-08-16 15:25:01,978 INFO o.a.j.t.JMeterThread: Thread started: Stress Step Profile - 500 to 1000 VU 1-952
2026-08-16 15:25:02,278 INFO o.a.j.t.JMeterThread: Thread started: Stress Step Profile - 500 to 1000 VU 1-951
2026-08-16 15:25:02,579 INFO o.a.j.t.JMeterThread: Thread started: Stress Step Profile - 500 to 1000 VU 1-950
2026-08-16 15:25:02,879 INFO o.a.j.t.JMeterThread: Thread started: Stress Step Profile - 500 to 1000 VU 1-949
2026-08-16 15:25:03,178 INFO o.a.j.t.JMeterThread: Thread started: Stress Step Profile - 500 to 1000 VU 1-948
2026-08-16 15:25:03,478 INFO o.a.j.t.JMeterThread: Thread started: Stress Step Profile - 500 to 1000 VU 1-947
2026-08-16 15:25:03,778 INFO o.a.j.t.JMeterThread: Thread started: Stress Step Profile - 500 to 1000 VU 1-946
2026-08-16 15:25:04,078 INFO o.a.j.t.JMeterThread: Thread started: Stress Step Profile - 500 to 1000 VU 1-945
2026-08-16 15:25:04,378 INFO o.a.j.t.JMeterThread: Thread started: Stress Step Profile - 500 to 1000 VU 1-944
2026-08-16 15:25:04,678 INFO o.a.j.t.JMeterThread: Thread started: Stress Step Profile - 500 to 1000 VU 1-943
2026-08-16 15:25:04,978 INFO o.a.j.t.JMeterThread: Thread started: Stress Step Profile - 500 to 1000 VU 1-942
2026-08-16 15:25:05,278 INFO o.a.j.t.JMeterThread: Thread started: Stress Step Profile - 500 to 1000 VU 1-941
2026-08-16 15:25:05,578 INFO o.a.j.t.JMeterThread: Thread started: Stress Step Profile - 500 to 1000 VU 1-940
2026-08-16 15:25:05,878 INFO o.a.j.t.JMeterThread: Thread started: Stress Step Profile - 500 to 1000 VU 1-939
2026-08-16 15:25:06,179 INFO o.a.j.t.JMeterThread: Thread started: Stress Step Profile - 500 to 1000 VU 1-938
2026-08-16 15:25:06,478 INFO o.a.j.t.JMeterThread: Thread started: Stress Step Profile - 500 to 1000 VU 1-937
2026-08-16 15:25:06,779 INFO o.a.j.t.JMeterThread: Thread started: Stress Step Profile - 500 to 1000 VU 1-936
2026-08-16 15:25:07,078 INFO o.a.j.t.JMeterThread: Thread started: Stress Step Profile - 500 to 1000 VU 1-935
2026-08-16 15:25:07,379 INFO o.a.j.t.JMeterThread: Thread started: Stress Step Profile - 500 to 1000 VU 1-934
2026-08-16 15:25:07,678 INFO o.a.j.t.JMeterThread: Thread started: Stress Step Profile - 500 to 1000 VU 1-933
2026-08-16 15:25:07,978 INFO o.a.j.t.JMeterThread: Thread started: Stress Step Profile - 500 to 1000 VU 1-932
2026-08-16 15:25:08,278 INFO o.a.j.t.JMeterThread: Thread started: Stress Step Profile - 500 to 1000 VU 1-931
2026-08-16 15:25:08,579 INFO o.a.j.t.JMeterThread: Thread started: Stress Step Profile - 500 to 1000 VU 1-930
2026-08-16 15:25:08,879 INFO o.a.j.t.JMeterThread: Thread started: Stress Step Profile - 500 to 1000 VU 1-929
2026-08-16 15:25:09,178 INFO o.a.j.t.JMeterThread: Thread started: Stress Step Profile - 500 to 1000 VU 1-928
2026-08-16 15:25:09,479 INFO o.a.j.t.JMeterThread: Thread started: Stress Step Profile - 500 to 1000 VU 1-927
2026-08-16 15:25:09,778 INFO o.a.j.t.JMeterThread: Thread started: Stress Step Profile - 500 to 1000 VU 1-926
2026-08-16 15:25:10,078 INFO o.a.j.t.JMeterThread: Thread started: Stress Step Profile - 500 to 1000 VU 1-925
2026-08-16 15:25:10,379 INFO o.a.j.t.JMeterThread: Thread started: Stress Step Profile - 500 to 1000 VU 1-924
2026-08-16 15:25:10,678 INFO o.a.j.t.JMeterThread: Thread started: Stress Step Profile - 500 to 1000 VU 1-923
2026-08-16 15:25:10,978 INFO o.a.j.t.JMeterThread: Thread started: Stress Step Profile - 500 to 1000 VU 1-922
2026-08-16 15:25:11,279 INFO o.a.j.t.JMeterThread: Thread started: Stress Step Profile - 500 to 1000 VU 1-921
2026-08-16 15:25:11,579 INFO o.a.j.t.JMeterThread: Thread started: Stress Step Profile - 500 to 1000 VU 1-920
2026-08-16 15:25:11,879 INFO o.a.j.t.JMeterThread: Thread started: Stress Step Profile - 500 to 1000 VU 1-919
2026-08-16 15:25:12,179 INFO o.a.j.t.JMeterThread: Thread started: Stress Step Profile - 500 to 1000 VU 1-918
2026-08-16 15:25:12,479 INFO o.a.j.t.JMeterThread: Thread started: Stress Step Profile - 500 to 1000 VU 1-917
2026-08-16 15:25:12,779 INFO o.a.j.t.JMeterThread: Thread started: Stress Step Profile - 500 to 1000 VU 1-916
2026-08-16 15:25:13,078 INFO o.a.j.t.JMeterThread: Thread started: Stress Step Profile - 500 to 1000 VU 1-915
2026-08-16 15:25:13,378 INFO o.a.j.t.JMeterThread: Thread started: Stress Step Profile - 500 to 1000 VU 1-914
2026-08-16 15:25:13,678 INFO o.a.j.t.JMeterThread: Thread started: Stress Step Profile - 500 to 1000 VU 1-913
2026-08-16 15:25:13,979 INFO o.a.j.t.JMeterThread: Thread started: Stress Step Profile - 500 to 1000 VU 1-912
2026-08-16 15:25:14,278 INFO o.a.j.t.JMeterThread: Thread started: Stress Step Profile - 500 to 1000 VU 1-911
2026-08-16 15:25:14,579 INFO o.a.j.t.JMeterThread: Thread started: Stress Step Profile - 500 to 1000 VU 1-910
2026-08-16 15:25:14,879 INFO o.a.j.t.JMeterThread: Thread started: Stress Step Profile - 500 to 1000 VU 1-909
2026-08-16 15:25:15,179 INFO o.a.j.t.JMeterThread: Thread started: Stress Step Profile - 500 to 1000 VU 1-908
2026-08-16 15:25:15,479 INFO o.a.j.t.JMeterThread: Thread started: Stress Step Profile - 500 to 1000 VU 1-907
2026-08-16 15:25:15,779 INFO o.a.j.t.JMeterThread: Thread started: Stress Step Profile - 500 to 1000 VU 1-906
2026-08-16 15:25:16,079 INFO o.a.j.t.JMeterThread: Thread started: Stress Step Profile - 500 to 1000 VU 1-905
2026-08-16 15:25:16,378 INFO o.a.j.t.JMeterThread: Thread started: Stress Step Profile - 500 to 1000 VU 1-904
2026-08-16 15:25:16,679 INFO o.a.j.t.JMeterThread: Thread started: Stress Step Profile - 500 to 1000 VU 1-903
2026-08-16 15:25:16,979 INFO o.a.j.t.JMeterThread: Thread started: Stress Step Profile - 500 to 1000 VU 1-902
2026-08-16 15:25:17,278 INFO o.a.j.t.JMeterThread: Thread started: Stress Step Profile - 500 to 1000 VU 1-901
2026-08-16 15:25:17,578 INFO o.a.j.t.JMeterThread: Thread started: Stress Step Profile - 500 to 1000 VU 1-900
2026-08-16 15:25:17,879 INFO o.a.j.t.JMeterThread: Thread started: Stress Step Profile - 500 to 1000 VU 1-899
2026-08-16 15:25:18,179 INFO o.a.j.t.JMeterThread: Thread started: Stress Step Profile - 500 to 1000 VU 1-898
2026-08-16 15:25:18,479 INFO o.a.j.t.JMeterThread: Thread started: Stress Step Profile - 500 to 1000 VU 1-897
2026-08-16 15:25:18,778 INFO o.a.j.t.JMeterThread: Thread started: Stress Step Profile - 500 to 1000 VU 1-896
2026-08-16 15:25:19,078 INFO o.a.j.t.JMeterThread: Thread started: Stress Step Profile - 500 to 1000 VU 1-895
2026-08-16 15:25:19,378 INFO o.a.j.t.JMeterThread: Thread started: Stress Step Profile - 500 to 1000 VU 1-894
2026-08-16 15:25:19,678 INFO o.a.j.t.JMeterThread: Thread started: Stress Step Profile - 500 to 1000 VU 1-893
2026-08-16 15:25:19,978 INFO o.a.j.t.JMeterThread: Thread started: Stress Step Profile - 500 to 1000 VU 1-892
2026-08-16 15:25:20,278 INFO o.a.j.t.JMeterThread: Thread started: Stress Step Profile - 500 to 1000 VU 1-891
2026-08-16 15:25:20,579 INFO o.a.j.t.JMeterThread: Thread started: Stress Step Profile - 500 to 1000 VU 1-890
2026-08-16 15:25:20,880 INFO o.a.j.t.JMeterThread: Thread started: Stress Step Profile - 500 to 1000 VU 1-889
2026-08-16 15:25:21,179 INFO o.a.j.t.JMeterThread: Thread started: Stress Step Profile - 500 to 1000 VU 1-888
2026-08-16 15:25:21,479 INFO o.a.j.t.JMeterThread: Thread started: Stress Step Profile - 500 to 1000 VU 1-887
2026-08-16 15:25:21,779 INFO o.a.j.t.JMeterThread: Thread started: Stress Step Profile - 500 to 1000 VU 1-886
2026-08-16 15:25:22,079 INFO o.a.j.t.JMeterThread: Thread started: Stress Step Profile - 500 to 1000 VU 1-885
2026-08-16 15:25:22,379 INFO o.a.j.t.JMeterThread: Thread started: Stress Step Profile - 500 to 1000 VU 1-884
2026-08-16 15:25:22,678 INFO o.a.j.t.JMeterThread: Thread started: Stress Step Profile - 500 to 1000 VU 1-883
2026-08-16 15:25:22,978 INFO o.a.j.t.JMeterThread: Thread started: Stress Step Profile - 500 to 1000 VU 1-882
2026-08-16 15:25:23,278 INFO o.a.j.t.JMeterThread: Thread started: Stress Step Profile - 500 to 1000 VU 1-881
2026-08-16 15:25:23,579 INFO o.a.j.t.JMeterThread: Thread started: Stress Step Profile - 500 to 1000 VU 1-880
2026-08-16 15:25:23,879 INFO o.a.j.t.JMeterThread: Thread started: Stress Step Profile - 500 to 1000 VU 1-879
2026-08-16 15:25:24,179 INFO o.a.j.t.JMeterThread: Thread started: Stress Step Profile - 500 to 1000 VU 1-878
2026-08-16 15:25:24,478 INFO o.a.j.t.JMeterThread: Thread started: Stress Step Profile - 500 to 1000 VU 1-877
2026-08-16 15:25:24,778 INFO o.a.j.t.JMeterThread: Thread started: Stress Step Profile - 500 to 1000 VU 1-876
2026-08-16 15:25:25,078 INFO o.a.j.t.JMeterThread: Thread started: Stress Step Profile - 500 to 1000 VU 1-875
2026-08-16 15:25:25,378 INFO o.a.j.t.JMeterThread: Thread started: Stress Step Profile - 500 to 1000 VU 1-874
2026-08-16 15:25:25,679 INFO o.a.j.t.JMeterThread: Thread started: Stress Step Profile - 500 to 1000 VU 1-873
2026-08-16 15:25:25,979 INFO o.a.j.t.JMeterThread: Thread started: Stress Step Profile - 500 to 1000 VU 1-872
2026-08-16 15:25:26,279 INFO o.a.j.t.JMeterThread: Thread started: Stress Step Profile - 500 to 1000 VU 1-871
2026-08-16 15:25:26,579 INFO o.a.j.t.JMeterThread: Thread started: Stress Step Profile - 500 to 1000 VU 1-870
2026-08-16 15:25:26,878 INFO o.a.j.t.JMeterThread: Thread started: Stress Step Profile - 500 to 1000 VU 1-869
2026-08-16 15:25:27,179 INFO o.a.j.t.JMeterThread: Thread started: Stress Step Profile - 500 to 1000 VU 1-868
2026-08-16 15:25:27,479 INFO o.a.j.t.JMeterThread: Thread started: Stress Step Profile - 500 to 1000 VU 1-867
2026-08-16 15:25:27,779 INFO o.a.j.t.JMeterThread: Thread started: Stress Step Profile - 500 to 1000 VU 1-866
2026-08-16 15:25:28,079 INFO o.a.j.t.JMeterThread: Thread started: Stress Step Profile - 500 to 1000 VU 1-865
2026-08-16 15:25:28,379 INFO o.a.j.t.JMeterThread: Thread started: Stress Step Profile - 500 to 1000 VU 1-864
2026-08-16 15:25:28,679 INFO o.a.j.t.JMeterThread: Thread started: Stress Step Profile - 500 to 1000 VU 1-863
2026-08-16 15:25:28,980 INFO o.a.j.t.JMeterThread: Thread started: Stress Step Profile - 500 to 1000 VU 1-862
2026-08-16 15:25:29,279 INFO o.a.j.t.JMeterThread: Thread started: Stress Step Profile - 500 to 1000 VU 1-861
2026-08-16 15:25:29,579 INFO o.a.j.t.JMeterThread: Thread started: Stress Step Profile - 500 to 1000 VU 1-860
2026-08-16 15:25:29,891 INFO o.a.j.t.JMeterThread: Thread started: Stress Step Profile - 500 to 1000 VU 1-859
2026-08-16 15:25:30,193 INFO o.a.j.t.JMeterThread: Thread started: Stress Step Profile - 500 to 1000 VU 1-858
2026-08-16 15:25:30,489 INFO o.a.j.t.JMeterThread: Thread started: Stress Step Profile - 500 to 1000 VU 1-857
2026-08-16 15:25:30,787 INFO o.a.j.t.JMeterThread: Thread started: Stress Step Profile - 500 to 1000 VU 1-856
2026-08-16 15:25:31,079 INFO o.a.j.t.JMeterThread: Thread started: Stress Step Profile - 500 to 1000 VU 1-855
2026-08-16 15:25:31,379 INFO o.a.j.t.JMeterThread: Thread started: Stress Step Profile - 500 to 1000 VU 1-854
2026-08-16 15:25:31,678 INFO o.a.j.t.JMeterThread: Thread started: Stress Step Profile - 500 to 1000 VU 1-853
2026-08-16 15:25:31,979 INFO o.a.j.t.JMeterThread: Thread started: Stress Step Profile - 500 to 1000 VU 1-852
2026-08-16 15:25:32,278 INFO o.a.j.t.JMeterThread: Thread started: Stress Step Profile - 500 to 1000 VU 1-851
2026-08-16 15:25:32,579 INFO o.a.j.t.JMeterThread: Thread started: Stress Step Profile - 500 to 1000 VU 1-850
2026-08-16 15:25:32,878 INFO o.a.j.t.JMeterThread: Thread started: Stress Step Profile - 500 to 1000 VU 1-849
2026-08-16 15:25:33,179 INFO o.a.j.t.JMeterThread: Thread started: Stress Step Profile - 500 to 1000 VU 1-848
2026-08-16 15:25:33,479 INFO o.a.j.t.JMeterThread: Thread started: Stress Step Profile - 500 to 1000 VU 1-847
2026-08-16 15:25:33,779 INFO o.a.j.t.JMeterThread: Thread started: Stress Step Profile - 500 to 1000 VU 1-846
2026-08-16 15:25:34,078 INFO o.a.j.t.JMeterThread: Thread started: Stress Step Profile - 500 to 1000 VU 1-845
2026-08-16 15:25:34,378 INFO o.a.j.t.JMeterThread: Thread started: Stress Step Profile - 500 to 1000 VU 1-844
2026-08-16 15:25:34,679 INFO o.a.j.t.JMeterThread: Thread started: Stress Step Profile - 500 to 1000 VU 1-843
2026-08-16 15:25:34,978 INFO o.a.j.t.JMeterThread: Thread started: Stress Step Profile - 500 to 1000 VU 1-842
2026-08-16 15:25:35,279 INFO o.a.j.t.JMeterThread: Thread started: Stress Step Profile - 500 to 1000 VU 1-841
2026-08-16 15:25:35,579 INFO o.a.j.t.JMeterThread: Thread started: Stress Step Profile - 500 to 1000 VU 1-840
2026-08-16 15:25:35,878 INFO o.a.j.t.JMeterThread: Thread started: Stress Step Profile - 500 to 1000 VU 1-839
2026-08-16 15:25:36,178 INFO o.a.j.t.JMeterThread: Thread started: Stress Step Profile - 500 to 1000 VU 1-838
2026-08-16 15:25:36,478 INFO o.a.j.t.JMeterThread: Thread started: Stress Step Profile - 500 to 1000 VU 1-837
2026-08-16 15:25:36,778 INFO o.a.j.t.JMeterThread: Thread started: Stress Step Profile - 500 to 1000 VU 1-836
2026-08-16 15:25:37,079 INFO o.a.j.t.JMeterThread: Thread started: Stress Step Profile - 500 to 1000 VU 1-835
2026-08-16 15:25:37,379 INFO o.a.j.t.JMeterThread: Thread started: Stress Step Profile - 500 to 1000 VU 1-834
2026-08-16 15:25:37,679 INFO o.a.j.t.JMeterThread: Thread started: Stress Step Profile - 500 to 1000 VU 1-833
2026-08-16 15:25:37,979 INFO o.a.j.t.JMeterThread: Thread started: Stress Step Profile - 500 to 1000 VU 1-832
2026-08-16 15:25:38,279 INFO o.a.j.t.JMeterThread: Thread started: Stress Step Profile - 500 to 1000 VU 1-831
2026-08-16 15:25:38,579 INFO o.a.j.t.JMeterThread: Thread started: Stress Step Profile - 500 to 1000 VU 1-830
2026-08-16 15:25:38,879 INFO o.a.j.t.JMeterThread: Thread started: Stress Step Profile - 500 to 1000 VU 1-829
2026-08-16 15:25:39,178 INFO o.a.j.t.JMeterThread: Thread started: Stress Step Profile - 500 to 1000 VU 1-828
2026-08-16 15:25:39,479 INFO o.a.j.t.JMeterThread: Thread started: Stress Step Profile - 500 to 1000 VU 1-827
2026-08-16 15:25:39,779 INFO o.a.j.t.JMeterThread: Thread started: Stress Step Profile - 500 to 1000 VU 1-826
2026-08-16 15:25:40,079 INFO o.a.j.t.JMeterThread: Thread started: Stress Step Profile - 500 to 1000 VU 1-825
2026-08-16 15:25:40,379 INFO o.a.j.t.JMeterThread: Thread started: Stress Step Profile - 500 to 1000 VU 1-824
2026-08-16 15:25:40,679 INFO o.a.j.t.JMeterThread: Thread started: Stress Step Profile - 500 to 1000 VU 1-823
2026-08-16 15:25:40,978 INFO o.a.j.t.JMeterThread: Thread started: Stress Step Profile - 500 to 1000 VU 1-822
2026-08-16 15:25:41,279 INFO o.a.j.t.JMeterThread: Thread started: Stress Step Profile - 500 to 1000 VU 1-821
2026-08-16 15:25:41,579 INFO o.a.j.t.JMeterThread: Thread started: Stress Step Profile - 500 to 1000 VU 1-820
2026-08-16 15:25:41,879 INFO o.a.j.t.JMeterThread: Thread started: Stress Step Profile - 500 to 1000 VU 1-819
2026-08-16 15:25:42,179 INFO o.a.j.t.JMeterThread: Thread started: Stress Step Profile - 500 to 1000 VU 1-818
2026-08-16 15:25:42,479 INFO o.a.j.t.JMeterThread: Thread started: Stress Step Profile - 500 to 1000 VU 1-817
2026-08-16 15:25:42,779 INFO o.a.j.t.JMeterThread: Thread started: Stress Step Profile - 500 to 1000 VU 1-816
2026-08-16 15:25:43,078 INFO o.a.j.t.JMeterThread: Thread started: Stress Step Profile - 500 to 1000 VU 1-815
2026-08-16 15:25:43,378 INFO o.a.j.t.JMeterThread: Thread started: Stress Step Profile - 500 to 1000 VU 1-814
2026-08-16 15:25:43,678 INFO o.a.j.t.JMeterThread: Thread started: Stress Step Profile - 500 to 1000 VU 1-813
2026-08-16 15:25:43,978 INFO o.a.j.t.JMeterThread: Thread started: Stress Step Profile - 500 to 1000 VU 1-812
2026-08-16 15:25:44,279 INFO o.a.j.t.JMeterThread: Thread started: Stress Step Profile - 500 to 1000 VU 1-811
2026-08-16 15:25:44,578 INFO o.a.j.t.JMeterThread: Thread started: Stress Step Profile - 500 to 1000 VU 1-810
2026-08-16 15:25:44,879 INFO o.a.j.t.JMeterThread: Thread started: Stress Step Profile - 500 to 1000 VU 1-809
2026-08-16 15:25:45,179 INFO o.a.j.t.JMeterThread: Thread started: Stress Step Profile - 500 to 1000 VU 1-808
2026-08-16 15:25:45,478 INFO o.a.j.t.JMeterThread: Thread started: Stress Step Profile - 500 to 1000 VU 1-807
2026-08-16 15:25:45,779 INFO o.a.j.t.JMeterThread: Thread started: Stress Step Profile - 500 to 1000 VU 1-806
2026-08-16 15:25:46,078 INFO o.a.j.t.JMeterThread: Thread started: Stress Step Profile - 500 to 1000 VU 1-805
2026-08-16 15:25:46,378 INFO o.a.j.t.JMeterThread: Thread started: Stress Step Profile - 500 to 1000 VU 1-804
2026-08-16 15:25:46,679 INFO o.a.j.t.JMeterThread: Thread started: Stress Step Profile - 500 to 1000 VU 1-803
2026-08-16 15:25:46,979 INFO o.a.j.t.JMeterThread: Thread started: Stress Step Profile - 500 to 1000 VU 1-802
2026-08-16 15:25:47,279 INFO o.a.j.t.JMeterThread: Thread started: Stress Step Profile - 500 to 1000 VU 1-801
2026-08-16 15:27:45,298 INFO o.a.j.t.JMeterThread: Thread finished: Stress Step Profile - 500 to 1000 VU 1-493
2026-08-16 15:27:45,376 INFO o.a.j.t.JMeterThread: Thread finished: Stress Step Profile - 500 to 1000 VU 1-800
2026-08-16 15:27:45,523 INFO o.a.j.t.JMeterThread: Thread finished: Stress Step Profile - 500 to 1000 VU 1-999
2026-08-16 15:27:45,680 INFO o.a.j.t.JMeterThread: Thread finished: Stress Step Profile - 500 to 1000 VU 1-650
2026-08-16 15:27:45,719 INFO o.a.j.t.JMeterThread: Thread finished: Stress Step Profile - 500 to 1000 VU 1-498
2026-08-16 15:27:45,747 INFO o.a.j.t.JMeterThread: Thread finished: Stress Step Profile - 500 to 1000 VU 1-500
2026-08-16 15:27:45,945 INFO o.a.j.t.JMeterThread: Thread finished: Stress Step Profile - 500 to 1000 VU 1-998
2026-08-16 15:27:46,203 INFO o.a.j.t.JMeterThread: Thread finished: Stress Step Profile - 500 to 1000 VU 1-1000
2026-08-16 15:27:46,235 INFO o.a.j.t.JMeterThread: Thread finished: Stress Step Profile - 500 to 1000 VU 1-495
2026-08-16 15:27:46,614 INFO o.a.j.t.JMeterThread: Thread finished: Stress Step Profile - 500 to 1000 VU 1-647
2026-08-16 15:27:46,784 INFO o.a.j.t.JMeterThread: Thread finished: Stress Step Profile - 500 to 1000 VU 1-497
2026-08-16 15:27:46,786 INFO o.a.j.t.JMeterThread: Thread finished: Stress Step Profile - 500 to 1000 VU 1-499
2026-08-16 15:27:46,802 INFO o.a.j.t.JMeterThread: Thread finished: Stress Step Profile - 500 to 1000 VU 1-492
2026-08-16 15:27:46,977 INFO o.a.j.t.JMeterThread: Thread finished: Stress Step Profile - 500 to 1000 VU 1-997
2026-08-16 15:27:47,063 INFO o.a.j.t.JMeterThread: Thread finished: Stress Step Profile - 500 to 1000 VU 1-645
2026-08-16 15:27:47,091 INFO o.a.j.t.JMeterThread: Thread finished: Stress Step Profile - 500 to 1000 VU 1-479
2026-08-16 15:27:47,256 INFO o.a.j.t.JMeterThread: Thread finished: Stress Step Profile - 500 to 1000 VU 1-485
2026-08-16 15:27:47,272 INFO o.a.j.t.JMeterThread: Thread finished: Stress Step Profile - 500 to 1000 VU 1-649
2026-08-16 15:27:47,474 INFO o.a.j.t.JMeterThread: Thread finished: Stress Step Profile - 500 to 1000 VU 1-644
2026-08-16 15:27:47,476 INFO o.a.j.t.JMeterThread: Thread finished: Stress Step Profile - 500 to 1000 VU 1-494
2026-08-16 15:27:47,484 INFO o.a.j.t.JMeterThread: Thread finished: Stress Step Profile - 500 to 1000 VU 1-798
2026-08-16 15:27:47,781 INFO o.a.j.t.JMeterThread: Thread finished: Stress Step Profile - 500 to 1000 VU 1-992
2026-08-16 15:27:47,784 INFO o.a.j.t.JMeterThread: Thread finished: Stress Step Profile - 500 to 1000 VU 1-496
2026-08-16 15:27:47,829 INFO o.a.j.t.JMeterThread: Thread finished: Stress Step Profile - 500 to 1000 VU 1-799
2026-08-16 15:27:47,907 INFO o.a.j.t.JMeterThread: Thread finished: Stress Step Profile - 500 to 1000 VU 1-481
2026-08-16 15:27:47,954 INFO o.a.j.t.JMeterThread: Thread finished: Stress Step Profile - 500 to 1000 VU 1-490
2026-08-16 15:27:48,135 INFO o.a.j.t.JMeterThread: Thread finished: Stress Step Profile - 500 to 1000 VU 1-489
2026-08-16 15:27:48,148 INFO o.a.j.t.JMeterThread: Thread finished: Stress Step Profile - 500 to 1000 VU 1-648
2026-08-16 15:27:48,154 INFO o.a.j.t.JMeterThread: Thread finished: Stress Step Profile - 500 to 1000 VU 1-993
2026-08-16 15:27:48,183 INFO o.a.j.t.JMeterThread: Thread finished: Stress Step Profile - 500 to 1000 VU 1-486
2026-08-16 15:27:48,311 INFO o.a.j.t.JMeterThread: Thread finished: Stress Step Profile - 500 to 1000 VU 1-995
2026-08-16 15:27:48,425 INFO o.a.j.t.JMeterThread: Thread finished: Stress Step Profile - 500 to 1000 VU 1-491
2026-08-16 15:27:48,501 INFO o.a.j.t.JMeterThread: Thread finished: Stress Step Profile - 500 to 1000 VU 1-996
2026-08-16 15:27:48,502 INFO o.a.j.t.JMeterThread: Thread finished: Stress Step Profile - 500 to 1000 VU 1-483
2026-08-16 15:27:48,506 INFO o.a.j.t.JMeterThread: Thread finished: Stress Step Profile - 500 to 1000 VU 1-646
2026-08-16 15:27:48,568 INFO o.a.j.t.JMeterThread: Thread finished: Stress Step Profile - 500 to 1000 VU 1-484
2026-08-16 15:27:48,599 INFO o.a.j.t.JMeterThread: Thread finished: Stress Step Profile - 500 to 1000 VU 1-478
2026-08-16 15:27:48,692 INFO o.a.j.t.JMeterThread: Thread finished: Stress Step Profile - 500 to 1000 VU 1-994
2026-08-16 15:27:48,738 INFO o.a.j.t.JMeterThread: Thread finished: Stress Step Profile - 500 to 1000 VU 1-487
2026-08-16 15:27:48,748 INFO o.a.j.t.JMeterThread: Thread finished: Stress Step Profile - 500 to 1000 VU 1-488
2026-08-16 15:27:48,751 INFO o.a.j.t.JMeterThread: Thread finished: Stress Step Profile - 500 to 1000 VU 1-473
2026-08-16 15:27:48,771 INFO o.a.j.t.JMeterThread: Thread finished: Stress Step Profile - 500 to 1000 VU 1-990
2026-08-16 15:27:48,829 INFO o.a.j.t.JMeterThread: Thread finished: Stress Step Profile - 500 to 1000 VU 1-797
2026-08-16 15:27:49,002 INFO o.a.j.t.JMeterThread: Thread finished: Stress Step Profile - 500 to 1000 VU 1-471
2026-08-16 15:27:49,194 INFO o.a.j.t.JMeterThread: Thread finished: Stress Step Profile - 500 to 1000 VU 1-796
2026-08-16 15:27:49,216 INFO o.a.j.t.JMeterThread: Thread finished: Stress Step Profile - 500 to 1000 VU 1-795
2026-08-16 15:27:49,249 INFO o.a.j.t.JMeterThread: Thread finished: Stress Step Profile - 500 to 1000 VU 1-794
2026-08-16 15:27:49,285 INFO o.a.j.t.JMeterThread: Thread finished: Stress Step Profile - 500 to 1000 VU 1-793
2026-08-16 15:27:49,377 INFO o.a.j.t.JMeterThread: Thread finished: Stress Step Profile - 500 to 1000 VU 1-480
2026-08-16 15:27:49,418 INFO o.a.j.t.JMeterThread: Thread finished: Stress Step Profile - 500 to 1000 VU 1-472
2026-08-16 15:27:49,438 INFO o.a.j.t.JMeterThread: Thread finished: Stress Step Profile - 500 to 1000 VU 1-477
2026-08-16 15:27:49,443 INFO o.a.j.t.JMeterThread: Thread finished: Stress Step Profile - 500 to 1000 VU 1-476
2026-08-16 15:27:49,474 INFO o.a.j.t.JMeterThread: Thread finished: Stress Step Profile - 500 to 1000 VU 1-482
2026-08-16 15:27:49,544 INFO o.a.j.t.JMeterThread: Thread finished: Stress Step Profile - 500 to 1000 VU 1-790
2026-08-16 15:27:49,580 INFO o.a.j.t.JMeterThread: Thread finished: Stress Step Profile - 500 to 1000 VU 1-474
2026-08-16 15:27:49,855 INFO o.a.j.t.JMeterThread: Thread finished: Stress Step Profile - 500 to 1000 VU 1-475
2026-08-16 15:27:49,863 INFO o.a.j.t.JMeterThread: Thread finished: Stress Step Profile - 500 to 1000 VU 1-640
2026-08-16 15:27:49,952 INFO o.a.j.t.JMeterThread: Thread finished: Stress Step Profile - 500 to 1000 VU 1-792
2026-08-16 15:27:49,962 INFO o.a.j.t.JMeterThread: Thread finished: Stress Step Profile - 500 to 1000 VU 1-988
2026-08-16 15:27:49,963 INFO o.a.j.t.JMeterThread: Thread finished: Stress Step Profile - 500 to 1000 VU 1-470
2026-08-16 15:27:50,248 INFO o.a.j.t.JMeterThread: Thread finished: Stress Step Profile - 500 to 1000 VU 1-459
2026-08-16 15:27:50,260 INFO o.a.j.t.JMeterThread: Thread finished: Stress Step Profile - 500 to 1000 VU 1-641
2026-08-16 15:27:50,267 INFO o.a.j.t.JMeterThread: Thread finished: Stress Step Profile - 500 to 1000 VU 1-991
2026-08-16 15:27:50,289 INFO o.a.j.t.JMeterThread: Thread finished: Stress Step Profile - 500 to 1000 VU 1-469
2026-08-16 15:27:50,305 INFO o.a.j.t.JMeterThread: Thread finished: Stress Step Profile - 500 to 1000 VU 1-464
2026-08-16 15:27:50,354 INFO o.a.j.t.JMeterThread: Thread finished: Stress Step Profile - 500 to 1000 VU 1-987
2026-08-16 15:27:50,418 INFO o.a.j.t.JMeterThread: Thread finished: Stress Step Profile - 500 to 1000 VU 1-643
2026-08-16 15:27:50,424 INFO o.a.j.t.JMeterThread: Thread finished: Stress Step Profile - 500 to 1000 VU 1-465
2026-08-16 15:27:50,619 INFO o.a.j.t.JMeterThread: Thread finished: Stress Step Profile - 500 to 1000 VU 1-468
2026-08-16 15:27:50,622 INFO o.a.j.t.JMeterThread: Thread finished: Stress Step Profile - 500 to 1000 VU 1-639
2026-08-16 15:27:50,637 INFO o.a.j.t.JMeterThread: Thread finished: Stress Step Profile - 500 to 1000 VU 1-642
2026-08-16 15:27:50,675 INFO o.a.j.t.JMeterThread: Thread finished: Stress Step Profile - 500 to 1000 VU 1-467
2026-08-16 15:27:50,706 INFO o.a.j.t.JMeterThread: Thread finished: Stress Step Profile - 500 to 1000 VU 1-989
2026-08-16 15:27:50,714 INFO o.a.j.t.JMeterThread: Thread finished: Stress Step Profile - 500 to 1000 VU 1-791
2026-08-16 15:27:50,743 INFO o.a.j.t.JMeterThread: Thread finished: Stress Step Profile - 500 to 1000 VU 1-789
2026-08-16 15:27:50,843 INFO o.a.j.t.JMeterThread: Thread finished: Stress Step Profile - 500 to 1000 VU 1-787
2026-08-16 15:27:50,981 INFO o.a.j.t.JMeterThread: Thread finished: Stress Step Profile - 500 to 1000 VU 1-985
2026-08-16 15:27:51,114 INFO o.a.j.t.JMeterThread: Thread finished: Stress Step Profile - 500 to 1000 VU 1-448
2026-08-16 15:27:51,209 INFO o.a.j.t.JMeterThread: Thread finished: Stress Step Profile - 500 to 1000 VU 1-981
2026-08-16 15:27:51,230 INFO o.a.j.t.JMeterThread: Thread finished: Stress Step Profile - 500 to 1000 VU 1-637
2026-08-16 15:27:51,298 INFO o.a.j.t.JMeterThread: Thread finished: Stress Step Profile - 500 to 1000 VU 1-466
2026-08-16 15:27:51,318 INFO o.a.j.t.JMeterThread: Thread finished: Stress Step Profile - 500 to 1000 VU 1-986
2026-08-16 15:27:51,347 INFO o.a.j.t.JMeterThread: Thread finished: Stress Step Profile - 500 to 1000 VU 1-984
2026-08-16 15:27:51,372 INFO o.a.j.t.JMeterThread: Thread finished: Stress Step Profile - 500 to 1000 VU 1-463
2026-08-16 15:27:51,464 INFO o.a.j.t.JMeterThread: Thread finished: Stress Step Profile - 500 to 1000 VU 1-461
2026-08-16 15:27:51,486 INFO o.a.j.t.JMeterThread: Thread finished: Stress Step Profile - 500 to 1000 VU 1-462
2026-08-16 15:27:51,541 INFO o.a.j.t.JMeterThread: Thread finished: Stress Step Profile - 500 to 1000 VU 1-455
2026-08-16 15:27:51,556 INFO o.a.j.t.JMeterThread: Thread finished: Stress Step Profile - 500 to 1000 VU 1-978
2026-08-16 15:27:51,586 INFO o.a.j.t.JMeterThread: Thread finished: Stress Step Profile - 500 to 1000 VU 1-788
2026-08-16 15:27:51,634 INFO o.a.j.t.JMeterThread: Thread finished: Stress Step Profile - 500 to 1000 VU 1-785
2026-08-16 15:27:51,679 INFO o.a.j.t.JMeterThread: Thread finished: Stress Step Profile - 500 to 1000 VU 1-979
2026-08-16 15:27:51,682 INFO o.a.j.t.JMeterThread: Thread finished: Stress Step Profile - 500 to 1000 VU 1-460
2026-08-16 15:27:51,708 INFO o.a.j.t.JMeterThread: Thread finished: Stress Step Profile - 500 to 1000 VU 1-450
2026-08-16 15:27:51,782 INFO o.a.j.t.JMeterThread: Thread finished: Stress Step Profile - 500 to 1000 VU 1-454
2026-08-16 15:27:51,817 INFO o.a.j.t.JMeterThread: Thread finished: Stress Step Profile - 500 to 1000 VU 1-458
2026-08-16 15:27:51,874 INFO o.a.j.t.JMeterThread: Thread finished: Stress Step Profile - 500 to 1000 VU 1-456
2026-08-16 15:27:51,942 INFO o.a.j.t.JMeterThread: Thread finished: Stress Step Profile - 500 to 1000 VU 1-980
2026-08-16 15:27:51,957 INFO o.a.j.t.JMeterThread: Thread finished: Stress Step Profile - 500 to 1000 VU 1-453
2026-08-16 15:27:52,037 INFO o.a.j.t.JMeterThread: Thread finished: Stress Step Profile - 500 to 1000 VU 1-452
2026-08-16 15:27:52,049 INFO o.a.j.t.JMeterThread: Thread finished: Stress Step Profile - 500 to 1000 VU 1-786
2026-08-16 15:27:52,091 INFO o.a.j.t.JMeterThread: Thread finished: Stress Step Profile - 500 to 1000 VU 1-636
2026-08-16 15:27:52,095 INFO o.a.j.t.JMeterThread: Thread finished: Stress Step Profile - 500 to 1000 VU 1-976
2026-08-16 15:27:52,178 INFO o.a.j.t.JMeterThread: Thread finished: Stress Step Profile - 500 to 1000 VU 1-983
2026-08-16 15:27:52,286 INFO o.a.j.t.JMeterThread: Thread finished: Stress Step Profile - 500 to 1000 VU 1-635
2026-08-16 15:27:52,311 INFO o.a.j.t.JMeterThread: Thread finished: Stress Step Profile - 500 to 1000 VU 1-638
2026-08-16 15:27:52,404 INFO o.a.j.t.JMeterThread: Thread finished: Stress Step Profile - 500 to 1000 VU 1-982
2026-08-16 15:27:52,419 INFO o.a.j.t.JMeterThread: Thread finished: Stress Step Profile - 500 to 1000 VU 1-457
2026-08-16 15:27:52,526 INFO o.a.j.t.JMeterThread: Thread finished: Stress Step Profile - 500 to 1000 VU 1-445
2026-08-16 15:27:52,570 INFO o.a.j.t.JMeterThread: Thread finished: Stress Step Profile - 500 to 1000 VU 1-634
2026-08-16 15:27:52,653 INFO o.a.j.t.JMeterThread: Thread finished: Stress Step Profile - 500 to 1000 VU 1-449
2026-08-16 15:27:52,707 INFO o.a.j.t.JMeterThread: Thread finished: Stress Step Profile - 500 to 1000 VU 1-443
2026-08-16 15:27:52,898 INFO o.a.j.t.JMeterThread: Thread finished: Stress Step Profile - 500 to 1000 VU 1-783
2026-08-16 15:27:52,921 INFO o.a.j.t.JMeterThread: Thread finished: Stress Step Profile - 500 to 1000 VU 1-784
2026-08-16 15:27:53,016 INFO o.a.j.t.JMeterThread: Thread finished: Stress Step Profile - 500 to 1000 VU 1-451
2026-08-16 15:27:53,024 INFO o.a.j.t.JMeterThread: Thread finished: Stress Step Profile - 500 to 1000 VU 1-974
2026-08-16 15:27:53,029 INFO o.a.j.t.JMeterThread: Thread finished: Stress Step Profile - 500 to 1000 VU 1-447
2026-08-16 15:27:53,171 INFO o.a.j.t.JMeterThread: Thread finished: Stress Step Profile - 500 to 1000 VU 1-434
2026-08-16 15:27:53,189 INFO o.a.j.t.JMeterThread: Thread finished: Stress Step Profile - 500 to 1000 VU 1-781
2026-08-16 15:27:53,212 INFO o.a.j.t.JMeterThread: Thread finished: Stress Step Profile - 500 to 1000 VU 1-633
2026-08-16 15:27:53,404 INFO o.a.j.t.JMeterThread: Thread finished: Stress Step Profile - 500 to 1000 VU 1-439
2026-08-16 15:27:53,449 INFO o.a.j.t.JMeterThread: Thread finished: Stress Step Profile - 500 to 1000 VU 1-975
2026-08-16 15:27:53,466 INFO o.a.j.t.JMeterThread: Thread finished: Stress Step Profile - 500 to 1000 VU 1-632
2026-08-16 15:27:53,478 INFO o.a.j.t.JMeterThread: Thread finished: Stress Step Profile - 500 to 1000 VU 1-436
2026-08-16 15:27:53,508 INFO o.a.j.t.JMeterThread: Thread finished: Stress Step Profile - 500 to 1000 VU 1-446
2026-08-16 15:27:53,522 INFO o.a.j.t.JMeterThread: Thread finished: Stress Step Profile - 500 to 1000 VU 1-427
2026-08-16 15:27:53,565 INFO o.a.j.t.JMeterThread: Thread finished: Stress Step Profile - 500 to 1000 VU 1-432
2026-08-16 15:27:53,631 INFO o.a.j.t.JMeterThread: Thread finished: Stress Step Profile - 500 to 1000 VU 1-426
2026-08-16 15:27:53,724 INFO o.a.j.t.JMeterThread: Thread finished: Stress Step Profile - 500 to 1000 VU 1-441
2026-08-16 15:27:53,759 INFO o.a.j.t.JMeterThread: Thread finished: Stress Step Profile - 500 to 1000 VU 1-444
2026-08-16 15:27:53,819 INFO o.a.j.t.JMeterThread: Thread finished: Stress Step Profile - 500 to 1000 VU 1-442
2026-08-16 15:27:53,822 INFO o.a.j.t.JMeterThread: Thread finished: Stress Step Profile - 500 to 1000 VU 1-440
2026-08-16 15:27:53,833 INFO o.a.j.t.JMeterThread: Thread finished: Stress Step Profile - 500 to 1000 VU 1-428
2026-08-16 15:27:53,948 INFO o.a.j.t.JMeterThread: Thread finished: Stress Step Profile - 500 to 1000 VU 1-438
2026-08-16 15:27:54,010 INFO o.a.j.t.JMeterThread: Thread finished: Stress Step Profile - 500 to 1000 VU 1-782
2026-08-16 15:27:54,090 INFO o.a.j.t.JMeterThread: Thread finished: Stress Step Profile - 500 to 1000 VU 1-779
2026-08-16 15:27:54,227 INFO o.a.j.t.JMeterThread: Thread finished: Stress Step Profile - 500 to 1000 VU 1-631
2026-08-16 15:27:54,385 INFO o.a.j.t.JMeterThread: Thread finished: Stress Step Profile - 500 to 1000 VU 1-425
2026-08-16 15:27:54,392 INFO o.a.j.t.JMeterThread: Thread finished: Stress Step Profile - 500 to 1000 VU 1-437
2026-08-16 15:27:54,419 INFO o.a.j.t.JMeterThread: Thread finished: Stress Step Profile - 500 to 1000 VU 1-433
2026-08-16 15:27:54,476 INFO o.a.j.t.JMeterThread: Thread finished: Stress Step Profile - 500 to 1000 VU 1-431
2026-08-16 15:27:54,479 INFO o.a.j.t.JMeterThread: Stopping because end time detected by thread: Stress Step Profile - 500 to 1000 VU 1-977
2026-08-16 15:27:54,479 INFO o.a.j.t.JMeterThread: Thread finished: Stress Step Profile - 500 to 1000 VU 1-977
2026-08-16 15:27:54,522 INFO o.a.j.t.JMeterThread: Thread finished: Stress Step Profile - 500 to 1000 VU 1-435
2026-08-16 15:27:54,540 INFO o.a.j.t.JMeterThread: Thread finished: Stress Step Profile - 500 to 1000 VU 1-421
2026-08-16 15:27:54,976 INFO o.a.j.t.JMeterThread: Thread finished: Stress Step Profile - 500 to 1000 VU 1-429
2026-08-16 15:27:54,992 INFO o.a.j.t.JMeterThread: Thread finished: Stress Step Profile - 500 to 1000 VU 1-630
2026-08-16 15:27:54,993 INFO o.a.j.t.JMeterThread: Thread finished: Stress Step Profile - 500 to 1000 VU 1-972
2026-08-16 15:27:55,010 INFO o.a.j.t.JMeterThread: Thread finished: Stress Step Profile - 500 to 1000 VU 1-419
2026-08-16 15:27:55,250 INFO o.a.j.t.JMeterThread: Thread finished: Stress Step Profile - 500 to 1000 VU 1-973
2026-08-16 15:27:55,416 INFO o.a.j.t.JMeterThread: Thread finished: Stress Step Profile - 500 to 1000 VU 1-412
2026-08-16 15:27:55,448 INFO o.a.j.t.JMeterThread: Thread finished: Stress Step Profile - 500 to 1000 VU 1-422
2026-08-16 15:27:55,461 INFO o.a.j.t.JMeterThread: Thread finished: Stress Step Profile - 500 to 1000 VU 1-780
2026-08-16 15:27:55,515 INFO o.a.j.t.JMeterThread: Thread finished: Stress Step Profile - 500 to 1000 VU 1-627
2026-08-16 15:27:55,515 INFO o.a.j.t.JMeterThread: Thread finished: Stress Step Profile - 500 to 1000 VU 1-430
2026-08-16 15:27:55,589 INFO o.a.j.t.JMeterThread: Thread finished: Stress Step Profile - 500 to 1000 VU 1-777
2026-08-16 15:27:55,602 INFO o.a.j.t.JMeterThread: Thread finished: Stress Step Profile - 500 to 1000 VU 1-424
2026-08-16 15:27:55,668 INFO o.a.j.t.JMeterThread: Thread finished: Stress Step Profile - 500 to 1000 VU 1-971
2026-08-16 15:27:55,698 INFO o.a.j.t.JMeterThread: Thread finished: Stress Step Profile - 500 to 1000 VU 1-629
2026-08-16 15:27:55,779 INFO o.a.j.t.JMeterThread: Thread finished: Stress Step Profile - 500 to 1000 VU 1-969
2026-08-16 15:27:55,780 INFO o.a.j.t.JMeterThread: Thread finished: Stress Step Profile - 500 to 1000 VU 1-420
2026-08-16 15:27:55,852 INFO o.a.j.t.JMeterThread: Thread finished: Stress Step Profile - 500 to 1000 VU 1-423
2026-08-16 15:27:55,917 INFO o.a.j.t.JMeterThread: Thread finished: Stress Step Profile - 500 to 1000 VU 1-776
2026-08-16 15:27:55,945 INFO o.a.j.t.JMeterThread: Thread finished: Stress Step Profile - 500 to 1000 VU 1-628
2026-08-16 15:27:55,949 INFO o.a.j.t.JMeterThread: Thread finished: Stress Step Profile - 500 to 1000 VU 1-416
2026-08-16 15:27:56,030 INFO o.a.j.t.JMeterThread: Thread finished: Stress Step Profile - 500 to 1000 VU 1-626
2026-08-16 15:27:56,033 INFO o.a.j.t.JMeterThread: Thread finished: Stress Step Profile - 500 to 1000 VU 1-413
2026-08-16 15:27:56,093 INFO o.a.j.t.JMeterThread: Thread finished: Stress Step Profile - 500 to 1000 VU 1-778
2026-08-16 15:27:56,203 INFO o.a.j.t.JMeterThread: Thread finished: Stress Step Profile - 500 to 1000 VU 1-774
2026-08-16 15:27:56,385 INFO o.a.j.t.JMeterThread: Thread finished: Stress Step Profile - 500 to 1000 VU 1-418
2026-08-16 15:27:56,436 INFO o.a.j.t.JMeterThread: Thread finished: Stress Step Profile - 500 to 1000 VU 1-970
2026-08-16 15:27:56,535 INFO o.a.j.t.JMeterThread: Thread finished: Stress Step Profile - 500 to 1000 VU 1-968
2026-08-16 15:27:56,787 INFO o.a.j.t.JMeterThread: Thread finished: Stress Step Profile - 500 to 1000 VU 1-408
2026-08-16 15:27:56,790 INFO o.a.j.t.JMeterThread: Thread finished: Stress Step Profile - 500 to 1000 VU 1-966
2026-08-16 15:27:56,833 INFO o.a.j.t.JMeterThread: Thread finished: Stress Step Profile - 500 to 1000 VU 1-967
2026-08-16 15:27:56,884 INFO o.a.j.t.JMeterThread: Thread finished: Stress Step Profile - 500 to 1000 VU 1-417
2026-08-16 15:27:57,156 INFO o.a.j.t.JMeterThread: Thread finished: Stress Step Profile - 500 to 1000 VU 1-625
2026-08-16 15:27:57,167 INFO o.a.j.t.JMeterThread: Thread finished: Stress Step Profile - 500 to 1000 VU 1-415
2026-08-16 15:27:57,185 INFO o.a.j.t.JMeterThread: Thread finished: Stress Step Profile - 500 to 1000 VU 1-409
2026-08-16 15:27:57,213 INFO o.a.j.t.JMeterThread: Thread finished: Stress Step Profile - 500 to 1000 VU 1-773
2026-08-16 15:27:57,234 INFO o.a.j.t.JMeterThread: Thread finished: Stress Step Profile - 500 to 1000 VU 1-406
2026-08-16 15:27:57,238 INFO o.a.j.t.JMeterThread: Thread finished: Stress Step Profile - 500 to 1000 VU 1-399
2026-08-16 15:27:57,274 INFO o.a.j.t.JMeterThread: Thread finished: Stress Step Profile - 500 to 1000 VU 1-401
2026-08-16 15:27:57,381 INFO o.a.j.t.JMeterThread: Thread finished: Stress Step Profile - 500 to 1000 VU 1-772
2026-08-16 15:27:57,413 INFO o.a.j.t.JMeterThread: Thread finished: Stress Step Profile - 500 to 1000 VU 1-624
2026-08-16 15:27:57,420 INFO o.a.j.t.JMeterThread: Thread finished: Stress Step Profile - 500 to 1000 VU 1-775
2026-08-16 15:27:57,479 INFO o.a.j.t.JMeterThread: Thread finished: Stress Step Profile - 500 to 1000 VU 1-963
2026-08-16 15:27:57,504 INFO o.a.j.t.JMeterThread: Thread finished: Stress Step Profile - 500 to 1000 VU 1-411
2026-08-16 15:27:57,516 INFO o.a.j.t.JMeterThread: Thread finished: Stress Step Profile - 500 to 1000 VU 1-414
2026-08-16 15:27:57,655 INFO o.a.j.t.JMeterThread: Thread finished: Stress Step Profile - 500 to 1000 VU 1-407
2026-08-16 15:27:57,824 INFO o.a.j.t.JMeterThread: Thread finished: Stress Step Profile - 500 to 1000 VU 1-402
2026-08-16 15:27:57,947 INFO o.a.j.t.JMeterThread: Thread finished: Stress Step Profile - 500 to 1000 VU 1-771
2026-08-16 15:27:57,955 INFO o.a.j.t.JMeterThread: Thread finished: Stress Step Profile - 500 to 1000 VU 1-623
2026-08-16 15:27:58,055 INFO o.a.j.t.JMeterThread: Thread finished: Stress Step Profile - 500 to 1000 VU 1-965
2026-08-16 15:27:58,108 INFO o.a.j.t.JMeterThread: Thread finished: Stress Step Profile - 500 to 1000 VU 1-770
2026-08-16 15:27:58,120 INFO o.a.j.t.JMeterThread: Thread finished: Stress Step Profile - 500 to 1000 VU 1-622
2026-08-16 15:27:58,125 INFO o.a.j.t.JMeterThread: Thread finished: Stress Step Profile - 500 to 1000 VU 1-410
2026-08-16 15:27:58,228 INFO o.a.j.t.JMeterThread: Thread finished: Stress Step Profile - 500 to 1000 VU 1-964
2026-08-16 15:27:58,276 INFO o.a.j.t.JMeterThread: Thread finished: Stress Step Profile - 500 to 1000 VU 1-390
2026-08-16 15:27:58,282 INFO o.a.j.t.JMeterThread: Thread finished: Stress Step Profile - 500 to 1000 VU 1-394
2026-08-16 15:27:58,341 INFO o.a.j.t.JMeterThread: Thread finished: Stress Step Profile - 500 to 1000 VU 1-962
2026-08-16 15:27:58,472 INFO o.a.j.t.JMeterThread: Thread finished: Stress Step Profile - 500 to 1000 VU 1-405
2026-08-16 15:27:58,527 INFO o.a.j.t.JMeterThread: Thread finished: Stress Step Profile - 500 to 1000 VU 1-403
2026-08-16 15:27:58,530 INFO o.a.j.t.JMeterThread: Thread finished: Stress Step Profile - 500 to 1000 VU 1-404
2026-08-16 15:27:58,578 INFO o.a.j.t.JMeterThread: Thread finished: Stress Step Profile - 500 to 1000 VU 1-960
2026-08-16 15:27:58,631 INFO o.a.j.t.JMeterThread: Thread finished: Stress Step Profile - 500 to 1000 VU 1-619
2026-08-16 15:27:58,694 INFO o.a.j.t.JMeterThread: Thread finished: Stress Step Profile - 500 to 1000 VU 1-621
2026-08-16 15:27:58,701 INFO o.a.j.t.JMeterThread: Thread finished: Stress Step Profile - 500 to 1000 VU 1-954
2026-08-16 15:27:58,757 INFO o.a.j.t.JMeterThread: Thread finished: Stress Step Profile - 500 to 1000 VU 1-769
2026-08-16 15:27:58,941 INFO o.a.j.t.JMeterThread: Thread finished: Stress Step Profile - 500 to 1000 VU 1-961
2026-08-16 15:27:58,955 INFO o.a.j.t.JMeterThread: Thread finished: Stress Step Profile - 500 to 1000 VU 1-616
2026-08-16 15:27:58,989 INFO o.a.j.t.JMeterThread: Thread finished: Stress Step Profile - 500 to 1000 VU 1-393
2026-08-16 15:27:59,136 INFO o.a.j.t.JMeterThread: Thread finished: Stress Step Profile - 500 to 1000 VU 1-959
2026-08-16 15:27:59,196 INFO o.a.j.t.JMeterThread: Thread finished: Stress Step Profile - 500 to 1000 VU 1-768
2026-08-16 15:27:59,229 INFO o.a.j.t.JMeterThread: Thread finished: Stress Step Profile - 500 to 1000 VU 1-400
2026-08-16 15:27:59,258 INFO o.a.j.t.JMeterThread: Thread finished: Stress Step Profile - 500 to 1000 VU 1-389
2026-08-16 15:27:59,342 INFO o.a.j.t.JMeterThread: Thread finished: Stress Step Profile - 500 to 1000 VU 1-620
2026-08-16 15:27:59,369 INFO o.a.j.t.JMeterThread: Thread finished: Stress Step Profile - 500 to 1000 VU 1-957
2026-08-16 15:27:59,370 INFO o.a.j.t.JMeterThread: Thread finished: Stress Step Profile - 500 to 1000 VU 1-386
2026-08-16 15:27:59,542 INFO o.a.j.t.JMeterThread: Thread finished: Stress Step Profile - 500 to 1000 VU 1-614
2026-08-16 15:27:59,556 INFO o.a.j.t.JMeterThread: Thread finished: Stress Step Profile - 500 to 1000 VU 1-398
2026-08-16 15:27:59,569 INFO o.a.j.t.JMeterThread: Thread finished: Stress Step Profile - 500 to 1000 VU 1-384
2026-08-16 15:27:59,583 INFO o.a.j.t.JMeterThread: Thread finished: Stress Step Profile - 500 to 1000 VU 1-397
2026-08-16 15:27:59,589 INFO o.a.j.t.JMeterThread: Thread finished: Stress Step Profile - 500 to 1000 VU 1-396
2026-08-16 15:27:59,685 INFO o.a.j.t.JMeterThread: Thread finished: Stress Step Profile - 500 to 1000 VU 1-955
2026-08-16 15:27:59,799 INFO o.a.j.t.JMeterThread: Thread finished: Stress Step Profile - 500 to 1000 VU 1-388
2026-08-16 15:27:59,921 INFO o.a.j.t.JMeterThread: Thread finished: Stress Step Profile - 500 to 1000 VU 1-395
2026-08-16 15:27:59,938 INFO o.a.j.t.JMeterThread: Thread finished: Stress Step Profile - 500 to 1000 VU 1-956
2026-08-16 15:28:00,090 INFO o.a.j.r.Summariser: summary +    227 in 00:12:13 =    0.3/s Avg:  4248 Min:     1 Max: 10473 Err:     0 (0.00%) Active: 774 Started: 1000 Finished: 226
2026-08-16 15:28:00,090 INFO o.a.j.t.JMeterThread: Thread finished: Stress Step Profile - 500 to 1000 VU 1-958
2026-08-16 15:28:00,177 INFO o.a.j.t.JMeterThread: Thread finished: Stress Step Profile - 500 to 1000 VU 1-379
2026-08-16 15:28:00,217 INFO o.a.j.t.JMeterThread: Thread finished: Stress Step Profile - 500 to 1000 VU 1-391
2026-08-16 15:28:00,222 INFO o.a.j.t.JMeterThread: Thread finished: Stress Step Profile - 500 to 1000 VU 1-392
2026-08-16 15:28:00,340 INFO o.a.j.t.JMeterThread: Thread finished: Stress Step Profile - 500 to 1000 VU 1-380
2026-08-16 15:28:00,368 INFO o.a.j.t.JMeterThread: Thread finished: Stress Step Profile - 500 to 1000 VU 1-618
2026-08-16 15:28:00,525 INFO o.a.j.t.JMeterThread: Thread finished: Stress Step Profile - 500 to 1000 VU 1-617
2026-08-16 15:28:00,610 INFO o.a.j.t.JMeterThread: Thread finished: Stress Step Profile - 500 to 1000 VU 1-387
2026-08-16 15:28:00,623 INFO o.a.j.t.JMeterThread: Thread finished: Stress Step Profile - 500 to 1000 VU 1-767
2026-08-16 15:28:00,659 INFO o.a.j.t.JMeterThread: Thread finished: Stress Step Profile - 500 to 1000 VU 1-381
2026-08-16 15:28:00,682 INFO o.a.j.t.JMeterThread: Thread finished: Stress Step Profile - 500 to 1000 VU 1-383
2026-08-16 15:28:00,797 INFO o.a.j.t.JMeterThread: Thread finished: Stress Step Profile - 500 to 1000 VU 1-953
2026-08-16 15:28:00,941 INFO o.a.j.t.JMeterThread: Thread finished: Stress Step Profile - 500 to 1000 VU 1-378
2026-08-16 15:28:00,951 INFO o.a.j.t.JMeterThread: Thread finished: Stress Step Profile - 500 to 1000 VU 1-950
2026-08-16 15:28:00,956 INFO o.a.j.t.JMeterThread: Thread finished: Stress Step Profile - 500 to 1000 VU 1-385
2026-08-16 15:28:01,035 INFO o.a.j.t.JMeterThread: Thread finished: Stress Step Profile - 500 to 1000 VU 1-766
2026-08-16 15:28:01,167 INFO o.a.j.t.JMeterThread: Thread finished: Stress Step Profile - 500 to 1000 VU 1-765
2026-08-16 15:28:01,255 INFO o.a.j.t.JMeterThread: Thread finished: Stress Step Profile - 500 to 1000 VU 1-373
2026-08-16 15:28:01,372 INFO o.a.j.t.JMeterThread: Thread finished: Stress Step Profile - 500 to 1000 VU 1-382
2026-08-16 15:28:01,411 INFO o.a.j.t.JMeterThread: Thread finished: Stress Step Profile - 500 to 1000 VU 1-612
2026-08-16 15:28:01,653 INFO o.a.j.t.JMeterThread: Thread finished: Stress Step Profile - 500 to 1000 VU 1-615
2026-08-16 15:28:01,670 INFO o.a.j.t.JMeterThread: Thread finished: Stress Step Profile - 500 to 1000 VU 1-764
2026-08-16 15:28:01,674 INFO o.a.j.t.JMeterThread: Thread finished: Stress Step Profile - 500 to 1000 VU 1-952
2026-08-16 15:28:01,691 INFO o.a.j.t.JMeterThread: Thread finished: Stress Step Profile - 500 to 1000 VU 1-375
2026-08-16 15:28:01,724 INFO o.a.j.t.JMeterThread: Thread finished: Stress Step Profile - 500 to 1000 VU 1-763
2026-08-16 15:28:01,751 INFO o.a.j.t.JMeterThread: Thread finished: Stress Step Profile - 500 to 1000 VU 1-365
2026-08-16 15:28:01,760 INFO o.a.j.t.JMeterThread: Thread finished: Stress Step Profile - 500 to 1000 VU 1-376
2026-08-16 15:28:01,807 INFO o.a.j.t.JMeterThread: Thread finished: Stress Step Profile - 500 to 1000 VU 1-611
2026-08-16 15:28:01,811 INFO o.a.j.t.JMeterThread: Thread finished: Stress Step Profile - 500 to 1000 VU 1-762
2026-08-16 15:28:01,817 INFO o.a.j.t.JMeterThread: Thread finished: Stress Step Profile - 500 to 1000 VU 1-951
2026-08-16 15:28:01,922 INFO o.a.j.t.JMeterThread: Thread finished: Stress Step Profile - 500 to 1000 VU 1-374
2026-08-16 15:28:01,943 INFO o.a.j.t.JMeterThread: Thread finished: Stress Step Profile - 500 to 1000 VU 1-377
2026-08-16 15:28:02,023 INFO o.a.j.t.JMeterThread: Thread finished: Stress Step Profile - 500 to 1000 VU 1-947
2026-08-16 15:28:02,110 INFO o.a.j.t.JMeterThread: Thread finished: Stress Step Profile - 500 to 1000 VU 1-367
2026-08-16 15:28:02,116 INFO o.a.j.t.JMeterThread: Thread finished: Stress Step Profile - 500 to 1000 VU 1-613
2026-08-16 15:28:02,159 INFO o.a.j.t.JMeterThread: Thread finished: Stress Step Profile - 500 to 1000 VU 1-363
2026-08-16 15:28:02,176 INFO o.a.j.t.JMeterThread: Thread finished: Stress Step Profile - 500 to 1000 VU 1-372
2026-08-16 15:28:02,180 INFO o.a.j.t.JMeterThread: Thread finished: Stress Step Profile - 500 to 1000 VU 1-759
2026-08-16 15:28:02,198 INFO o.a.j.t.JMeterThread: Thread finished: Stress Step Profile - 500 to 1000 VU 1-371
2026-08-16 15:28:02,234 INFO o.a.j.t.JMeterThread: Thread finished: Stress Step Profile - 500 to 1000 VU 1-362
2026-08-16 15:28:02,328 INFO o.a.j.t.JMeterThread: Thread finished: Stress Step Profile - 500 to 1000 VU 1-949
2026-08-16 15:28:02,350 INFO o.a.j.t.JMeterThread: Thread finished: Stress Step Profile - 500 to 1000 VU 1-756
2026-08-16 15:28:02,403 INFO o.a.j.t.JMeterThread: Thread finished: Stress Step Profile - 500 to 1000 VU 1-948
2026-08-16 15:28:02,628 INFO o.a.j.t.JMeterThread: Thread finished: Stress Step Profile - 500 to 1000 VU 1-359
2026-08-16 15:28:02,737 INFO o.a.j.t.JMeterThread: Thread finished: Stress Step Profile - 500 to 1000 VU 1-760
2026-08-16 15:28:02,931 INFO o.a.j.t.JMeterThread: Thread finished: Stress Step Profile - 500 to 1000 VU 1-369
2026-08-16 15:28:02,948 INFO o.a.j.t.JMeterThread: Thread finished: Stress Step Profile - 500 to 1000 VU 1-370
2026-08-16 15:28:03,026 INFO o.a.j.t.JMeterThread: Thread finished: Stress Step Profile - 500 to 1000 VU 1-945
2026-08-16 15:28:03,030 INFO o.a.j.t.JMeterThread: Thread finished: Stress Step Profile - 500 to 1000 VU 1-366
2026-08-16 15:28:03,049 INFO o.a.j.t.JMeterThread: Thread finished: Stress Step Profile - 500 to 1000 VU 1-368
2026-08-16 15:28:03,061 INFO o.a.j.t.JMeterThread: Thread finished: Stress Step Profile - 500 to 1000 VU 1-761
2026-08-16 15:28:03,164 INFO o.a.j.t.JMeterThread: Thread finished: Stress Step Profile - 500 to 1000 VU 1-364
2026-08-16 15:28:03,167 INFO o.a.j.t.JMeterThread: Thread finished: Stress Step Profile - 500 to 1000 VU 1-757
2026-08-16 15:28:03,213 INFO o.a.j.t.JMeterThread: Thread finished: Stress Step Profile - 500 to 1000 VU 1-946
2026-08-16 15:28:03,313 INFO o.a.j.t.JMeterThread: Thread finished: Stress Step Profile - 500 to 1000 VU 1-610
2026-08-16 15:28:03,372 INFO o.a.j.t.JMeterThread: Thread finished: Stress Step Profile - 500 to 1000 VU 1-609
2026-08-16 15:28:03,385 INFO o.a.j.t.JMeterThread: Thread finished: Stress Step Profile - 500 to 1000 VU 1-358
2026-08-16 15:28:03,516 INFO o.a.j.t.JMeterThread: Thread finished: Stress Step Profile - 500 to 1000 VU 1-361
2026-08-16 15:28:03,544 INFO o.a.j.t.JMeterThread: Thread finished: Stress Step Profile - 500 to 1000 VU 1-360
2026-08-16 15:28:03,570 INFO o.a.j.t.JMeterThread: Thread finished: Stress Step Profile - 500 to 1000 VU 1-604
2026-08-16 15:28:03,590 INFO o.a.j.t.JMeterThread: Thread finished: Stress Step Profile - 500 to 1000 VU 1-341
2026-08-16 15:28:03,650 INFO o.a.j.t.JMeterThread: Thread finished: Stress Step Profile - 500 to 1000 VU 1-942
2026-08-16 15:28:03,665 INFO o.a.j.t.JMeterThread: Thread finished: Stress Step Profile - 500 to 1000 VU 1-608
2026-08-16 15:28:03,700 INFO o.a.j.t.JMeterThread: Thread finished: Stress Step Profile - 500 to 1000 VU 1-941
2026-08-16 15:28:03,725 INFO o.a.j.t.JMeterThread: Thread finished: Stress Step Profile - 500 to 1000 VU 1-356
2026-08-16 15:28:03,737 INFO o.a.j.t.JMeterThread: Thread finished: Stress Step Profile - 500 to 1000 VU 1-939
2026-08-16 15:28:03,799 INFO o.a.j.t.JMeterThread: Thread finished: Stress Step Profile - 500 to 1000 VU 1-943
2026-08-16 15:28:03,812 INFO o.a.j.t.JMeterThread: Thread finished: Stress Step Profile - 500 to 1000 VU 1-758
2026-08-16 15:28:03,867 INFO o.a.j.t.JMeterThread: Thread finished: Stress Step Profile - 500 to 1000 VU 1-606
2026-08-16 15:28:03,901 INFO o.a.j.t.JMeterThread: Thread finished: Stress Step Profile - 500 to 1000 VU 1-944
2026-08-16 15:28:03,950 INFO o.a.j.t.JMeterThread: Thread finished: Stress Step Profile - 500 to 1000 VU 1-353
2026-08-16 15:28:03,956 INFO o.a.j.t.JMeterThread: Thread finished: Stress Step Profile - 500 to 1000 VU 1-357
2026-08-16 15:28:04,195 INFO o.a.j.t.JMeterThread: Thread finished: Stress Step Profile - 500 to 1000 VU 1-351
2026-08-16 15:28:04,266 INFO o.a.j.t.JMeterThread: Thread finished: Stress Step Profile - 500 to 1000 VU 1-607
2026-08-16 15:28:04,281 INFO o.a.j.t.JMeterThread: Thread finished: Stress Step Profile - 500 to 1000 VU 1-354
2026-08-16 15:28:04,326 INFO o.a.j.t.JMeterThread: Thread finished: Stress Step Profile - 500 to 1000 VU 1-347
2026-08-16 15:28:04,370 INFO o.a.j.t.JMeterThread: Thread finished: Stress Step Profile - 500 to 1000 VU 1-352
2026-08-16 15:28:04,402 INFO o.a.j.t.JMeterThread: Thread finished: Stress Step Profile - 500 to 1000 VU 1-940
2026-08-16 15:28:04,487 INFO o.a.j.t.JMeterThread: Thread finished: Stress Step Profile - 500 to 1000 VU 1-355
2026-08-16 15:28:04,650 INFO o.a.j.t.JMeterThread: Thread finished: Stress Step Profile - 500 to 1000 VU 1-755
2026-08-16 15:28:04,662 INFO o.a.j.t.JMeterThread: Thread finished: Stress Step Profile - 500 to 1000 VU 1-350
2026-08-16 15:28:04,743 INFO o.a.j.t.JMeterThread: Thread finished: Stress Step Profile - 500 to 1000 VU 1-938
2026-08-16 15:28:04,895 INFO o.a.j.t.JMeterThread: Thread finished: Stress Step Profile - 500 to 1000 VU 1-752
2026-08-16 15:28:04,904 INFO o.a.j.t.JMeterThread: Thread finished: Stress Step Profile - 500 to 1000 VU 1-337
2026-08-16 15:28:04,909 INFO o.a.j.t.JMeterThread: Thread finished: Stress Step Profile - 500 to 1000 VU 1-346
2026-08-16 15:28:04,914 INFO o.a.j.t.JMeterThread: Thread finished: Stress Step Profile - 500 to 1000 VU 1-344
2026-08-16 15:28:05,166 INFO o.a.j.t.JMeterThread: Thread finished: Stress Step Profile - 500 to 1000 VU 1-605
2026-08-16 15:28:05,202 INFO o.a.j.t.JMeterThread: Thread finished: Stress Step Profile - 500 to 1000 VU 1-349
2026-08-16 15:28:05,216 INFO o.a.j.t.JMeterThread: Thread finished: Stress Step Profile - 500 to 1000 VU 1-754
2026-08-16 15:28:05,318 INFO o.a.j.t.JMeterThread: Thread finished: Stress Step Profile - 500 to 1000 VU 1-599
2026-08-16 15:28:05,330 INFO o.a.j.t.JMeterThread: Thread finished: Stress Step Profile - 500 to 1000 VU 1-936
2026-08-16 15:28:05,371 INFO o.a.j.t.JMeterThread: Thread finished: Stress Step Profile - 500 to 1000 VU 1-348
2026-08-16 15:28:05,568 INFO o.a.j.t.JMeterThread: Thread finished: Stress Step Profile - 500 to 1000 VU 1-342
2026-08-16 15:28:05,598 INFO o.a.j.t.JMeterThread: Thread finished: Stress Step Profile - 500 to 1000 VU 1-934
2026-08-16 15:28:05,628 INFO o.a.j.t.JMeterThread: Thread finished: Stress Step Profile - 500 to 1000 VU 1-343
2026-08-16 15:28:05,707 INFO o.a.j.t.JMeterThread: Thread finished: Stress Step Profile - 500 to 1000 VU 1-345
2026-08-16 15:28:05,734 INFO o.a.j.t.JMeterThread: Thread finished: Stress Step Profile - 500 to 1000 VU 1-751
2026-08-16 15:28:05,794 INFO o.a.j.t.JMeterThread: Thread finished: Stress Step Profile - 500 to 1000 VU 1-602
2026-08-16 15:28:05,934 INFO o.a.j.t.JMeterThread: Thread finished: Stress Step Profile - 500 to 1000 VU 1-335
2026-08-16 15:28:05,970 INFO o.a.j.t.JMeterThread: Thread finished: Stress Step Profile - 500 to 1000 VU 1-332
2026-08-16 15:28:05,974 INFO o.a.j.t.JMeterThread: Thread finished: Stress Step Profile - 500 to 1000 VU 1-334
2026-08-16 15:28:06,002 INFO o.a.j.t.JMeterThread: Thread finished: Stress Step Profile - 500 to 1000 VU 1-935
2026-08-16 15:28:06,004 INFO o.a.j.t.JMeterThread: Thread finished: Stress Step Profile - 500 to 1000 VU 1-937
2026-08-16 15:28:06,033 INFO o.a.j.t.JMeterThread: Thread finished: Stress Step Profile - 500 to 1000 VU 1-749
2026-08-16 15:28:06,074 INFO o.a.j.t.JMeterThread: Thread finished: Stress Step Profile - 500 to 1000 VU 1-603
2026-08-16 15:28:06,089 INFO o.a.j.t.JMeterThread: Thread finished: Stress Step Profile - 500 to 1000 VU 1-753
2026-08-16 15:28:06,119 INFO o.a.j.t.JMeterThread: Thread finished: Stress Step Profile - 500 to 1000 VU 1-340
2026-08-16 15:28:06,143 INFO o.a.j.t.JMeterThread: Thread finished: Stress Step Profile - 500 to 1000 VU 1-338
2026-08-16 15:28:06,163 INFO o.a.j.t.JMeterThread: Thread finished: Stress Step Profile - 500 to 1000 VU 1-750
2026-08-16 15:28:06,210 INFO o.a.j.t.JMeterThread: Thread finished: Stress Step Profile - 500 to 1000 VU 1-933
2026-08-16 15:28:06,211 INFO o.a.j.t.JMeterThread: Thread finished: Stress Step Profile - 500 to 1000 VU 1-325
2026-08-16 15:28:06,314 INFO o.a.j.t.JMeterThread: Thread finished: Stress Step Profile - 500 to 1000 VU 1-601
2026-08-16 15:28:06,315 INFO o.a.j.t.JMeterThread: Thread finished: Stress Step Profile - 500 to 1000 VU 1-600
2026-08-16 15:28:06,340 INFO o.a.j.t.JMeterThread: Thread finished: Stress Step Profile - 500 to 1000 VU 1-327
2026-08-16 15:28:06,344 INFO o.a.j.t.JMeterThread: Thread finished: Stress Step Profile - 500 to 1000 VU 1-929
2026-08-16 15:28:06,404 INFO o.a.j.t.JMeterThread: Thread finished: Stress Step Profile - 500 to 1000 VU 1-339
2026-08-16 15:28:06,419 INFO o.a.j.t.JMeterThread: Thread finished: Stress Step Profile - 500 to 1000 VU 1-329
2026-08-16 15:28:06,425 INFO o.a.j.t.JMeterThread: Thread finished: Stress Step Profile - 500 to 1000 VU 1-336
2026-08-16 15:28:06,609 INFO o.a.j.t.JMeterThread: Thread finished: Stress Step Profile - 500 to 1000 VU 1-322
2026-08-16 15:28:06,879 INFO o.a.j.t.JMeterThread: Thread finished: Stress Step Profile - 500 to 1000 VU 1-331
2026-08-16 15:28:06,974 INFO o.a.j.t.JMeterThread: Thread finished: Stress Step Profile - 500 to 1000 VU 1-333
2026-08-16 15:28:06,997 INFO o.a.j.t.JMeterThread: Thread finished: Stress Step Profile - 500 to 1000 VU 1-324
2026-08-16 15:28:07,044 INFO o.a.j.t.JMeterThread: Thread finished: Stress Step Profile - 500 to 1000 VU 1-330
2026-08-16 15:28:07,207 INFO o.a.j.t.JMeterThread: Thread finished: Stress Step Profile - 500 to 1000 VU 1-597
2026-08-16 15:28:07,243 INFO o.a.j.t.JMeterThread: Thread finished: Stress Step Profile - 500 to 1000 VU 1-323
2026-08-16 15:28:07,245 INFO o.a.j.t.JMeterThread: Thread finished: Stress Step Profile - 500 to 1000 VU 1-326
2026-08-16 15:28:07,434 INFO o.a.j.t.JMeterThread: Thread finished: Stress Step Profile - 500 to 1000 VU 1-930
2026-08-16 15:28:07,505 INFO o.a.j.t.JMeterThread: Thread finished: Stress Step Profile - 500 to 1000 VU 1-319
2026-08-16 15:28:07,561 INFO o.a.j.t.JMeterThread: Thread finished: Stress Step Profile - 500 to 1000 VU 1-748
2026-08-16 15:28:07,581 INFO o.a.j.t.JMeterThread: Thread finished: Stress Step Profile - 500 to 1000 VU 1-745
2026-08-16 15:28:07,661 INFO o.a.j.t.JMeterThread: Thread finished: Stress Step Profile - 500 to 1000 VU 1-595
2026-08-16 15:28:07,694 INFO o.a.j.t.JMeterThread: Thread finished: Stress Step Profile - 500 to 1000 VU 1-318
2026-08-16 15:28:07,746 INFO o.a.j.t.JMeterThread: Thread finished: Stress Step Profile - 500 to 1000 VU 1-928
2026-08-16 15:28:07,796 INFO o.a.j.t.JMeterThread: Thread finished: Stress Step Profile - 500 to 1000 VU 1-932
2026-08-16 15:28:07,807 INFO o.a.j.t.JMeterThread: Thread finished: Stress Step Profile - 500 to 1000 VU 1-931
2026-08-16 15:28:07,908 INFO o.a.j.t.JMeterThread: Thread finished: Stress Step Profile - 500 to 1000 VU 1-328
2026-08-16 15:28:08,032 INFO o.a.j.t.JMeterThread: Thread finished: Stress Step Profile - 500 to 1000 VU 1-317
2026-08-16 15:28:08,054 INFO o.a.j.t.JMeterThread: Thread finished: Stress Step Profile - 500 to 1000 VU 1-747
2026-08-16 15:28:08,155 INFO o.a.j.t.JMeterThread: Thread finished: Stress Step Profile - 500 to 1000 VU 1-744
2026-08-16 15:28:08,207 INFO o.a.j.t.JMeterThread: Thread finished: Stress Step Profile - 500 to 1000 VU 1-598
2026-08-16 15:28:08,211 INFO o.a.j.t.JMeterThread: Thread finished: Stress Step Profile - 500 to 1000 VU 1-314
2026-08-16 15:28:08,249 INFO o.a.j.t.JMeterThread: Thread finished: Stress Step Profile - 500 to 1000 VU 1-596
2026-08-16 15:28:08,323 INFO o.a.j.t.JMeterThread: Thread finished: Stress Step Profile - 500 to 1000 VU 1-320
2026-08-16 15:28:08,353 INFO o.a.j.t.JMeterThread: Thread finished: Stress Step Profile - 500 to 1000 VU 1-310
2026-08-16 15:28:08,469 INFO o.a.j.t.JMeterThread: Thread finished: Stress Step Profile - 500 to 1000 VU 1-746
2026-08-16 15:28:08,491 INFO o.a.j.t.JMeterThread: Thread finished: Stress Step Profile - 500 to 1000 VU 1-927
2026-08-16 15:28:08,546 INFO o.a.j.t.JMeterThread: Thread finished: Stress Step Profile - 500 to 1000 VU 1-924
2026-08-16 15:28:08,561 INFO o.a.j.t.JMeterThread: Thread finished: Stress Step Profile - 500 to 1000 VU 1-321
2026-08-16 15:28:08,626 INFO o.a.j.t.JMeterThread: Thread finished: Stress Step Profile - 500 to 1000 VU 1-316
2026-08-16 15:28:08,638 INFO o.a.j.t.JMeterThread: Thread finished: Stress Step Profile - 500 to 1000 VU 1-591
2026-08-16 15:28:08,922 INFO o.a.j.t.JMeterThread: Thread finished: Stress Step Profile - 500 to 1000 VU 1-741
2026-08-16 15:28:08,992 INFO o.a.j.t.JMeterThread: Thread finished: Stress Step Profile - 500 to 1000 VU 1-315
2026-08-16 15:28:09,171 INFO o.a.j.t.JMeterThread: Thread finished: Stress Step Profile - 500 to 1000 VU 1-743
2026-08-16 15:28:09,175 INFO o.a.j.t.JMeterThread: Thread finished: Stress Step Profile - 500 to 1000 VU 1-926
2026-08-16 15:28:09,322 INFO o.a.j.t.JMeterThread: Thread finished: Stress Step Profile - 500 to 1000 VU 1-303
2026-08-16 15:28:09,357 INFO o.a.j.t.JMeterThread: Thread finished: Stress Step Profile - 500 to 1000 VU 1-307
2026-08-16 15:28:09,406 INFO o.a.j.t.JMeterThread: Thread finished: Stress Step Profile - 500 to 1000 VU 1-308
2026-08-16 15:28:09,416 INFO o.a.j.t.JMeterThread: Thread finished: Stress Step Profile - 500 to 1000 VU 1-925
2026-08-16 15:28:09,446 INFO o.a.j.t.JMeterThread: Thread finished: Stress Step Profile - 500 to 1000 VU 1-304
2026-08-16 15:28:09,551 INFO o.a.j.t.JMeterThread: Thread finished: Stress Step Profile - 500 to 1000 VU 1-592
2026-08-16 15:28:09,582 INFO o.a.j.t.JMeterThread: Thread finished: Stress Step Profile - 500 to 1000 VU 1-312
2026-08-16 15:28:09,594 INFO o.a.j.t.JMeterThread: Thread finished: Stress Step Profile - 500 to 1000 VU 1-297
2026-08-16 15:28:09,708 INFO o.a.j.t.JMeterThread: Thread finished: Stress Step Profile - 500 to 1000 VU 1-594
2026-08-16 15:28:09,710 INFO o.a.j.t.JMeterThread: Thread finished: Stress Step Profile - 500 to 1000 VU 1-313
2026-08-16 15:28:09,868 INFO o.a.j.t.JMeterThread: Thread finished: Stress Step Profile - 500 to 1000 VU 1-923
2026-08-16 15:28:09,896 INFO o.a.j.t.JMeterThread: Thread finished: Stress Step Profile - 500 to 1000 VU 1-306
2026-08-16 15:28:09,930 INFO o.a.j.t.JMeterThread: Thread finished: Stress Step Profile - 500 to 1000 VU 1-311
2026-08-16 15:28:09,973 INFO o.a.j.t.JMeterThread: Thread finished: Stress Step Profile - 500 to 1000 VU 1-309
2026-08-16 15:28:09,981 INFO o.a.j.t.JMeterThread: Thread finished: Stress Step Profile - 500 to 1000 VU 1-742
2026-08-16 15:28:10,030 INFO o.a.j.t.JMeterThread: Thread finished: Stress Step Profile - 500 to 1000 VU 1-593
2026-08-16 15:28:10,093 INFO o.a.j.t.JMeterThread: Thread finished: Stress Step Profile - 500 to 1000 VU 1-922
2026-08-16 15:28:10,135 INFO o.a.j.t.JMeterThread: Thread finished: Stress Step Profile - 500 to 1000 VU 1-920
2026-08-16 15:28:10,183 INFO o.a.j.t.JMeterThread: Thread finished: Stress Step Profile - 500 to 1000 VU 1-918
2026-08-16 15:28:10,293 INFO o.a.j.t.JMeterThread: Thread finished: Stress Step Profile - 500 to 1000 VU 1-921
2026-08-16 15:28:10,351 INFO o.a.j.t.JMeterThread: Thread finished: Stress Step Profile - 500 to 1000 VU 1-302
2026-08-16 15:28:10,441 INFO o.a.j.t.JMeterThread: Thread finished: Stress Step Profile - 500 to 1000 VU 1-305
2026-08-16 15:28:10,464 INFO o.a.j.t.JMeterThread: Thread finished: Stress Step Profile - 500 to 1000 VU 1-298
2026-08-16 15:28:10,509 INFO o.a.j.t.JMeterThread: Thread finished: Stress Step Profile - 500 to 1000 VU 1-296
2026-08-16 15:28:10,587 INFO o.a.j.t.JMeterThread: Thread finished: Stress Step Profile - 500 to 1000 VU 1-300
2026-08-16 15:28:10,595 INFO o.a.j.t.JMeterThread: Thread finished: Stress Step Profile - 500 to 1000 VU 1-301
2026-08-16 15:28:10,710 INFO o.a.j.t.JMeterThread: Thread finished: Stress Step Profile - 500 to 1000 VU 1-295
2026-08-16 15:28:10,805 INFO o.a.j.t.JMeterThread: Thread finished: Stress Step Profile - 500 to 1000 VU 1-299
2026-08-16 15:28:10,884 INFO o.a.j.t.JMeterThread: Thread finished: Stress Step Profile - 500 to 1000 VU 1-290
2026-08-16 15:28:10,947 INFO o.a.j.t.JMeterThread: Thread finished: Stress Step Profile - 500 to 1000 VU 1-914
2026-08-16 15:28:10,984 INFO o.a.j.t.JMeterThread: Thread finished: Stress Step Profile - 500 to 1000 VU 1-589
2026-08-16 15:28:11,015 INFO o.a.j.t.JMeterThread: Thread finished: Stress Step Profile - 500 to 1000 VU 1-919
2026-08-16 15:28:11,024 INFO o.a.j.t.JMeterThread: Thread finished: Stress Step Profile - 500 to 1000 VU 1-739
2026-08-16 15:28:11,082 INFO o.a.j.t.JMeterThread: Thread finished: Stress Step Profile - 500 to 1000 VU 1-740
2026-08-16 15:28:11,102 INFO o.a.j.t.JMeterThread: Thread finished: Stress Step Profile - 500 to 1000 VU 1-294
2026-08-16 15:28:11,271 INFO o.a.j.t.JMeterThread: Thread finished: Stress Step Profile - 500 to 1000 VU 1-735
2026-08-16 15:28:11,281 INFO o.a.j.t.JMeterThread: Thread finished: Stress Step Profile - 500 to 1000 VU 1-587
2026-08-16 15:28:11,347 INFO o.a.j.t.JMeterThread: Thread finished: Stress Step Profile - 500 to 1000 VU 1-289
2026-08-16 15:28:11,408 INFO o.a.j.t.JMeterThread: Thread finished: Stress Step Profile - 500 to 1000 VU 1-916
2026-08-16 15:28:11,460 INFO o.a.j.t.JMeterThread: Thread finished: Stress Step Profile - 500 to 1000 VU 1-917
2026-08-16 15:28:11,538 INFO o.a.j.t.JMeterThread: Thread finished: Stress Step Profile - 500 to 1000 VU 1-590
2026-08-16 15:28:11,627 INFO o.a.j.t.JMeterThread: Thread finished: Stress Step Profile - 500 to 1000 VU 1-281
2026-08-16 15:28:11,679 INFO o.a.j.t.JMeterThread: Thread finished: Stress Step Profile - 500 to 1000 VU 1-291
2026-08-16 15:28:11,763 INFO o.a.j.t.JMeterThread: Thread finished: Stress Step Profile - 500 to 1000 VU 1-292
2026-08-16 15:28:11,829 INFO o.a.j.t.JMeterThread: Thread finished: Stress Step Profile - 500 to 1000 VU 1-282
2026-08-16 15:28:11,860 INFO o.a.j.t.JMeterThread: Thread finished: Stress Step Profile - 500 to 1000 VU 1-588
2026-08-16 15:28:11,864 INFO o.a.j.t.JMeterThread: Thread finished: Stress Step Profile - 500 to 1000 VU 1-293
2026-08-16 15:28:11,877 INFO o.a.j.t.JMeterThread: Thread finished: Stress Step Profile - 500 to 1000 VU 1-734
2026-08-16 15:28:12,085 INFO o.a.j.t.JMeterThread: Thread finished: Stress Step Profile - 500 to 1000 VU 1-280
2026-08-16 15:28:12,085 INFO o.a.j.t.JMeterThread: Thread finished: Stress Step Profile - 500 to 1000 VU 1-287
2026-08-16 15:28:12,103 INFO o.a.j.t.JMeterThread: Thread finished: Stress Step Profile - 500 to 1000 VU 1-285
2026-08-16 15:28:12,293 INFO o.a.j.t.JMeterThread: Thread finished: Stress Step Profile - 500 to 1000 VU 1-913
2026-08-16 15:28:12,430 INFO o.a.j.t.JMeterThread: Thread finished: Stress Step Profile - 500 to 1000 VU 1-738
2026-08-16 15:28:12,482 INFO o.a.j.t.JMeterThread: Thread finished: Stress Step Profile - 500 to 1000 VU 1-278
2026-08-16 15:28:12,502 INFO o.a.j.t.JMeterThread: Thread finished: Stress Step Profile - 500 to 1000 VU 1-283
2026-08-16 15:28:12,583 INFO o.a.j.t.JMeterThread: Thread finished: Stress Step Profile - 500 to 1000 VU 1-288
2026-08-16 15:28:12,585 INFO o.a.j.t.JMeterThread: Thread finished: Stress Step Profile - 500 to 1000 VU 1-272
2026-08-16 15:28:12,595 INFO o.a.j.t.JMeterThread: Thread finished: Stress Step Profile - 500 to 1000 VU 1-911
2026-08-16 15:28:12,663 INFO o.a.j.t.JMeterThread: Thread finished: Stress Step Profile - 500 to 1000 VU 1-737
2026-08-16 15:28:12,767 INFO o.a.j.t.JMeterThread: Thread finished: Stress Step Profile - 500 to 1000 VU 1-279
2026-08-16 15:28:12,856 INFO o.a.j.t.JMeterThread: Thread finished: Stress Step Profile - 500 to 1000 VU 1-736
2026-08-16 15:28:12,858 INFO o.a.j.t.JMeterThread: Thread finished: Stress Step Profile - 500 to 1000 VU 1-284
2026-08-16 15:28:12,895 INFO o.a.j.t.JMeterThread: Thread finished: Stress Step Profile - 500 to 1000 VU 1-915
2026-08-16 15:28:12,932 INFO o.a.j.t.JMeterThread: Thread finished: Stress Step Profile - 500 to 1000 VU 1-286
2026-08-16 15:28:12,983 INFO o.a.j.t.JMeterThread: Thread finished: Stress Step Profile - 500 to 1000 VU 1-271
2026-08-16 15:28:13,024 INFO o.a.j.t.JMeterThread: Thread finished: Stress Step Profile - 500 to 1000 VU 1-586
2026-08-16 15:28:13,233 INFO o.a.j.t.JMeterThread: Thread finished: Stress Step Profile - 500 to 1000 VU 1-277
2026-08-16 15:28:13,237 INFO o.a.j.t.JMeterThread: Thread finished: Stress Step Profile - 500 to 1000 VU 1-583
2026-08-16 15:28:13,261 INFO o.a.j.t.JMeterThread: Thread finished: Stress Step Profile - 500 to 1000 VU 1-907
2026-08-16 15:28:13,262 INFO o.a.j.t.JMeterThread: Thread finished: Stress Step Profile - 500 to 1000 VU 1-276
2026-08-16 15:28:13,523 INFO o.a.j.t.JMeterThread: Thread finished: Stress Step Profile - 500 to 1000 VU 1-730
2026-08-16 15:28:13,593 INFO o.a.j.t.JMeterThread: Thread finished: Stress Step Profile - 500 to 1000 VU 1-584
2026-08-16 15:28:13,657 INFO o.a.j.t.JMeterThread: Thread finished: Stress Step Profile - 500 to 1000 VU 1-268
2026-08-16 15:28:13,661 INFO o.a.j.t.JMeterThread: Thread finished: Stress Step Profile - 500 to 1000 VU 1-585
2026-08-16 15:28:13,701 INFO o.a.j.t.JMeterThread: Thread finished: Stress Step Profile - 500 to 1000 VU 1-908
2026-08-16 15:28:13,743 INFO o.a.j.t.JMeterThread: Thread finished: Stress Step Profile - 500 to 1000 VU 1-912
2026-08-16 15:28:13,753 INFO o.a.j.t.JMeterThread: Thread finished: Stress Step Profile - 500 to 1000 VU 1-732
2026-08-16 15:28:13,779 INFO o.a.j.t.JMeterThread: Thread finished: Stress Step Profile - 500 to 1000 VU 1-270
2026-08-16 15:28:13,830 INFO o.a.j.t.JMeterThread: Thread finished: Stress Step Profile - 500 to 1000 VU 1-265
2026-08-16 15:28:13,833 INFO o.a.j.t.JMeterThread: Thread finished: Stress Step Profile - 500 to 1000 VU 1-274
2026-08-16 15:28:13,994 INFO o.a.j.t.JMeterThread: Thread finished: Stress Step Profile - 500 to 1000 VU 1-275
2026-08-16 15:28:14,057 INFO o.a.j.t.JMeterThread: Thread finished: Stress Step Profile - 500 to 1000 VU 1-582
2026-08-16 15:28:14,088 INFO o.a.j.t.JMeterThread: Thread finished: Stress Step Profile - 500 to 1000 VU 1-910
2026-08-16 15:28:14,137 INFO o.a.j.t.JMeterThread: Thread finished: Stress Step Profile - 500 to 1000 VU 1-733
2026-08-16 15:28:14,191 INFO o.a.j.t.JMeterThread: Thread finished: Stress Step Profile - 500 to 1000 VU 1-909
2026-08-16 15:28:14,194 INFO o.a.j.t.JMeterThread: Thread finished: Stress Step Profile - 500 to 1000 VU 1-906
2026-08-16 15:28:14,303 INFO o.a.j.t.JMeterThread: Thread finished: Stress Step Profile - 500 to 1000 VU 1-262
2026-08-16 15:28:14,307 INFO o.a.j.t.JMeterThread: Thread finished: Stress Step Profile - 500 to 1000 VU 1-581
2026-08-16 15:28:14,348 INFO o.a.j.t.JMeterThread: Thread finished: Stress Step Profile - 500 to 1000 VU 1-260
2026-08-16 15:28:14,418 INFO o.a.j.t.JMeterThread: Thread finished: Stress Step Profile - 500 to 1000 VU 1-273
2026-08-16 15:28:14,596 INFO o.a.j.t.JMeterThread: Thread finished: Stress Step Profile - 500 to 1000 VU 1-269
2026-08-16 15:28:14,703 INFO o.a.j.t.JMeterThread: Thread finished: Stress Step Profile - 500 to 1000 VU 1-250
2026-08-16 15:28:14,720 INFO o.a.j.t.JMeterThread: Thread finished: Stress Step Profile - 500 to 1000 VU 1-266
2026-08-16 15:28:14,804 INFO o.a.j.t.JMeterThread: Thread finished: Stress Step Profile - 500 to 1000 VU 1-904
2026-08-16 15:28:14,809 INFO o.a.j.t.JMeterThread: Thread finished: Stress Step Profile - 500 to 1000 VU 1-256
2026-08-16 15:28:15,017 INFO o.a.j.t.JMeterThread: Thread finished: Stress Step Profile - 500 to 1000 VU 1-255
2026-08-16 15:28:15,096 INFO o.a.j.t.JMeterThread: Thread finished: Stress Step Profile - 500 to 1000 VU 1-580
2026-08-16 15:28:15,103 INFO o.a.j.t.JMeterThread: Thread finished: Stress Step Profile - 500 to 1000 VU 1-731
2026-08-16 15:28:15,104 INFO o.a.j.t.JMeterThread: Thread finished: Stress Step Profile - 500 to 1000 VU 1-251
2026-08-16 15:28:15,129 INFO o.a.j.t.JMeterThread: Thread finished: Stress Step Profile - 500 to 1000 VU 1-267
2026-08-16 15:28:15,163 INFO o.a.j.t.JMeterThread: Thread finished: Stress Step Profile - 500 to 1000 VU 1-264
2026-08-16 15:28:15,172 INFO o.a.j.t.JMeterThread: Thread finished: Stress Step Profile - 500 to 1000 VU 1-727
2026-08-16 15:28:15,249 INFO o.a.j.t.JMeterThread: Thread finished: Stress Step Profile - 500 to 1000 VU 1-261
2026-08-16 15:28:15,377 INFO o.a.j.t.JMeterThread: Thread finished: Stress Step Profile - 500 to 1000 VU 1-247
2026-08-16 15:28:15,391 INFO o.a.j.t.JMeterThread: Thread finished: Stress Step Profile - 500 to 1000 VU 1-263
2026-08-16 15:28:15,442 INFO o.a.j.t.JMeterThread: Thread finished: Stress Step Profile - 500 to 1000 VU 1-905
2026-08-16 15:28:15,513 INFO o.a.j.t.JMeterThread: Thread finished: Stress Step Profile - 500 to 1000 VU 1-578
2026-08-16 15:28:15,576 INFO o.a.j.t.JMeterThread: Thread finished: Stress Step Profile - 500 to 1000 VU 1-898
2026-08-16 15:28:15,594 INFO o.a.j.t.JMeterThread: Thread finished: Stress Step Profile - 500 to 1000 VU 1-900
2026-08-16 15:28:15,701 INFO o.a.j.t.JMeterThread: Thread finished: Stress Step Profile - 500 to 1000 VU 1-252
2026-08-16 15:28:15,812 INFO o.a.j.t.JMeterThread: Thread finished: Stress Step Profile - 500 to 1000 VU 1-728
2026-08-16 15:28:15,854 INFO o.a.j.t.JMeterThread: Thread finished: Stress Step Profile - 500 to 1000 VU 1-579
2026-08-16 15:28:15,871 INFO o.a.j.t.JMeterThread: Thread finished: Stress Step Profile - 500 to 1000 VU 1-903
2026-08-16 15:28:15,894 INFO o.a.j.t.JMeterThread: Thread finished: Stress Step Profile - 500 to 1000 VU 1-257
2026-08-16 15:28:15,995 INFO o.a.j.t.JMeterThread: Thread finished: Stress Step Profile - 500 to 1000 VU 1-248
2026-08-16 15:28:16,022 INFO o.a.j.t.JMeterThread: Thread finished: Stress Step Profile - 500 to 1000 VU 1-259
2026-08-16 15:28:16,048 INFO o.a.j.t.JMeterThread: Thread finished: Stress Step Profile - 500 to 1000 VU 1-726
2026-08-16 15:28:16,071 INFO o.a.j.t.JMeterThread: Thread finished: Stress Step Profile - 500 to 1000 VU 1-729
2026-08-16 15:28:16,075 INFO o.a.j.t.JMeterThread: Thread finished: Stress Step Profile - 500 to 1000 VU 1-897
2026-08-16 15:28:16,166 INFO o.a.j.t.JMeterThread: Thread finished: Stress Step Profile - 500 to 1000 VU 1-243
2026-08-16 15:28:16,217 INFO o.a.j.t.JMeterThread: Thread finished: Stress Step Profile - 500 to 1000 VU 1-576
2026-08-16 15:28:16,253 INFO o.a.j.t.JMeterThread: Thread finished: Stress Step Profile - 500 to 1000 VU 1-253
2026-08-16 15:28:16,393 INFO o.a.j.t.JMeterThread: Thread finished: Stress Step Profile - 500 to 1000 VU 1-901
2026-08-16 15:28:16,402 INFO o.a.j.t.JMeterThread: Thread finished: Stress Step Profile - 500 to 1000 VU 1-258
2026-08-16 15:28:16,489 INFO o.a.j.t.JMeterThread: Thread finished: Stress Step Profile - 500 to 1000 VU 1-902
2026-08-16 15:28:16,578 INFO o.a.j.t.JMeterThread: Thread finished: Stress Step Profile - 500 to 1000 VU 1-254
2026-08-16 15:28:16,653 INFO o.a.j.t.JMeterThread: Thread finished: Stress Step Profile - 500 to 1000 VU 1-725
2026-08-16 15:28:16,725 INFO o.a.j.t.JMeterThread: Thread finished: Stress Step Profile - 500 to 1000 VU 1-574
2026-08-16 15:28:16,767 INFO o.a.j.t.JMeterThread: Thread finished: Stress Step Profile - 500 to 1000 VU 1-577
2026-08-16 15:28:16,812 INFO o.a.j.t.JMeterThread: Thread finished: Stress Step Profile - 500 to 1000 VU 1-236
2026-08-16 15:28:16,818 INFO o.a.j.t.JMeterThread: Thread finished: Stress Step Profile - 500 to 1000 VU 1-245
2026-08-16 15:28:16,949 INFO o.a.j.t.JMeterThread: Thread finished: Stress Step Profile - 500 to 1000 VU 1-724
2026-08-16 15:28:16,951 INFO o.a.j.t.JMeterThread: Thread finished: Stress Step Profile - 500 to 1000 VU 1-722
2026-08-16 15:28:17,123 INFO o.a.j.t.JMeterThread: Thread finished: Stress Step Profile - 500 to 1000 VU 1-249
2026-08-16 15:28:17,172 INFO o.a.j.t.JMeterThread: Thread finished: Stress Step Profile - 500 to 1000 VU 1-239
2026-08-16 15:28:17,200 INFO o.a.j.t.JMeterThread: Thread finished: Stress Step Profile - 500 to 1000 VU 1-894
2026-08-16 15:28:17,302 INFO o.a.j.t.JMeterThread: Thread finished: Stress Step Profile - 500 to 1000 VU 1-238
2026-08-16 15:28:17,316 INFO o.a.j.t.JMeterThread: Thread finished: Stress Step Profile - 500 to 1000 VU 1-571
2026-08-16 15:28:17,422 INFO o.a.j.t.JMeterThread: Thread finished: Stress Step Profile - 500 to 1000 VU 1-575
2026-08-16 15:28:17,445 INFO o.a.j.t.JMeterThread: Thread finished: Stress Step Profile - 500 to 1000 VU 1-899
2026-08-16 15:28:17,454 INFO o.a.j.t.JMeterThread: Thread finished: Stress Step Profile - 500 to 1000 VU 1-896
2026-08-16 15:28:17,513 INFO o.a.j.t.JMeterThread: Thread finished: Stress Step Profile - 500 to 1000 VU 1-246
2026-08-16 15:28:17,615 INFO o.a.j.t.JMeterThread: Thread finished: Stress Step Profile - 500 to 1000 VU 1-230
2026-08-16 15:28:17,710 INFO o.a.j.t.JMeterThread: Thread finished: Stress Step Profile - 500 to 1000 VU 1-234
2026-08-16 15:28:17,835 INFO o.a.j.t.JMeterThread: Thread finished: Stress Step Profile - 500 to 1000 VU 1-240
2026-08-16 15:28:17,906 INFO o.a.j.t.JMeterThread: Thread finished: Stress Step Profile - 500 to 1000 VU 1-244
2026-08-16 15:28:17,913 INFO o.a.j.t.JMeterThread: Thread finished: Stress Step Profile - 500 to 1000 VU 1-241
2026-08-16 15:28:17,954 INFO o.a.j.t.JMeterThread: Thread finished: Stress Step Profile - 500 to 1000 VU 1-242
2026-08-16 15:28:17,962 INFO o.a.j.t.JMeterThread: Thread finished: Stress Step Profile - 500 to 1000 VU 1-719
2026-08-16 15:28:18,015 INFO o.a.j.t.JMeterThread: Thread finished: Stress Step Profile - 500 to 1000 VU 1-573
2026-08-16 15:28:18,132 INFO o.a.j.t.JMeterThread: Thread finished: Stress Step Profile - 500 to 1000 VU 1-572
2026-08-16 15:28:18,137 INFO o.a.j.t.JMeterThread: Thread finished: Stress Step Profile - 500 to 1000 VU 1-890
2026-08-16 15:28:18,206 INFO o.a.j.t.JMeterThread: Thread finished: Stress Step Profile - 500 to 1000 VU 1-232
2026-08-16 15:28:18,239 INFO o.a.j.t.JMeterThread: Thread finished: Stress Step Profile - 500 to 1000 VU 1-221
2026-08-16 15:28:18,277 INFO o.a.j.t.JMeterThread: Thread finished: Stress Step Profile - 500 to 1000 VU 1-570
2026-08-16 15:28:18,284 INFO o.a.j.t.JMeterThread: Thread finished: Stress Step Profile - 500 to 1000 VU 1-723
2026-08-16 15:28:18,430 INFO o.a.j.t.JMeterThread: Thread finished: Stress Step Profile - 500 to 1000 VU 1-222
2026-08-16 15:28:18,439 INFO o.a.j.t.JMeterThread: Thread finished: Stress Step Profile - 500 to 1000 VU 1-237
2026-08-16 15:28:18,450 INFO o.a.j.t.JMeterThread: Thread finished: Stress Step Profile - 500 to 1000 VU 1-231
2026-08-16 15:28:18,466 INFO o.a.j.t.JMeterThread: Thread finished: Stress Step Profile - 500 to 1000 VU 1-720
2026-08-16 15:28:18,480 INFO o.a.j.t.JMeterThread: Thread finished: Stress Step Profile - 500 to 1000 VU 1-228
2026-08-16 15:28:18,559 INFO o.a.j.t.JMeterThread: Thread finished: Stress Step Profile - 500 to 1000 VU 1-716
2026-08-16 15:28:18,587 INFO o.a.j.t.JMeterThread: Thread finished: Stress Step Profile - 500 to 1000 VU 1-895
2026-08-16 15:28:18,594 INFO o.a.j.t.JMeterThread: Thread finished: Stress Step Profile - 500 to 1000 VU 1-892
2026-08-16 15:28:18,604 INFO o.a.j.t.JMeterThread: Thread finished: Stress Step Profile - 500 to 1000 VU 1-568
2026-08-16 15:28:18,656 INFO o.a.j.t.JMeterThread: Thread finished: Stress Step Profile - 500 to 1000 VU 1-721
2026-08-16 15:28:18,704 INFO o.a.j.t.JMeterThread: Thread finished: Stress Step Profile - 500 to 1000 VU 1-718
2026-08-16 15:28:18,746 INFO o.a.j.t.JMeterThread: Thread finished: Stress Step Profile - 500 to 1000 VU 1-893
2026-08-16 15:28:18,823 INFO o.a.j.t.JMeterThread: Thread finished: Stress Step Profile - 500 to 1000 VU 1-215
2026-08-16 15:28:19,034 INFO o.a.j.t.JMeterThread: Thread finished: Stress Step Profile - 500 to 1000 VU 1-233
2026-08-16 15:28:19,104 INFO o.a.j.t.JMeterThread: Thread finished: Stress Step Profile - 500 to 1000 VU 1-235
2026-08-16 15:28:19,308 INFO o.a.j.t.JMeterThread: Thread finished: Stress Step Profile - 500 to 1000 VU 1-569
2026-08-16 15:28:19,410 INFO o.a.j.t.JMeterThread: Thread finished: Stress Step Profile - 500 to 1000 VU 1-224
2026-08-16 15:28:19,433 INFO o.a.j.t.JMeterThread: Thread finished: Stress Step Profile - 500 to 1000 VU 1-227
2026-08-16 15:28:19,454 INFO o.a.j.t.JMeterThread: Thread finished: Stress Step Profile - 500 to 1000 VU 1-220
2026-08-16 15:28:19,577 INFO o.a.j.t.JMeterThread: Thread finished: Stress Step Profile - 500 to 1000 VU 1-229
2026-08-16 15:28:19,670 INFO o.a.j.t.JMeterThread: Thread finished: Stress Step Profile - 500 to 1000 VU 1-566
2026-08-16 15:28:19,913 INFO o.a.j.t.JMeterThread: Thread finished: Stress Step Profile - 500 to 1000 VU 1-888
2026-08-16 15:28:19,938 INFO o.a.j.t.JMeterThread: Thread finished: Stress Step Profile - 500 to 1000 VU 1-212
2026-08-16 15:28:19,941 INFO o.a.j.t.JMeterThread: Thread finished: Stress Step Profile - 500 to 1000 VU 1-211
2026-08-16 15:28:19,959 INFO o.a.j.t.JMeterThread: Thread finished: Stress Step Profile - 500 to 1000 VU 1-218
2026-08-16 15:28:20,057 INFO o.a.j.t.JMeterThread: Thread finished: Stress Step Profile - 500 to 1000 VU 1-567
2026-08-16 15:28:20,100 INFO o.a.j.t.JMeterThread: Thread finished: Stress Step Profile - 500 to 1000 VU 1-891
2026-08-16 15:28:20,130 INFO o.a.j.t.JMeterThread: Thread finished: Stress Step Profile - 500 to 1000 VU 1-219
2026-08-16 15:28:20,196 INFO o.a.j.t.JMeterThread: Thread finished: Stress Step Profile - 500 to 1000 VU 1-226
2026-08-16 15:28:20,229 INFO o.a.j.t.JMeterThread: Thread finished: Stress Step Profile - 500 to 1000 VU 1-223
2026-08-16 15:28:20,257 INFO o.a.j.t.JMeterThread: Thread finished: Stress Step Profile - 500 to 1000 VU 1-225
2026-08-16 15:28:20,548 INFO o.a.j.t.JMeterThread: Thread finished: Stress Step Profile - 500 to 1000 VU 1-887
2026-08-16 15:28:20,566 INFO o.a.j.t.JMeterThread: Thread finished: Stress Step Profile - 500 to 1000 VU 1-712
2026-08-16 15:28:20,637 INFO o.a.j.t.JMeterThread: Thread finished: Stress Step Profile - 500 to 1000 VU 1-889
2026-08-16 15:28:20,666 INFO o.a.j.t.JMeterThread: Thread finished: Stress Step Profile - 500 to 1000 VU 1-714
2026-08-16 15:28:20,737 INFO o.a.j.t.JMeterThread: Thread finished: Stress Step Profile - 500 to 1000 VU 1-217
2026-08-16 15:28:20,770 INFO o.a.j.t.JMeterThread: Thread finished: Stress Step Profile - 500 to 1000 VU 1-717
2026-08-16 15:28:20,870 INFO o.a.j.t.JMeterThread: Thread finished: Stress Step Profile - 500 to 1000 VU 1-885
2026-08-16 15:28:20,911 INFO o.a.j.t.JMeterThread: Thread finished: Stress Step Profile - 500 to 1000 VU 1-209
2026-08-16 15:28:20,937 INFO o.a.j.t.JMeterThread: Thread finished: Stress Step Profile - 500 to 1000 VU 1-715
2026-08-16 15:28:20,960 INFO o.a.j.t.JMeterThread: Thread finished: Stress Step Profile - 500 to 1000 VU 1-207
2026-08-16 15:28:20,964 INFO o.a.j.t.JMeterThread: Thread finished: Stress Step Profile - 500 to 1000 VU 1-564
2026-08-16 15:28:21,034 INFO o.a.j.t.JMeterThread: Thread finished: Stress Step Profile - 500 to 1000 VU 1-214
2026-08-16 15:28:21,101 INFO o.a.j.t.JMeterThread: Thread finished: Stress Step Profile - 500 to 1000 VU 1-713
2026-08-16 15:28:21,103 INFO o.a.j.t.JMeterThread: Thread finished: Stress Step Profile - 500 to 1000 VU 1-710
2026-08-16 15:28:21,165 INFO o.a.j.t.JMeterThread: Thread finished: Stress Step Profile - 500 to 1000 VU 1-881
2026-08-16 15:28:21,174 INFO o.a.j.t.JMeterThread: Thread finished: Stress Step Profile - 500 to 1000 VU 1-884
2026-08-16 15:28:21,193 INFO o.a.j.t.JMeterThread: Thread finished: Stress Step Profile - 500 to 1000 VU 1-565
2026-08-16 15:28:21,210 INFO o.a.j.t.JMeterThread: Thread finished: Stress Step Profile - 500 to 1000 VU 1-213
2026-08-16 15:28:21,239 INFO o.a.j.t.JMeterThread: Thread finished: Stress Step Profile - 500 to 1000 VU 1-216
2026-08-16 15:28:21,313 INFO o.a.j.t.JMeterThread: Thread finished: Stress Step Profile - 500 to 1000 VU 1-886
2026-08-16 15:28:21,345 INFO o.a.j.t.JMeterThread: Thread finished: Stress Step Profile - 500 to 1000 VU 1-559
2026-08-16 15:28:21,519 INFO o.a.j.t.JMeterThread: Thread finished: Stress Step Profile - 500 to 1000 VU 1-201
2026-08-16 15:28:21,584 INFO o.a.j.t.JMeterThread: Thread finished: Stress Step Profile - 500 to 1000 VU 1-205
2026-08-16 15:28:21,650 INFO o.a.j.t.JMeterThread: Thread finished: Stress Step Profile - 500 to 1000 VU 1-208
2026-08-16 15:28:21,693 INFO o.a.j.t.JMeterThread: Thread finished: Stress Step Profile - 500 to 1000 VU 1-210
2026-08-16 15:28:21,771 INFO o.a.j.t.JMeterThread: Thread finished: Stress Step Profile - 500 to 1000 VU 1-558
2026-08-16 15:28:21,806 INFO o.a.j.t.JMeterThread: Thread finished: Stress Step Profile - 500 to 1000 VU 1-563
2026-08-16 15:28:21,818 INFO o.a.j.t.JMeterThread: Thread finished: Stress Step Profile - 500 to 1000 VU 1-560
2026-08-16 15:28:21,852 INFO o.a.j.t.JMeterThread: Thread finished: Stress Step Profile - 500 to 1000 VU 1-203
2026-08-16 15:28:21,953 INFO o.a.j.t.JMeterThread: Thread finished: Stress Step Profile - 500 to 1000 VU 1-882
2026-08-16 15:28:21,974 INFO o.a.j.t.JMeterThread: Thread finished: Stress Step Profile - 500 to 1000 VU 1-199
2026-08-16 15:28:22,182 INFO o.a.j.t.JMeterThread: Thread finished: Stress Step Profile - 500 to 1000 VU 1-883
2026-08-16 15:28:22,364 INFO o.a.j.t.JMeterThread: Thread finished: Stress Step Profile - 500 to 1000 VU 1-192
2026-08-16 15:28:22,387 INFO o.a.j.t.JMeterThread: Thread finished: Stress Step Profile - 500 to 1000 VU 1-193
2026-08-16 15:28:22,403 INFO o.a.j.t.JMeterThread: Thread finished: Stress Step Profile - 500 to 1000 VU 1-202
2026-08-16 15:28:22,436 INFO o.a.j.t.JMeterThread: Thread finished: Stress Step Profile - 500 to 1000 VU 1-562
2026-08-16 15:28:22,437 INFO o.a.j.t.JMeterThread: Thread finished: Stress Step Profile - 500 to 1000 VU 1-196
2026-08-16 15:28:22,472 INFO o.a.j.t.JMeterThread: Thread finished: Stress Step Profile - 500 to 1000 VU 1-206
2026-08-16 15:28:22,769 INFO o.a.j.t.JMeterThread: Thread finished: Stress Step Profile - 500 to 1000 VU 1-711
2026-08-16 15:28:22,835 INFO o.a.j.t.JMeterThread: Thread finished: Stress Step Profile - 500 to 1000 VU 1-204
2026-08-16 15:28:22,864 INFO o.a.j.t.JMeterThread: Thread finished: Stress Step Profile - 500 to 1000 VU 1-200
2026-08-16 15:28:23,067 INFO o.a.j.t.JMeterThread: Thread finished: Stress Step Profile - 500 to 1000 VU 1-189
2026-08-16 15:28:23,079 INFO o.a.j.t.JMeterThread: Thread finished: Stress Step Profile - 500 to 1000 VU 1-198
2026-08-16 15:28:23,121 INFO o.a.j.t.JMeterThread: Thread finished: Stress Step Profile - 500 to 1000 VU 1-195
2026-08-16 15:28:23,123 INFO o.a.j.t.JMeterThread: Thread finished: Stress Step Profile - 500 to 1000 VU 1-561
2026-08-16 15:28:23,123 INFO o.a.j.t.JMeterThread: Thread finished: Stress Step Profile - 500 to 1000 VU 1-874
2026-08-16 15:28:23,187 INFO o.a.j.t.JMeterThread: Thread finished: Stress Step Profile - 500 to 1000 VU 1-194
2026-08-16 15:28:23,200 INFO o.a.j.t.JMeterThread: Thread finished: Stress Step Profile - 500 to 1000 VU 1-190
2026-08-16 15:28:23,214 INFO o.a.j.t.JMeterThread: Thread finished: Stress Step Profile - 500 to 1000 VU 1-706
2026-08-16 15:28:23,367 INFO o.a.j.t.JMeterThread: Thread finished: Stress Step Profile - 500 to 1000 VU 1-191
2026-08-16 15:28:23,396 INFO o.a.j.t.JMeterThread: Thread finished: Stress Step Profile - 500 to 1000 VU 1-186
2026-08-16 15:28:23,464 INFO o.a.j.t.JMeterThread: Thread finished: Stress Step Profile - 500 to 1000 VU 1-707
2026-08-16 15:28:23,534 INFO o.a.j.t.JMeterThread: Thread finished: Stress Step Profile - 500 to 1000 VU 1-880
2026-08-16 15:28:23,625 INFO o.a.j.t.JMeterThread: Thread finished: Stress Step Profile - 500 to 1000 VU 1-197
2026-08-16 15:28:23,707 INFO o.a.j.t.JMeterThread: Thread finished: Stress Step Profile - 500 to 1000 VU 1-876
2026-08-16 15:28:23,816 INFO o.a.j.t.JMeterThread: Thread finished: Stress Step Profile - 500 to 1000 VU 1-555
2026-08-16 15:28:23,857 INFO o.a.j.t.JMeterThread: Thread finished: Stress Step Profile - 500 to 1000 VU 1-709
2026-08-16 15:28:23,862 INFO o.a.j.t.JMeterThread: Thread finished: Stress Step Profile - 500 to 1000 VU 1-879
2026-08-16 15:28:23,877 INFO o.a.j.t.JMeterThread: Thread finished: Stress Step Profile - 500 to 1000 VU 1-708
2026-08-16 15:28:23,887 INFO o.a.j.t.JMeterThread: Thread finished: Stress Step Profile - 500 to 1000 VU 1-878
2026-08-16 15:28:23,906 INFO o.a.j.t.JMeterThread: Thread finished: Stress Step Profile - 500 to 1000 VU 1-179
2026-08-16 15:28:24,019 INFO o.a.j.t.JMeterThread: Thread finished: Stress Step Profile - 500 to 1000 VU 1-877
2026-08-16 15:28:24,060 INFO o.a.j.t.JMeterThread: Thread finished: Stress Step Profile - 500 to 1000 VU 1-183
2026-08-16 15:28:24,195 INFO o.a.j.t.JMeterThread: Thread finished: Stress Step Profile - 500 to 1000 VU 1-188
2026-08-16 15:28:24,319 INFO o.a.j.t.JMeterThread: Thread finished: Stress Step Profile - 500 to 1000 VU 1-187
2026-08-16 15:28:24,380 INFO o.a.j.t.JMeterThread: Thread finished: Stress Step Profile - 500 to 1000 VU 1-875
2026-08-16 15:28:24,389 INFO o.a.j.t.JMeterThread: Thread finished: Stress Step Profile - 500 to 1000 VU 1-554
2026-08-16 15:28:24,715 INFO o.a.j.t.JMeterThread: Thread finished: Stress Step Profile - 500 to 1000 VU 1-177
2026-08-16 15:28:24,720 INFO o.a.j.t.JMeterThread: Thread finished: Stress Step Profile - 500 to 1000 VU 1-557
2026-08-16 15:28:24,754 INFO o.a.j.t.JMeterThread: Thread finished: Stress Step Profile - 500 to 1000 VU 1-182
2026-08-16 15:28:24,842 INFO o.a.j.t.JMeterThread: Thread finished: Stress Step Profile - 500 to 1000 VU 1-181
2026-08-16 15:28:24,870 INFO o.a.j.t.JMeterThread: Thread finished: Stress Step Profile - 500 to 1000 VU 1-185
2026-08-16 15:28:25,017 INFO o.a.j.t.JMeterThread: Thread finished: Stress Step Profile - 500 to 1000 VU 1-184
2026-08-16 15:28:25,100 INFO o.a.j.t.JMeterThread: Thread finished: Stress Step Profile - 500 to 1000 VU 1-873
2026-08-16 15:28:25,148 INFO o.a.j.t.JMeterThread: Thread finished: Stress Step Profile - 500 to 1000 VU 1-556
2026-08-16 15:28:25,294 INFO o.a.j.t.JMeterThread: Thread finished: Stress Step Profile - 500 to 1000 VU 1-171
2026-08-16 15:28:25,544 INFO o.a.j.t.JMeterThread: Thread finished: Stress Step Profile - 500 to 1000 VU 1-552
2026-08-16 15:28:25,545 INFO o.a.j.t.JMeterThread: Thread finished: Stress Step Profile - 500 to 1000 VU 1-702
2026-08-16 15:28:25,579 INFO o.a.j.t.JMeterThread: Thread finished: Stress Step Profile - 500 to 1000 VU 1-176
2026-08-16 15:28:25,585 INFO o.a.j.t.JMeterThread: Thread finished: Stress Step Profile - 500 to 1000 VU 1-870
2026-08-16 15:28:25,597 INFO o.a.j.t.JMeterThread: Thread finished: Stress Step Profile - 500 to 1000 VU 1-180
2026-08-16 15:28:25,619 INFO o.a.j.t.JMeterThread: Thread finished: Stress Step Profile - 500 to 1000 VU 1-175
2026-08-16 15:28:25,673 INFO o.a.j.t.JMeterThread: Thread finished: Stress Step Profile - 500 to 1000 VU 1-705
2026-08-16 15:28:25,737 INFO o.a.j.t.JMeterThread: Thread finished: Stress Step Profile - 500 to 1000 VU 1-166
2026-08-16 15:28:25,738 INFO o.a.j.t.JMeterThread: Thread finished: Stress Step Profile - 500 to 1000 VU 1-168
2026-08-16 15:28:25,772 INFO o.a.j.t.JMeterThread: Thread finished: Stress Step Profile - 500 to 1000 VU 1-178
2026-08-16 15:28:25,803 INFO o.a.j.t.JMeterThread: Thread finished: Stress Step Profile - 500 to 1000 VU 1-872
2026-08-16 15:28:25,823 INFO o.a.j.t.JMeterThread: Thread finished: Stress Step Profile - 500 to 1000 VU 1-169
2026-08-16 15:28:25,887 INFO o.a.j.t.JMeterThread: Thread finished: Stress Step Profile - 500 to 1000 VU 1-170
2026-08-16 15:28:26,019 INFO o.a.j.t.JMeterThread: Thread finished: Stress Step Profile - 500 to 1000 VU 1-701
2026-08-16 15:28:26,023 INFO o.a.j.t.JMeterThread: Thread finished: Stress Step Profile - 500 to 1000 VU 1-704
2026-08-16 15:28:26,069 INFO o.a.j.t.JMeterThread: Thread finished: Stress Step Profile - 500 to 1000 VU 1-871
2026-08-16 15:28:26,093 INFO o.a.j.t.JMeterThread: Thread finished: Stress Step Profile - 500 to 1000 VU 1-551
2026-08-16 15:28:26,125 INFO o.a.j.t.JMeterThread: Thread finished: Stress Step Profile - 500 to 1000 VU 1-869
2026-08-16 15:28:26,203 INFO o.a.j.t.JMeterThread: Thread finished: Stress Step Profile - 500 to 1000 VU 1-867
2026-08-16 15:28:26,241 INFO o.a.j.t.JMeterThread: Thread finished: Stress Step Profile - 500 to 1000 VU 1-174
2026-08-16 15:28:26,292 INFO o.a.j.t.JMeterThread: Thread finished: Stress Step Profile - 500 to 1000 VU 1-553
2026-08-16 15:28:26,305 INFO o.a.j.t.JMeterThread: Thread finished: Stress Step Profile - 500 to 1000 VU 1-167
2026-08-16 15:28:26,314 INFO o.a.j.t.JMeterThread: Thread finished: Stress Step Profile - 500 to 1000 VU 1-165
2026-08-16 15:28:26,455 INFO o.a.j.t.JMeterThread: Thread finished: Stress Step Profile - 500 to 1000 VU 1-703
2026-08-16 15:28:26,460 INFO o.a.j.t.JMeterThread: Thread finished: Stress Step Profile - 500 to 1000 VU 1-172
2026-08-16 15:28:26,501 INFO o.a.j.t.JMeterThread: Thread finished: Stress Step Profile - 500 to 1000 VU 1-868
2026-08-16 15:28:26,540 INFO o.a.j.t.JMeterThread: Thread finished: Stress Step Profile - 500 to 1000 VU 1-173
2026-08-16 15:28:26,596 INFO o.a.j.t.JMeterThread: Thread finished: Stress Step Profile - 500 to 1000 VU 1-700
2026-08-16 15:28:26,632 INFO o.a.j.t.JMeterThread: Thread finished: Stress Step Profile - 500 to 1000 VU 1-862
2026-08-16 15:28:26,633 INFO o.a.j.t.JMeterThread: Thread finished: Stress Step Profile - 500 to 1000 VU 1-866
2026-08-16 15:28:26,667 INFO o.a.j.t.JMeterThread: Thread finished: Stress Step Profile - 500 to 1000 VU 1-157
2026-08-16 15:28:26,823 INFO o.a.j.t.JMeterThread: Thread finished: Stress Step Profile - 500 to 1000 VU 1-159
2026-08-16 15:28:26,908 INFO o.a.j.t.JMeterThread: Thread finished: Stress Step Profile - 500 to 1000 VU 1-151
2026-08-16 15:28:26,960 INFO o.a.j.t.JMeterThread: Thread finished: Stress Step Profile - 500 to 1000 VU 1-164
2026-08-16 15:28:26,962 INFO o.a.j.t.JMeterThread: Thread finished: Stress Step Profile - 500 to 1000 VU 1-549
2026-08-16 15:28:26,991 INFO o.a.j.t.JMeterThread: Thread finished: Stress Step Profile - 500 to 1000 VU 1-162
2026-08-16 15:28:27,000 INFO o.a.j.t.JMeterThread: Thread finished: Stress Step Profile - 500 to 1000 VU 1-160
2026-08-16 15:28:27,114 INFO o.a.j.t.JMeterThread: Thread finished: Stress Step Profile - 500 to 1000 VU 1-163
2026-08-16 15:28:27,162 INFO o.a.j.t.JMeterThread: Thread finished: Stress Step Profile - 500 to 1000 VU 1-696
2026-08-16 15:28:27,203 INFO o.a.j.t.JMeterThread: Thread finished: Stress Step Profile - 500 to 1000 VU 1-158
2026-08-16 15:28:27,296 INFO o.a.j.t.JMeterThread: Thread finished: Stress Step Profile - 500 to 1000 VU 1-865
2026-08-16 15:28:27,440 INFO o.a.j.t.JMeterThread: Thread finished: Stress Step Profile - 500 to 1000 VU 1-548
2026-08-16 15:28:27,507 INFO o.a.j.t.JMeterThread: Thread finished: Stress Step Profile - 500 to 1000 VU 1-699
2026-08-16 15:28:27,613 INFO o.a.j.t.JMeterThread: Thread finished: Stress Step Profile - 500 to 1000 VU 1-550
2026-08-16 15:28:27,847 INFO o.a.j.t.JMeterThread: Thread finished: Stress Step Profile - 500 to 1000 VU 1-161
2026-08-16 15:28:27,890 INFO o.a.j.t.JMeterThread: Thread finished: Stress Step Profile - 500 to 1000 VU 1-860
2026-08-16 15:28:27,907 INFO o.a.j.t.JMeterThread: Thread finished: Stress Step Profile - 500 to 1000 VU 1-547
2026-08-16 15:28:27,969 INFO o.a.j.t.JMeterThread: Thread finished: Stress Step Profile - 500 to 1000 VU 1-698
2026-08-16 15:28:28,066 INFO o.a.j.t.JMeterThread: Thread finished: Stress Step Profile - 500 to 1000 VU 1-154
2026-08-16 15:28:28,100 INFO o.a.j.t.JMeterThread: Thread finished: Stress Step Profile - 500 to 1000 VU 1-697
2026-08-16 15:28:28,176 INFO o.a.j.t.JMeterThread: Thread finished: Stress Step Profile - 500 to 1000 VU 1-156
2026-08-16 15:28:28,239 INFO o.a.j.t.JMeterThread: Thread finished: Stress Step Profile - 500 to 1000 VU 1-863
2026-08-16 15:28:28,334 INFO o.a.j.t.JMeterThread: Thread finished: Stress Step Profile - 500 to 1000 VU 1-546
2026-08-16 15:28:28,339 INFO o.a.j.t.JMeterThread: Thread finished: Stress Step Profile - 500 to 1000 VU 1-153
2026-08-16 15:28:28,349 INFO o.a.j.t.JMeterThread: Thread finished: Stress Step Profile - 500 to 1000 VU 1-861
2026-08-16 15:28:28,369 INFO o.a.j.t.JMeterThread: Thread finished: Stress Step Profile - 500 to 1000 VU 1-864
2026-08-16 15:28:28,388 INFO o.a.j.t.JMeterThread: Thread finished: Stress Step Profile - 500 to 1000 VU 1-145
2026-08-16 15:28:28,487 INFO o.a.j.t.JMeterThread: Thread finished: Stress Step Profile - 500 to 1000 VU 1-155
2026-08-16 15:28:28,557 INFO o.a.j.t.JMeterThread: Thread finished: Stress Step Profile - 500 to 1000 VU 1-694
2026-08-16 15:28:28,627 INFO o.a.j.t.JMeterThread: Thread finished: Stress Step Profile - 500 to 1000 VU 1-855
2026-08-16 15:28:28,637 INFO o.a.j.t.JMeterThread: Thread finished: Stress Step Profile - 500 to 1000 VU 1-152
2026-08-16 15:28:28,724 INFO o.a.j.t.JMeterThread: Thread finished: Stress Step Profile - 500 to 1000 VU 1-147
2026-08-16 15:28:28,743 INFO o.a.j.t.JMeterThread: Thread finished: Stress Step Profile - 500 to 1000 VU 1-858
2026-08-16 15:28:28,806 INFO o.a.j.t.JMeterThread: Thread finished: Stress Step Profile - 500 to 1000 VU 1-544
2026-08-16 15:28:28,861 INFO o.a.j.t.JMeterThread: Thread finished: Stress Step Profile - 500 to 1000 VU 1-545
2026-08-16 15:28:28,904 INFO o.a.j.t.JMeterThread: Thread finished: Stress Step Profile - 500 to 1000 VU 1-859
2026-08-16 15:28:29,001 INFO o.a.j.t.JMeterThread: Thread finished: Stress Step Profile - 500 to 1000 VU 1-131
2026-08-16 15:28:29,045 INFO o.a.j.t.JMeterThread: Thread finished: Stress Step Profile - 500 to 1000 VU 1-148
2026-08-16 15:28:29,121 INFO o.a.j.t.JMeterThread: Thread finished: Stress Step Profile - 500 to 1000 VU 1-695
2026-08-16 15:28:29,217 INFO o.a.j.t.JMeterThread: Thread finished: Stress Step Profile - 500 to 1000 VU 1-692
2026-08-16 15:28:29,336 INFO o.a.j.t.JMeterThread: Thread finished: Stress Step Profile - 500 to 1000 VU 1-150
2026-08-16 15:28:29,441 INFO o.a.j.t.JMeterThread: Thread finished: Stress Step Profile - 500 to 1000 VU 1-149
2026-08-16 15:28:29,485 INFO o.a.j.t.JMeterThread: Thread finished: Stress Step Profile - 500 to 1000 VU 1-133
2026-08-16 15:28:29,552 INFO o.a.j.t.JMeterThread: Thread finished: Stress Step Profile - 500 to 1000 VU 1-146
2026-08-16 15:28:29,586 INFO o.a.j.t.JMeterThread: Thread finished: Stress Step Profile - 500 to 1000 VU 1-539
2026-08-16 15:28:29,613 INFO o.a.j.t.JMeterThread: Thread finished: Stress Step Profile - 500 to 1000 VU 1-137
2026-08-16 15:28:29,644 INFO o.a.j.t.JMeterThread: Thread finished: Stress Step Profile - 500 to 1000 VU 1-857
2026-08-16 15:28:29,647 INFO o.a.j.t.JMeterThread: Thread finished: Stress Step Profile - 500 to 1000 VU 1-693
2026-08-16 15:28:29,662 INFO o.a.j.t.JMeterThread: Thread finished: Stress Step Profile - 500 to 1000 VU 1-135
2026-08-16 15:28:29,763 INFO o.a.j.t.JMeterThread: Thread finished: Stress Step Profile - 500 to 1000 VU 1-856
2026-08-16 15:28:29,788 INFO o.a.j.t.JMeterThread: Thread finished: Stress Step Profile - 500 to 1000 VU 1-144
2026-08-16 15:28:29,824 INFO o.a.j.t.JMeterThread: Thread finished: Stress Step Profile - 500 to 1000 VU 1-143
2026-08-16 15:28:29,859 INFO o.a.j.t.JMeterThread: Thread finished: Stress Step Profile - 500 to 1000 VU 1-541
2026-08-16 15:28:29,909 INFO o.a.j.t.JMeterThread: Thread finished: Stress Step Profile - 500 to 1000 VU 1-140
2026-08-16 15:28:29,957 INFO o.a.j.t.JMeterThread: Thread finished: Stress Step Profile - 500 to 1000 VU 1-853
2026-08-16 15:28:30,001 INFO o.a.j.r.Summariser: summary +    502 in 00:00:30 =   16.8/s Avg:  3787 Min:     1 Max: 10146 Err:     0 (0.00%) Active: 272 Started: 1000 Finished: 728
2026-08-16 15:28:30,002 INFO o.a.j.r.Summariser: summary =    729 in 00:12:43 =    1.0/s Avg:  3931 Min:     1 Max: 10473 Err:     0 (0.00%)
2026-08-16 15:28:30,002 INFO o.a.j.t.JMeterThread: Thread finished: Stress Step Profile - 500 to 1000 VU 1-141
2026-08-16 15:28:30,046 INFO o.a.j.t.JMeterThread: Thread finished: Stress Step Profile - 500 to 1000 VU 1-138
2026-08-16 15:28:30,111 INFO o.a.j.t.JMeterThread: Thread finished: Stress Step Profile - 500 to 1000 VU 1-542
2026-08-16 15:28:30,122 INFO o.a.j.t.JMeterThread: Thread finished: Stress Step Profile - 500 to 1000 VU 1-127
2026-08-16 15:28:30,145 INFO o.a.j.t.JMeterThread: Thread finished: Stress Step Profile - 500 to 1000 VU 1-136
2026-08-16 15:28:30,155 INFO o.a.j.t.JMeterThread: Thread finished: Stress Step Profile - 500 to 1000 VU 1-543
2026-08-16 15:28:30,207 INFO o.a.j.t.JMeterThread: Thread finished: Stress Step Profile - 500 to 1000 VU 1-139
2026-08-16 15:28:30,207 INFO o.a.j.t.JMeterThread: Thread finished: Stress Step Profile - 500 to 1000 VU 1-126
2026-08-16 15:28:30,274 INFO o.a.j.t.JMeterThread: Thread finished: Stress Step Profile - 500 to 1000 VU 1-129
2026-08-16 15:28:30,295 INFO o.a.j.t.JMeterThread: Thread finished: Stress Step Profile - 500 to 1000 VU 1-142
2026-08-16 15:28:30,435 INFO o.a.j.t.JMeterThread: Thread finished: Stress Step Profile - 500 to 1000 VU 1-691
2026-08-16 15:28:30,455 INFO o.a.j.t.JMeterThread: Thread finished: Stress Step Profile - 500 to 1000 VU 1-134
2026-08-16 15:28:30,580 INFO o.a.j.t.JMeterThread: Thread finished: Stress Step Profile - 500 to 1000 VU 1-690
2026-08-16 15:28:30,692 INFO o.a.j.t.JMeterThread: Thread finished: Stress Step Profile - 500 to 1000 VU 1-854
2026-08-16 15:28:30,696 INFO o.a.j.t.JMeterThread: Thread finished: Stress Step Profile - 500 to 1000 VU 1-689
2026-08-16 15:28:30,772 INFO o.a.j.t.JMeterThread: Thread finished: Stress Step Profile - 500 to 1000 VU 1-852
2026-08-16 15:28:30,852 INFO o.a.j.t.JMeterThread: Thread finished: Stress Step Profile - 500 to 1000 VU 1-540
2026-08-16 15:28:30,855 INFO o.a.j.t.JMeterThread: Thread finished: Stress Step Profile - 500 to 1000 VU 1-130
2026-08-16 15:28:30,871 INFO o.a.j.t.JMeterThread: Thread finished: Stress Step Profile - 500 to 1000 VU 1-128
2026-08-16 15:28:30,878 INFO o.a.j.t.JMeterThread: Thread finished: Stress Step Profile - 500 to 1000 VU 1-119
2026-08-16 15:28:31,014 INFO o.a.j.t.JMeterThread: Thread finished: Stress Step Profile - 500 to 1000 VU 1-125
2026-08-16 15:28:31,034 INFO o.a.j.t.JMeterThread: Thread finished: Stress Step Profile - 500 to 1000 VU 1-851
2026-08-16 15:28:31,215 INFO o.a.j.t.JMeterThread: Thread finished: Stress Step Profile - 500 to 1000 VU 1-537
2026-08-16 15:28:31,222 INFO o.a.j.t.JMeterThread: Thread finished: Stress Step Profile - 500 to 1000 VU 1-123
2026-08-16 15:28:31,334 INFO o.a.j.t.JMeterThread: Thread finished: Stress Step Profile - 500 to 1000 VU 1-538
2026-08-16 15:28:31,467 INFO o.a.j.t.JMeterThread: Thread finished: Stress Step Profile - 500 to 1000 VU 1-116
2026-08-16 15:28:31,487 INFO o.a.j.t.JMeterThread: Thread finished: Stress Step Profile - 500 to 1000 VU 1-132
2026-08-16 15:28:31,512 INFO o.a.j.t.JMeterThread: Thread finished: Stress Step Profile - 500 to 1000 VU 1-847
2026-08-16 15:28:31,604 INFO o.a.j.t.JMeterThread: Thread finished: Stress Step Profile - 500 to 1000 VU 1-688
2026-08-16 15:28:31,713 INFO o.a.j.t.JMeterThread: Thread finished: Stress Step Profile - 500 to 1000 VU 1-849
2026-08-16 15:28:31,893 INFO o.a.j.t.JMeterThread: Thread finished: Stress Step Profile - 500 to 1000 VU 1-687
2026-08-16 15:28:31,951 INFO o.a.j.t.JMeterThread: Thread finished: Stress Step Profile - 500 to 1000 VU 1-121
2026-08-16 15:28:31,956 INFO o.a.j.t.JMeterThread: Thread finished: Stress Step Profile - 500 to 1000 VU 1-850
2026-08-16 15:28:32,031 INFO o.a.j.t.JMeterThread: Thread finished: Stress Step Profile - 500 to 1000 VU 1-534
2026-08-16 15:28:32,128 INFO o.a.j.t.JMeterThread: Thread finished: Stress Step Profile - 500 to 1000 VU 1-106
2026-08-16 15:28:32,154 INFO o.a.j.t.JMeterThread: Thread finished: Stress Step Profile - 500 to 1000 VU 1-685
2026-08-16 15:28:32,219 INFO o.a.j.t.JMeterThread: Thread finished: Stress Step Profile - 500 to 1000 VU 1-844
2026-08-16 15:28:32,245 INFO o.a.j.t.JMeterThread: Thread finished: Stress Step Profile - 500 to 1000 VU 1-845
2026-08-16 15:28:32,300 INFO o.a.j.t.JMeterThread: Thread finished: Stress Step Profile - 500 to 1000 VU 1-113
2026-08-16 15:28:32,308 INFO o.a.j.t.JMeterThread: Thread finished: Stress Step Profile - 500 to 1000 VU 1-536
2026-08-16 15:28:32,320 INFO o.a.j.t.JMeterThread: Thread finished: Stress Step Profile - 500 to 1000 VU 1-124
2026-08-16 15:28:32,468 INFO o.a.j.t.JMeterThread: Thread finished: Stress Step Profile - 500 to 1000 VU 1-109
2026-08-16 15:28:32,486 INFO o.a.j.t.JMeterThread: Thread finished: Stress Step Profile - 500 to 1000 VU 1-110
2026-08-16 15:28:32,544 INFO o.a.j.t.JMeterThread: Thread finished: Stress Step Profile - 500 to 1000 VU 1-122
2026-08-16 15:28:32,579 INFO o.a.j.t.JMeterThread: Thread finished: Stress Step Profile - 500 to 1000 VU 1-686
2026-08-16 15:28:32,620 INFO o.a.j.t.JMeterThread: Thread finished: Stress Step Profile - 500 to 1000 VU 1-848
2026-08-16 15:28:32,633 INFO o.a.j.t.JMeterThread: Thread finished: Stress Step Profile - 500 to 1000 VU 1-115
2026-08-16 15:28:32,794 INFO o.a.j.t.JMeterThread: Thread finished: Stress Step Profile - 500 to 1000 VU 1-112
2026-08-16 15:28:32,840 INFO o.a.j.t.JMeterThread: Thread finished: Stress Step Profile - 500 to 1000 VU 1-120
2026-08-16 15:28:32,956 INFO o.a.j.t.JMeterThread: Thread finished: Stress Step Profile - 500 to 1000 VU 1-535
2026-08-16 15:28:33,205 INFO o.a.j.t.JMeterThread: Thread finished: Stress Step Profile - 500 to 1000 VU 1-118
2026-08-16 15:28:33,208 INFO o.a.j.t.JMeterThread: Thread finished: Stress Step Profile - 500 to 1000 VU 1-114
2026-08-16 15:28:33,291 INFO o.a.j.t.JMeterThread: Thread finished: Stress Step Profile - 500 to 1000 VU 1-117
2026-08-16 15:28:33,470 INFO o.a.j.t.JMeterThread: Thread finished: Stress Step Profile - 500 to 1000 VU 1-97
2026-08-16 15:28:33,493 INFO o.a.j.t.JMeterThread: Thread finished: Stress Step Profile - 500 to 1000 VU 1-684
2026-08-16 15:28:33,592 INFO o.a.j.t.JMeterThread: Thread finished: Stress Step Profile - 500 to 1000 VU 1-531
2026-08-16 15:28:33,771 INFO o.a.j.t.JMeterThread: Thread finished: Stress Step Profile - 500 to 1000 VU 1-846
2026-08-16 15:28:33,822 INFO o.a.j.t.JMeterThread: Thread finished: Stress Step Profile - 500 to 1000 VU 1-683
2026-08-16 15:28:33,856 INFO o.a.j.t.JMeterThread: Thread finished: Stress Step Profile - 500 to 1000 VU 1-532
2026-08-16 15:28:33,941 INFO o.a.j.t.JMeterThread: Thread finished: Stress Step Profile - 500 to 1000 VU 1-102
2026-08-16 15:28:33,941 INFO o.a.j.t.JMeterThread: Thread finished: Stress Step Profile - 500 to 1000 VU 1-841
2026-08-16 15:28:33,976 INFO o.a.j.t.JMeterThread: Thread finished: Stress Step Profile - 500 to 1000 VU 1-105
2026-08-16 15:28:34,007 INFO o.a.j.t.JMeterThread: Thread finished: Stress Step Profile - 500 to 1000 VU 1-103
2026-08-16 15:28:34,042 INFO o.a.j.t.JMeterThread: Thread finished: Stress Step Profile - 500 to 1000 VU 1-111
2026-08-16 15:28:34,050 INFO o.a.j.t.JMeterThread: Thread finished: Stress Step Profile - 500 to 1000 VU 1-107
2026-08-16 15:28:34,067 INFO o.a.j.t.JMeterThread: Thread finished: Stress Step Profile - 500 to 1000 VU 1-101
2026-08-16 15:28:34,128 INFO o.a.j.t.JMeterThread: Thread finished: Stress Step Profile - 500 to 1000 VU 1-91
2026-08-16 15:28:34,187 INFO o.a.j.t.JMeterThread: Thread finished: Stress Step Profile - 500 to 1000 VU 1-108
2026-08-16 15:28:34,229 INFO o.a.j.t.JMeterThread: Thread finished: Stress Step Profile - 500 to 1000 VU 1-836
2026-08-16 15:28:34,252 INFO o.a.j.t.JMeterThread: Thread finished: Stress Step Profile - 500 to 1000 VU 1-533
2026-08-16 15:28:34,427 INFO o.a.j.t.JMeterThread: Thread finished: Stress Step Profile - 500 to 1000 VU 1-90
2026-08-16 15:28:34,494 INFO o.a.j.t.JMeterThread: Thread finished: Stress Step Profile - 500 to 1000 VU 1-682
2026-08-16 15:28:34,508 INFO o.a.j.t.JMeterThread: Thread finished: Stress Step Profile - 500 to 1000 VU 1-840
2026-08-16 15:28:34,570 INFO o.a.j.t.JMeterThread: Thread finished: Stress Step Profile - 500 to 1000 VU 1-843
2026-08-16 15:28:34,583 INFO o.a.j.t.JMeterThread: Thread finished: Stress Step Profile - 500 to 1000 VU 1-104
2026-08-16 15:28:34,606 INFO o.a.j.t.JMeterThread: Thread finished: Stress Step Profile - 500 to 1000 VU 1-838
2026-08-16 15:28:34,646 INFO o.a.j.t.JMeterThread: Thread finished: Stress Step Profile - 500 to 1000 VU 1-96
2026-08-16 15:28:34,761 INFO o.a.j.t.JMeterThread: Thread finished: Stress Step Profile - 500 to 1000 VU 1-88
2026-08-16 15:28:34,843 INFO o.a.j.t.JMeterThread: Thread finished: Stress Step Profile - 500 to 1000 VU 1-681
2026-08-16 15:28:34,902 INFO o.a.j.t.JMeterThread: Thread finished: Stress Step Profile - 500 to 1000 VU 1-842
2026-08-16 15:28:34,916 INFO o.a.j.t.JMeterThread: Thread finished: Stress Step Profile - 500 to 1000 VU 1-100
2026-08-16 15:28:35,071 INFO o.a.j.t.JMeterThread: Thread finished: Stress Step Profile - 500 to 1000 VU 1-95
2026-08-16 15:28:35,082 INFO o.a.j.t.JMeterThread: Thread finished: Stress Step Profile - 500 to 1000 VU 1-529
2026-08-16 15:28:35,190 INFO o.a.j.t.JMeterThread: Thread finished: Stress Step Profile - 500 to 1000 VU 1-94
2026-08-16 15:28:35,275 INFO o.a.j.t.JMeterThread: Thread finished: Stress Step Profile - 500 to 1000 VU 1-99
2026-08-16 15:28:35,277 INFO o.a.j.t.JMeterThread: Thread finished: Stress Step Profile - 500 to 1000 VU 1-528
2026-08-16 15:28:35,412 INFO o.a.j.t.JMeterThread: Thread finished: Stress Step Profile - 500 to 1000 VU 1-89
2026-08-16 15:28:35,442 INFO o.a.j.t.JMeterThread: Thread finished: Stress Step Profile - 500 to 1000 VU 1-679
2026-08-16 15:28:35,454 INFO o.a.j.t.JMeterThread: Thread finished: Stress Step Profile - 500 to 1000 VU 1-92
2026-08-16 15:28:35,505 INFO o.a.j.t.JMeterThread: Thread finished: Stress Step Profile - 500 to 1000 VU 1-93
2026-08-16 15:28:35,567 INFO o.a.j.t.JMeterThread: Thread finished: Stress Step Profile - 500 to 1000 VU 1-834
2026-08-16 15:28:35,590 INFO o.a.j.t.JMeterThread: Thread finished: Stress Step Profile - 500 to 1000 VU 1-680
2026-08-16 15:28:35,598 INFO o.a.j.t.JMeterThread: Thread finished: Stress Step Profile - 500 to 1000 VU 1-98
2026-08-16 15:28:35,628 INFO o.a.j.t.JMeterThread: Thread finished: Stress Step Profile - 500 to 1000 VU 1-835
2026-08-16 15:28:35,673 INFO o.a.j.t.JMeterThread: Thread finished: Stress Step Profile - 500 to 1000 VU 1-839
2026-08-16 15:28:35,676 INFO o.a.j.t.JMeterThread: Thread finished: Stress Step Profile - 500 to 1000 VU 1-678
2026-08-16 15:28:35,680 INFO o.a.j.t.JMeterThread: Stopping because end time detected by thread: Stress Step Profile - 500 to 1000 VU 1-530
2026-08-16 15:28:35,680 INFO o.a.j.t.JMeterThread: Thread finished: Stress Step Profile - 500 to 1000 VU 1-530
2026-08-16 15:28:35,750 INFO o.a.j.t.JMeterThread: Thread finished: Stress Step Profile - 500 to 1000 VU 1-833
2026-08-16 15:28:35,773 INFO o.a.j.t.JMeterThread: Thread finished: Stress Step Profile - 500 to 1000 VU 1-837
2026-08-16 15:28:36,064 INFO o.a.j.t.JMeterThread: Thread finished: Stress Step Profile - 500 to 1000 VU 1-87
2026-08-16 15:28:36,178 INFO o.a.j.t.JMeterThread: Thread finished: Stress Step Profile - 500 to 1000 VU 1-677
2026-08-16 15:28:36,231 INFO o.a.j.t.JMeterThread: Thread finished: Stress Step Profile - 500 to 1000 VU 1-676
2026-08-16 15:28:36,259 INFO o.a.j.t.JMeterThread: Thread finished: Stress Step Profile - 500 to 1000 VU 1-81
2026-08-16 15:28:36,275 INFO o.a.j.t.JMeterThread: Thread finished: Stress Step Profile - 500 to 1000 VU 1-85
2026-08-16 15:28:36,308 INFO o.a.j.t.JMeterThread: Thread finished: Stress Step Profile - 500 to 1000 VU 1-527
2026-08-16 15:28:36,314 INFO o.a.j.t.JMeterThread: Thread finished: Stress Step Profile - 500 to 1000 VU 1-82
2026-08-16 15:28:36,407 INFO o.a.j.t.JMeterThread: Thread finished: Stress Step Profile - 500 to 1000 VU 1-74
2026-08-16 15:28:36,484 INFO o.a.j.t.JMeterThread: Thread finished: Stress Step Profile - 500 to 1000 VU 1-524
2026-08-16 15:28:36,648 INFO o.a.j.t.JMeterThread: Thread finished: Stress Step Profile - 500 to 1000 VU 1-831
2026-08-16 15:28:36,705 INFO o.a.j.t.JMeterThread: Thread finished: Stress Step Profile - 500 to 1000 VU 1-526
2026-08-16 15:28:36,805 INFO o.a.j.t.JMeterThread: Thread finished: Stress Step Profile - 500 to 1000 VU 1-77
2026-08-16 15:28:37,011 INFO o.a.j.t.JMeterThread: Thread finished: Stress Step Profile - 500 to 1000 VU 1-86
2026-08-16 15:28:37,089 INFO o.a.j.t.JMeterThread: Thread finished: Stress Step Profile - 500 to 1000 VU 1-525
2026-08-16 15:28:37,162 INFO o.a.j.t.JMeterThread: Thread finished: Stress Step Profile - 500 to 1000 VU 1-827
2026-08-16 15:28:37,200 INFO o.a.j.t.JMeterThread: Thread finished: Stress Step Profile - 500 to 1000 VU 1-522
2026-08-16 15:28:37,219 INFO o.a.j.t.JMeterThread: Thread finished: Stress Step Profile - 500 to 1000 VU 1-675
2026-08-16 15:28:37,293 INFO o.a.j.t.JMeterThread: Thread finished: Stress Step Profile - 500 to 1000 VU 1-83
2026-08-16 15:28:37,312 INFO o.a.j.t.JMeterThread: Thread finished: Stress Step Profile - 500 to 1000 VU 1-84
2026-08-16 15:28:37,361 INFO o.a.j.t.JMeterThread: Thread finished: Stress Step Profile - 500 to 1000 VU 1-79
2026-08-16 15:28:37,364 INFO o.a.j.t.JMeterThread: Thread finished: Stress Step Profile - 500 to 1000 VU 1-78
2026-08-16 15:28:37,373 INFO o.a.j.t.JMeterThread: Thread finished: Stress Step Profile - 500 to 1000 VU 1-62
2026-08-16 15:28:37,391 INFO o.a.j.t.JMeterThread: Thread finished: Stress Step Profile - 500 to 1000 VU 1-69
2026-08-16 15:28:37,447 INFO o.a.j.t.JMeterThread: Thread finished: Stress Step Profile - 500 to 1000 VU 1-673
2026-08-16 15:28:37,494 INFO o.a.j.t.JMeterThread: Thread finished: Stress Step Profile - 500 to 1000 VU 1-65
2026-08-16 15:28:37,499 INFO o.a.j.t.JMeterThread: Thread finished: Stress Step Profile - 500 to 1000 VU 1-80
2026-08-16 15:28:37,674 INFO o.a.j.t.JMeterThread: Thread finished: Stress Step Profile - 500 to 1000 VU 1-674
2026-08-16 15:28:37,751 INFO o.a.j.t.JMeterThread: Thread finished: Stress Step Profile - 500 to 1000 VU 1-824
2026-08-16 15:28:37,770 INFO o.a.j.t.JMeterThread: Thread finished: Stress Step Profile - 500 to 1000 VU 1-66
2026-08-16 15:28:37,843 INFO o.a.j.t.JMeterThread: Thread finished: Stress Step Profile - 500 to 1000 VU 1-832
2026-08-16 15:28:37,915 INFO o.a.j.t.JMeterThread: Thread finished: Stress Step Profile - 500 to 1000 VU 1-76
2026-08-16 15:28:37,946 INFO o.a.j.t.JMeterThread: Thread finished: Stress Step Profile - 500 to 1000 VU 1-70
2026-08-16 15:28:37,947 INFO o.a.j.t.JMeterThread: Thread finished: Stress Step Profile - 500 to 1000 VU 1-830
2026-08-16 15:28:38,114 INFO o.a.j.t.JMeterThread: Thread finished: Stress Step Profile - 500 to 1000 VU 1-829
2026-08-16 15:28:38,123 INFO o.a.j.t.JMeterThread: Thread finished: Stress Step Profile - 500 to 1000 VU 1-828
2026-08-16 15:28:38,144 INFO o.a.j.t.JMeterThread: Thread finished: Stress Step Profile - 500 to 1000 VU 1-521
2026-08-16 15:28:38,147 INFO o.a.j.t.JMeterThread: Thread finished: Stress Step Profile - 500 to 1000 VU 1-518
2026-08-16 15:28:38,238 INFO o.a.j.t.JMeterThread: Thread finished: Stress Step Profile - 500 to 1000 VU 1-57
2026-08-16 15:28:38,248 INFO o.a.j.t.JMeterThread: Thread finished: Stress Step Profile - 500 to 1000 VU 1-71
2026-08-16 15:28:38,275 INFO o.a.j.t.JMeterThread: Thread finished: Stress Step Profile - 500 to 1000 VU 1-75
2026-08-16 15:28:38,305 INFO o.a.j.t.JMeterThread: Thread finished: Stress Step Profile - 500 to 1000 VU 1-68
2026-08-16 15:28:38,340 INFO o.a.j.t.JMeterThread: Thread finished: Stress Step Profile - 500 to 1000 VU 1-523
2026-08-16 15:28:38,371 INFO o.a.j.t.JMeterThread: Thread finished: Stress Step Profile - 500 to 1000 VU 1-672
2026-08-16 15:28:38,489 INFO o.a.j.t.JMeterThread: Thread finished: Stress Step Profile - 500 to 1000 VU 1-61
2026-08-16 15:28:38,544 INFO o.a.j.t.JMeterThread: Thread finished: Stress Step Profile - 500 to 1000 VU 1-63
2026-08-16 15:28:38,550 INFO o.a.j.t.JMeterThread: Thread finished: Stress Step Profile - 500 to 1000 VU 1-72
2026-08-16 15:28:38,578 INFO o.a.j.t.JMeterThread: Thread finished: Stress Step Profile - 500 to 1000 VU 1-669
2026-08-16 15:28:38,590 INFO o.a.j.t.JMeterThread: Thread finished: Stress Step Profile - 500 to 1000 VU 1-73
2026-08-16 15:28:38,608 INFO o.a.j.t.JMeterThread: Thread finished: Stress Step Profile - 500 to 1000 VU 1-64
2026-08-16 15:28:38,786 INFO o.a.j.t.JMeterThread: Thread finished: Stress Step Profile - 500 to 1000 VU 1-516
2026-08-16 15:28:38,916 INFO o.a.j.t.JMeterThread: Thread finished: Stress Step Profile - 500 to 1000 VU 1-671
2026-08-16 15:28:38,941 INFO o.a.j.t.JMeterThread: Thread finished: Stress Step Profile - 500 to 1000 VU 1-825
2026-08-16 15:28:38,943 INFO o.a.j.t.JMeterThread: Thread finished: Stress Step Profile - 500 to 1000 VU 1-52
2026-08-16 15:28:38,969 INFO o.a.j.t.JMeterThread: Thread finished: Stress Step Profile - 500 to 1000 VU 1-519
2026-08-16 15:28:38,989 INFO o.a.j.t.JMeterThread: Thread finished: Stress Step Profile - 500 to 1000 VU 1-53
2026-08-16 15:28:39,050 INFO o.a.j.t.JMeterThread: Thread finished: Stress Step Profile - 500 to 1000 VU 1-58
2026-08-16 15:28:39,052 INFO o.a.j.t.JMeterThread: Thread finished: Stress Step Profile - 500 to 1000 VU 1-826
2026-08-16 15:28:39,099 INFO o.a.j.t.JMeterThread: Thread finished: Stress Step Profile - 500 to 1000 VU 1-54
2026-08-16 15:28:39,171 INFO o.a.j.t.JMeterThread: Thread finished: Stress Step Profile - 500 to 1000 VU 1-520
2026-08-16 15:28:39,305 INFO o.a.j.t.JMeterThread: Thread finished: Stress Step Profile - 500 to 1000 VU 1-67
2026-08-16 15:28:39,383 INFO o.a.j.t.JMeterThread: Thread finished: Stress Step Profile - 500 to 1000 VU 1-59
2026-08-16 15:28:39,425 INFO o.a.j.t.JMeterThread: Thread finished: Stress Step Profile - 500 to 1000 VU 1-670
2026-08-16 15:28:39,470 INFO o.a.j.t.JMeterThread: Thread finished: Stress Step Profile - 500 to 1000 VU 1-48
2026-08-16 15:28:39,510 INFO o.a.j.t.JMeterThread: Thread finished: Stress Step Profile - 500 to 1000 VU 1-823
2026-08-16 15:28:39,605 INFO o.a.j.t.JMeterThread: Thread finished: Stress Step Profile - 500 to 1000 VU 1-45
2026-08-16 15:28:39,944 INFO o.a.j.t.JMeterThread: Thread finished: Stress Step Profile - 500 to 1000 VU 1-51
2026-08-16 15:28:39,945 INFO o.a.j.t.JMeterThread: Thread finished: Stress Step Profile - 500 to 1000 VU 1-667
2026-08-16 15:28:39,966 INFO o.a.j.t.JMeterThread: Thread finished: Stress Step Profile - 500 to 1000 VU 1-668
2026-08-16 15:28:39,979 INFO o.a.j.t.JMeterThread: Thread finished: Stress Step Profile - 500 to 1000 VU 1-822
2026-08-16 15:28:39,982 INFO o.a.j.t.JMeterThread: Thread finished: Stress Step Profile - 500 to 1000 VU 1-60
2026-08-16 15:28:40,010 INFO o.a.j.t.JMeterThread: Thread finished: Stress Step Profile - 500 to 1000 VU 1-514
2026-08-16 15:28:40,096 INFO o.a.j.t.JMeterThread: Thread finished: Stress Step Profile - 500 to 1000 VU 1-56
2026-08-16 15:28:40,116 INFO o.a.j.t.JMeterThread: Thread finished: Stress Step Profile - 500 to 1000 VU 1-821
2026-08-16 15:28:40,189 INFO o.a.j.t.JMeterThread: Thread finished: Stress Step Profile - 500 to 1000 VU 1-818
2026-08-16 15:28:40,273 INFO o.a.j.t.JMeterThread: Thread finished: Stress Step Profile - 500 to 1000 VU 1-817
2026-08-16 15:28:40,316 INFO o.a.j.t.JMeterThread: Thread finished: Stress Step Profile - 500 to 1000 VU 1-665
2026-08-16 15:28:40,369 INFO o.a.j.t.JMeterThread: Thread finished: Stress Step Profile - 500 to 1000 VU 1-816
2026-08-16 15:28:40,503 INFO o.a.j.t.JMeterThread: Thread finished: Stress Step Profile - 500 to 1000 VU 1-815
2026-08-16 15:28:40,512 INFO o.a.j.t.JMeterThread: Thread finished: Stress Step Profile - 500 to 1000 VU 1-50
2026-08-16 15:28:40,586 INFO o.a.j.t.JMeterThread: Thread finished: Stress Step Profile - 500 to 1000 VU 1-55
2026-08-16 15:28:40,633 INFO o.a.j.t.JMeterThread: Thread finished: Stress Step Profile - 500 to 1000 VU 1-49
2026-08-16 15:28:40,748 INFO o.a.j.t.JMeterThread: Thread finished: Stress Step Profile - 500 to 1000 VU 1-511
2026-08-16 15:28:40,792 INFO o.a.j.t.JMeterThread: Thread finished: Stress Step Profile - 500 to 1000 VU 1-820
2026-08-16 15:28:40,829 INFO o.a.j.t.JMeterThread: Thread finished: Stress Step Profile - 500 to 1000 VU 1-515
2026-08-16 15:28:40,836 INFO o.a.j.t.JMeterThread: Thread finished: Stress Step Profile - 500 to 1000 VU 1-517
2026-08-16 15:28:40,851 INFO o.a.j.t.JMeterThread: Thread finished: Stress Step Profile - 500 to 1000 VU 1-664
2026-08-16 15:28:40,912 INFO o.a.j.t.JMeterThread: Thread finished: Stress Step Profile - 500 to 1000 VU 1-666
2026-08-16 15:28:40,917 INFO o.a.j.t.JMeterThread: Thread finished: Stress Step Profile - 500 to 1000 VU 1-47
2026-08-16 15:28:41,008 INFO o.a.j.t.JMeterThread: Thread finished: Stress Step Profile - 500 to 1000 VU 1-34
2026-08-16 15:28:41,164 INFO o.a.j.t.JMeterThread: Thread finished: Stress Step Profile - 500 to 1000 VU 1-819
2026-08-16 15:28:41,283 INFO o.a.j.t.JMeterThread: Thread finished: Stress Step Profile - 500 to 1000 VU 1-512
2026-08-16 15:28:41,375 INFO o.a.j.t.JMeterThread: Thread finished: Stress Step Profile - 500 to 1000 VU 1-663
2026-08-16 15:28:41,424 INFO o.a.j.t.JMeterThread: Thread finished: Stress Step Profile - 500 to 1000 VU 1-38
2026-08-16 15:28:41,589 INFO o.a.j.t.JMeterThread: Thread finished: Stress Step Profile - 500 to 1000 VU 1-41
2026-08-16 15:28:41,605 INFO o.a.j.t.JMeterThread: Thread finished: Stress Step Profile - 500 to 1000 VU 1-46
2026-08-16 15:28:41,694 INFO o.a.j.t.JMeterThread: Thread finished: Stress Step Profile - 500 to 1000 VU 1-37
2026-08-16 15:28:41,707 INFO o.a.j.t.JMeterThread: Thread finished: Stress Step Profile - 500 to 1000 VU 1-39
2026-08-16 15:28:41,749 INFO o.a.j.t.JMeterThread: Thread finished: Stress Step Profile - 500 to 1000 VU 1-40
2026-08-16 15:28:41,808 INFO o.a.j.t.JMeterThread: Thread finished: Stress Step Profile - 500 to 1000 VU 1-44
2026-08-16 15:28:41,834 INFO o.a.j.t.JMeterThread: Thread finished: Stress Step Profile - 500 to 1000 VU 1-662
2026-08-16 15:28:41,936 INFO o.a.j.t.JMeterThread: Thread finished: Stress Step Profile - 500 to 1000 VU 1-513
2026-08-16 15:28:42,027 INFO o.a.j.t.JMeterThread: Thread finished: Stress Step Profile - 500 to 1000 VU 1-25
2026-08-16 15:28:42,188 INFO o.a.j.t.JMeterThread: Thread finished: Stress Step Profile - 500 to 1000 VU 1-43
2026-08-16 15:28:42,202 INFO o.a.j.t.JMeterThread: Thread finished: Stress Step Profile - 500 to 1000 VU 1-661
2026-08-16 15:28:42,212 INFO o.a.j.t.JMeterThread: Thread finished: Stress Step Profile - 500 to 1000 VU 1-36
2026-08-16 15:28:42,241 INFO o.a.j.t.JMeterThread: Thread finished: Stress Step Profile - 500 to 1000 VU 1-32
2026-08-16 15:28:42,244 INFO o.a.j.t.JMeterThread: Thread finished: Stress Step Profile - 500 to 1000 VU 1-658
2026-08-16 15:28:42,263 INFO o.a.j.t.JMeterThread: Thread finished: Stress Step Profile - 500 to 1000 VU 1-42
2026-08-16 15:28:42,381 INFO o.a.j.t.JMeterThread: Thread finished: Stress Step Profile - 500 to 1000 VU 1-31
2026-08-16 15:28:42,404 INFO o.a.j.t.JMeterThread: Thread finished: Stress Step Profile - 500 to 1000 VU 1-659
2026-08-16 15:28:42,463 INFO o.a.j.t.JMeterThread: Thread finished: Stress Step Profile - 500 to 1000 VU 1-29
2026-08-16 15:28:42,548 INFO o.a.j.t.JMeterThread: Thread finished: Stress Step Profile - 500 to 1000 VU 1-35
2026-08-16 15:28:42,565 INFO o.a.j.t.JMeterThread: Thread finished: Stress Step Profile - 500 to 1000 VU 1-30
2026-08-16 15:28:42,600 INFO o.a.j.t.JMeterThread: Thread finished: Stress Step Profile - 500 to 1000 VU 1-510
2026-08-16 15:28:42,634 INFO o.a.j.t.JMeterThread: Thread finished: Stress Step Profile - 500 to 1000 VU 1-508
2026-08-16 15:28:42,678 INFO o.a.j.t.JMeterThread: Thread finished: Stress Step Profile - 500 to 1000 VU 1-509
2026-08-16 15:28:42,811 INFO o.a.j.t.JMeterThread: Thread finished: Stress Step Profile - 500 to 1000 VU 1-26
2026-08-16 15:28:42,837 INFO o.a.j.t.JMeterThread: Thread finished: Stress Step Profile - 500 to 1000 VU 1-660
2026-08-16 15:28:42,909 INFO o.a.j.t.JMeterThread: Thread finished: Stress Step Profile - 500 to 1000 VU 1-814
2026-08-16 15:28:42,928 INFO o.a.j.t.JMeterThread: Thread finished: Stress Step Profile - 500 to 1000 VU 1-22
2026-08-16 15:28:42,951 INFO o.a.j.t.JMeterThread: Thread finished: Stress Step Profile - 500 to 1000 VU 1-33
2026-08-16 15:28:43,152 INFO o.a.j.t.JMeterThread: Thread finished: Stress Step Profile - 500 to 1000 VU 1-811
2026-08-16 15:28:43,277 INFO o.a.j.t.JMeterThread: Thread finished: Stress Step Profile - 500 to 1000 VU 1-813
2026-08-16 15:28:43,317 INFO o.a.j.t.JMeterThread: Thread finished: Stress Step Profile - 500 to 1000 VU 1-812
2026-08-16 15:28:43,387 INFO o.a.j.t.JMeterThread: Thread finished: Stress Step Profile - 500 to 1000 VU 1-808
2026-08-16 15:28:43,504 INFO o.a.j.t.JMeterThread: Thread finished: Stress Step Profile - 500 to 1000 VU 1-27
2026-08-16 15:28:43,508 INFO o.a.j.t.JMeterThread: Thread finished: Stress Step Profile - 500 to 1000 VU 1-810
2026-08-16 15:28:43,556 INFO o.a.j.t.JMeterThread: Thread finished: Stress Step Profile - 500 to 1000 VU 1-807
2026-08-16 15:28:43,696 INFO o.a.j.t.JMeterThread: Thread finished: Stress Step Profile - 500 to 1000 VU 1-28
2026-08-16 15:28:43,728 INFO o.a.j.t.JMeterThread: Thread finished: Stress Step Profile - 500 to 1000 VU 1-19
2026-08-16 15:28:43,767 INFO o.a.j.t.JMeterThread: Thread finished: Stress Step Profile - 500 to 1000 VU 1-15
2026-08-16 15:28:43,785 INFO o.a.j.t.JMeterThread: Thread finished: Stress Step Profile - 500 to 1000 VU 1-10
2026-08-16 15:28:43,927 INFO o.a.j.t.JMeterThread: Thread finished: Stress Step Profile - 500 to 1000 VU 1-656
2026-08-16 15:28:43,973 INFO o.a.j.t.JMeterThread: Thread finished: Stress Step Profile - 500 to 1000 VU 1-18
2026-08-16 15:28:43,983 INFO o.a.j.t.JMeterThread: Thread finished: Stress Step Profile - 500 to 1000 VU 1-655
2026-08-16 15:28:44,076 INFO o.a.j.t.JMeterThread: Thread finished: Stress Step Profile - 500 to 1000 VU 1-506
2026-08-16 15:28:44,135 INFO o.a.j.t.JMeterThread: Thread finished: Stress Step Profile - 500 to 1000 VU 1-24
2026-08-16 15:28:44,143 INFO o.a.j.t.JMeterThread: Thread finished: Stress Step Profile - 500 to 1000 VU 1-505
2026-08-16 15:28:44,146 INFO o.a.j.t.JMeterThread: Thread finished: Stress Step Profile - 500 to 1000 VU 1-21
2026-08-16 15:28:44,370 INFO o.a.j.t.JMeterThread: Thread finished: Stress Step Profile - 500 to 1000 VU 1-809
2026-08-16 15:28:44,402 INFO o.a.j.t.JMeterThread: Thread finished: Stress Step Profile - 500 to 1000 VU 1-17
2026-08-16 15:28:44,403 INFO o.a.j.t.JMeterThread: Thread finished: Stress Step Profile - 500 to 1000 VU 1-653
2026-08-16 15:28:44,459 INFO o.a.j.t.JMeterThread: Thread finished: Stress Step Profile - 500 to 1000 VU 1-16
2026-08-16 15:28:44,585 INFO o.a.j.t.JMeterThread: Thread finished: Stress Step Profile - 500 to 1000 VU 1-20
2026-08-16 15:28:44,609 INFO o.a.j.t.JMeterThread: Thread finished: Stress Step Profile - 500 to 1000 VU 1-657
2026-08-16 15:28:44,627 INFO o.a.j.t.JMeterThread: Thread finished: Stress Step Profile - 500 to 1000 VU 1-13
2026-08-16 15:28:44,630 INFO o.a.j.t.JMeterThread: Thread finished: Stress Step Profile - 500 to 1000 VU 1-23
2026-08-16 15:28:44,667 INFO o.a.j.t.JMeterThread: Thread finished: Stress Step Profile - 500 to 1000 VU 1-8
2026-08-16 15:28:44,738 INFO o.a.j.t.JMeterThread: Thread finished: Stress Step Profile - 500 to 1000 VU 1-507
2026-08-16 15:28:44,856 INFO o.a.j.t.JMeterThread: Thread finished: Stress Step Profile - 500 to 1000 VU 1-802
2026-08-16 15:28:44,886 INFO o.a.j.t.JMeterThread: Thread finished: Stress Step Profile - 500 to 1000 VU 1-12
2026-08-16 15:28:44,958 INFO o.a.j.t.JMeterThread: Thread finished: Stress Step Profile - 500 to 1000 VU 1-806
2026-08-16 15:28:45,015 INFO o.a.j.t.JMeterThread: Thread finished: Stress Step Profile - 500 to 1000 VU 1-654
2026-08-16 15:28:45,020 INFO o.a.j.t.JMeterThread: Thread finished: Stress Step Profile - 500 to 1000 VU 1-6
2026-08-16 15:28:45,312 INFO o.a.j.t.JMeterThread: Thread finished: Stress Step Profile - 500 to 1000 VU 1-2
2026-08-16 15:28:45,356 INFO o.a.j.t.JMeterThread: Thread finished: Stress Step Profile - 500 to 1000 VU 1-14
2026-08-16 15:28:45,417 INFO o.a.j.t.JMeterThread: Thread finished: Stress Step Profile - 500 to 1000 VU 1-804
2026-08-16 15:28:45,448 INFO o.a.j.t.JMeterThread: Thread finished: Stress Step Profile - 500 to 1000 VU 1-805
2026-08-16 15:28:45,465 INFO o.a.j.t.JMeterThread: Thread finished: Stress Step Profile - 500 to 1000 VU 1-7
2026-08-16 15:28:45,554 INFO o.a.j.t.JMeterThread: Thread finished: Stress Step Profile - 500 to 1000 VU 1-11
2026-08-16 15:28:45,578 INFO o.a.j.t.JMeterThread: Thread finished: Stress Step Profile - 500 to 1000 VU 1-801
2026-08-16 15:28:45,769 INFO o.a.j.t.JMeterThread: Thread finished: Stress Step Profile - 500 to 1000 VU 1-501
2026-08-16 15:28:45,815 INFO o.a.j.t.JMeterThread: Thread finished: Stress Step Profile - 500 to 1000 VU 1-9
2026-08-16 15:28:45,822 INFO o.a.j.t.JMeterThread: Thread finished: Stress Step Profile - 500 to 1000 VU 1-651
2026-08-16 15:28:45,905 INFO o.a.j.t.JMeterThread: Thread finished: Stress Step Profile - 500 to 1000 VU 1-503
2026-08-16 15:28:45,945 INFO o.a.j.t.JMeterThread: Thread finished: Stress Step Profile - 500 to 1000 VU 1-504
2026-08-16 15:28:46,043 INFO o.a.j.t.JMeterThread: Thread finished: Stress Step Profile - 500 to 1000 VU 1-5
2026-08-16 15:28:46,235 INFO o.a.j.t.JMeterThread: Thread finished: Stress Step Profile - 500 to 1000 VU 1-803
2026-08-16 15:28:46,329 INFO o.a.j.t.JMeterThread: Thread finished: Stress Step Profile - 500 to 1000 VU 1-3
2026-08-16 15:28:46,501 INFO o.a.j.t.JMeterThread: Thread finished: Stress Step Profile - 500 to 1000 VU 1-502
2026-08-16 15:28:46,762 INFO o.a.j.t.JMeterThread: Thread finished: Stress Step Profile - 500 to 1000 VU 1-4
2026-08-16 15:28:46,784 INFO o.a.j.t.JMeterThread: Thread finished: Stress Step Profile - 500 to 1000 VU 1-652
2026-08-16 15:28:46,945 INFO o.a.j.t.JMeterThread: Thread finished: Stress Step Profile - 500 to 1000 VU 1-1
2026-08-16 15:28:46,945 INFO o.a.j.e.StandardJMeterEngine: Notifying test listeners of end of test
2026-08-16 15:28:46,947 INFO o.a.j.r.Summariser: summary +    271 in 00:00:17 =   16.0/s Avg:  3776 Min:     1 Max: 10516 Err:     0 (0.00%) Active: 0 Started: 1000 Finished: 1000
2026-08-16 15:28:46,947 INFO o.a.j.r.Summariser: summary =   1000 in 00:13:00 =    1.3/s Avg:  3889 Min:     1 Max: 10516 Err:     0 (0.00%)
2026-08-16 15:28:46,947 INFO o.a.j.JMeter: Generating Dashboard
2026-08-16 15:28:46,947 INFO o.a.j.r.d.ReportGenerator: Flushing result collector before report Generation
2026-08-16 15:28:46,983 INFO o.a.j.r.p.NormalizerSampleConsumer: Using format, 'ms', to parse timeStamp field
2026-08-16 15:28:50,073 INFO o.a.j.r.p.AbstractSampleConsumer: class org.apache.jmeter.report.processor.AggregateConsumer#stopProducing(): beginDate produced 0 samples
2026-08-16 15:28:50,073 INFO o.a.j.r.p.AbstractSampleConsumer: class org.apache.jmeter.report.processor.AggregateConsumer#stopProducing(): endDate produced 0 samples
2026-08-16 15:28:50,073 INFO o.a.j.r.p.AbstractSampleConsumer: class org.apache.jmeter.report.processor.ApdexSummaryConsumer#stopProducing(): apdexSummary produced 0 samples
2026-08-16 15:28:50,073 INFO o.a.j.r.p.AbstractSampleConsumer: class org.apache.jmeter.report.processor.RequestsSummaryConsumer#stopProducing(): requestsSummary produced 0 samples
2026-08-16 15:28:50,090 INFO o.a.j.r.p.AbstractSampleConsumer: class org.apache.jmeter.report.processor.StatisticsSummaryConsumer#stopProducing(): statisticsSummary produced 0 samples
2026-08-16 15:28:50,092 INFO o.a.j.r.p.AbstractSampleConsumer: class org.apache.jmeter.report.processor.Top5ErrorsBySamplerConsumer#stopProducing(): top5ErrorsBySampler produced 0 samples
2026-08-16 15:28:50,092 INFO o.a.j.r.p.AbstractSampleConsumer: class org.apache.jmeter.report.processor.ErrorsSummaryConsumer#stopProducing(): errorsSummary produced 0 samples
2026-08-16 15:28:50,092 INFO o.a.j.r.p.AbstractSampleConsumer: class org.apache.jmeter.report.processor.graph.impl.HitsPerSecondGraphConsumer#stopProducing(): hitsPerSecond produced 0 samples
2026-08-16 15:28:51,522 INFO o.a.j.r.p.AbstractSampleConsumer: class org.apache.jmeter.report.processor.graph.impl.LatencyVSRequestGraphConsumer#stopProducing(): latencyVsRequest produced 0 samples
2026-08-16 15:28:51,522 INFO o.a.j.r.p.AbstractSampleConsumer: class org.apache.jmeter.report.processor.graph.impl.SyntheticResponseTimeDistributionGraphConsumer#stopProducing(): syntheticResponseTimeDistribution produced 0 samples
2026-08-16 15:28:51,522 INFO o.a.j.r.p.AbstractSampleConsumer: class org.apache.jmeter.report.processor.graph.impl.BytesThroughputGraphConsumer#stopProducing(): bytesThroughputOverTime produced 0 samples
2026-08-16 15:28:51,522 INFO o.a.j.r.p.AbstractSampleConsumer: class org.apache.jmeter.report.processor.graph.impl.CodesPerSecondGraphConsumer#stopProducing(): codesPerSecond produced 0 samples
2026-08-16 15:28:52,957 INFO o.a.j.r.p.AbstractSampleConsumer: class org.apache.jmeter.report.processor.graph.impl.ResponseTimeVSRequestGraphConsumer#stopProducing(): responseTimeVsRequest produced 0 samples
2026-08-16 15:28:52,960 INFO o.a.j.r.p.AbstractSampleConsumer: class org.apache.jmeter.report.processor.FilterConsumer#stopProducing(): startIntervalControlerFilter produced 2232055 samples
2026-08-16 15:28:52,960 INFO o.a.j.r.p.AbstractSampleConsumer: class org.apache.jmeter.report.processor.graph.impl.TotalTPSGraphConsumer#stopProducing(): totalTPS produced 0 samples
2026-08-16 15:28:52,960 INFO o.a.j.r.p.AbstractSampleConsumer: class org.apache.jmeter.report.processor.graph.impl.ActiveThreadsGraphConsumer#stopProducing(): activeThreadsOverTime produced 0 samples
2026-08-16 15:28:52,960 INFO o.a.j.r.p.AbstractSampleConsumer: class org.apache.jmeter.report.processor.graph.impl.TimeVSThreadGraphConsumer#stopProducing(): timeVsThreads produced 0 samples
2026-08-16 15:28:52,962 INFO o.a.j.r.p.AbstractSampleConsumer: class org.apache.jmeter.report.processor.graph.impl.ResponseTimeDistributionGraphConsumer#stopProducing(): responseTimeDistribution produced 0 samples
2026-08-16 15:28:52,962 INFO o.a.j.r.p.AbstractSampleConsumer: class org.apache.jmeter.report.processor.graph.impl.TransactionsPerSecondGraphConsumer#stopProducing(): transactionsPerSecond produced 0 samples
2026-08-16 15:28:52,962 INFO o.a.j.r.p.AbstractSampleConsumer: class org.apache.jmeter.report.processor.graph.impl.ResponseTimePercentilesGraphConsumer#stopProducing(): responseTimePercentiles produced 0 samples
2026-08-16 15:28:52,964 INFO o.a.j.r.p.AbstractSampleConsumer: class org.apache.jmeter.report.processor.graph.impl.ResponseTimePercentilesOverTimeGraphConsumer#stopProducing(): responseTimePercentilesOverTime produced 0 samples
2026-08-16 15:28:52,969 INFO o.a.j.r.p.AbstractSampleConsumer: class org.apache.jmeter.report.processor.graph.impl.ResponseTimeOverTimeGraphConsumer#stopProducing(): responseTimesOverTime produced 0 samples
2026-08-16 15:28:52,969 INFO o.a.j.r.p.AbstractSampleConsumer: class org.apache.jmeter.report.processor.graph.impl.ConnectTimeOverTimeGraphConsumer#stopProducing(): connectTimeOverTime produced 0 samples
2026-08-16 15:28:52,969 INFO o.a.j.r.p.AbstractSampleConsumer: class org.apache.jmeter.report.processor.graph.impl.LatencyOverTimeGraphConsumer#stopProducing(): latenciesOverTime produced 0 samples
2026-08-16 15:28:52,969 INFO o.a.j.r.p.AbstractSampleConsumer: class org.apache.jmeter.report.processor.FilterConsumer#stopProducing(): nameFilter produced 5570280 samples
2026-08-16 15:28:52,969 INFO o.a.j.r.p.AbstractSampleConsumer: class org.apache.jmeter.report.processor.FilterConsumer#stopProducing(): dateRangeFilter produced 1114056 samples
2026-08-16 15:28:52,969 INFO o.a.j.r.p.AbstractSampleConsumer: class org.apache.jmeter.report.processor.NormalizerSampleConsumer#stopProducing(): normalizer produced 371352 samples
2026-08-16 15:28:52,969 INFO o.a.j.r.p.CsvFileSampleSource: produce(): 371352 samples produced in 5s 975 ms on channel 0
2026-08-16 15:28:52,969 INFO o.a.j.r.d.ReportGenerator: Exporting data using exporter:'json' of className:'org.apache.jmeter.report.dashboard.JsonExporter'
2026-08-16 15:28:53,034 INFO o.a.j.r.d.JsonExporter: Found data for consumer statisticsSummary in context
2026-08-16 15:28:53,034 INFO o.a.j.r.d.JsonExporter: Creating statistics for overall
2026-08-16 15:28:53,034 INFO o.a.j.r.d.JsonExporter: Creating statistics for other transactions
2026-08-16 15:28:53,034 INFO o.a.j.r.d.JsonExporter: Checking output folder
2026-08-16 15:28:53,034 INFO o.a.j.r.d.JsonExporter: Writing statistics JSON to D:\group05_eshop\HW\week09\TheDat\results\stress\23127340_Stress_20260816_151543_html\statistics.json
2026-08-16 15:28:53,051 INFO o.a.j.r.d.ReportGenerator: Exporting data using exporter:'html' of className:'org.apache.jmeter.report.dashboard.HtmlTemplateExporter'
2026-08-16 15:28:53,051 INFO o.a.j.r.d.HtmlTemplateExporter: Will generate dashboard in folder: D:\group05_eshop\HW\week09\TheDat\results\stress\23127340_Stress_20260816_151543_html
2026-08-16 15:28:53,191 INFO o.a.j.r.d.HtmlTemplateExporter: Report will be generated in: D:\group05_eshop\HW\week09\TheDat\results\stress\23127340_Stress_20260816_151543_html, creating folder structure
2026-08-16 15:28:53,191 INFO o.a.j.r.d.TemplateVisitor: Copying folder from 'C:\tools\apache-jmeter-5.6.3\bin\report-template' to 'D:\group05_eshop\HW\week09\TheDat\results\stress\23127340_Stress_20260816_151543_html', got message: D:\group05_eshop\HW\week09\TheDat\results\stress\23127340_Stress_20260816_151543_html, found non empty folder with following content [D:\group05_eshop\HW\week09\TheDat\results\stress\23127340_Stress_20260816_151543_html\statistics.json], will be ignored
2026-08-16 15:28:53,377 INFO o.a.j.JMeter: Dashboard generated
