2026-08-16 15:04:10,931 INFO o.a.j.u.JMeterUtils: Setting Locale to en_EN
2026-08-16 15:04:10,944 INFO o.a.j.JMeter: Loading user properties from: C:\tools\apache-jmeter-5.6.3\bin\user.properties
2026-08-16 15:04:10,944 INFO o.a.j.JMeter: Loading system properties from: C:\tools\apache-jmeter-5.6.3\bin\system.properties
2026-08-16 15:04:10,944 INFO o.a.j.JMeter: Copyright (c) 1998-2024 The Apache Software Foundation
2026-08-16 15:04:10,944 INFO o.a.j.JMeter: Version 5.6.3
2026-08-16 15:04:10,944 INFO o.a.j.JMeter: java.version=21.0.11
2026-08-16 15:04:10,944 INFO o.a.j.JMeter: java.vm.name=Java HotSpot(TM) 64-Bit Server VM
2026-08-16 15:04:10,944 INFO o.a.j.JMeter: os.name=Windows 11
2026-08-16 15:04:10,952 INFO o.a.j.JMeter: os.arch=amd64
2026-08-16 15:04:10,952 INFO o.a.j.JMeter: os.version=10.0
2026-08-16 15:04:10,952 INFO o.a.j.JMeter: file.encoding=UTF-8
2026-08-16 15:04:10,952 INFO o.a.j.JMeter: java.awt.headless=true
2026-08-16 15:04:10,952 INFO o.a.j.JMeter: Max memory     =1073741824
2026-08-16 15:04:10,952 INFO o.a.j.JMeter: Available Processors =16
2026-08-16 15:04:10,957 INFO o.a.j.JMeter: Default Locale=English (EN)
2026-08-16 15:04:10,957 INFO o.a.j.JMeter: JMeter  Locale=English (EN)
2026-08-16 15:04:10,957 INFO o.a.j.JMeter: JMeterHome=C:\tools\apache-jmeter-5.6.3
2026-08-16 15:04:10,957 INFO o.a.j.JMeter: user.dir  =D:\group05_eshop
2026-08-16 15:04:10,957 INFO o.a.j.JMeter: PWD       =D:\group05_eshop
2026-08-16 15:04:10,959 INFO o.a.j.JMeter: IP: 172.16.16.28 Name: LAPTOP-MVP7T81B FullName: LAPTOP-MVP7T81B
2026-08-16 15:04:10,959 INFO o.a.j.JMeter: Setting property 'jmeter.reportgenerator.outputdir' to:'D:\group05_eshop\HW\week09\TheDat\results\load\23127340_Load_20260816_150319_html'
2026-08-16 15:04:10,969 INFO o.a.j.s.FileServer: Default base='D:\group05_eshop'
2026-08-16 15:04:10,969 INFO o.a.j.s.FileServer: Set new base='D:\group05_eshop\HW\week09\TheDat\test-plans'
2026-08-16 15:04:11,080 INFO o.a.j.s.SaveService: Testplan (JMX) version: 2.2. Testlog (JTL) version: 2.2
2026-08-16 15:04:11,092 INFO o.a.j.s.SaveService: Using SaveService properties version 5.0
2026-08-16 15:04:11,092 INFO o.a.j.s.SaveService: Using SaveService properties file encoding UTF-8
2026-08-16 15:04:11,106 INFO o.a.j.s.SaveService: Loading file: HW\week09\TheDat\test-plans\23127340_Load_20260816.jmx
2026-08-16 15:04:11,145 INFO o.a.j.p.h.s.HTTPSamplerBase: Parser for text/html is org.apache.jmeter.protocol.http.parser.LagartoBasedHtmlParser
2026-08-16 15:04:11,145 INFO o.a.j.p.h.s.HTTPSamplerBase: Parser for application/xhtml+xml is org.apache.jmeter.protocol.http.parser.LagartoBasedHtmlParser
2026-08-16 15:04:11,145 INFO o.a.j.p.h.s.HTTPSamplerBase: Parser for application/xml is org.apache.jmeter.protocol.http.parser.LagartoBasedHtmlParser
2026-08-16 15:04:11,145 INFO o.a.j.p.h.s.HTTPSamplerBase: Parser for text/xml is org.apache.jmeter.protocol.http.parser.LagartoBasedHtmlParser
2026-08-16 15:04:11,145 INFO o.a.j.p.h.s.HTTPSamplerBase: Parser for text/vnd.wap.wml is org.apache.jmeter.protocol.http.parser.RegexpHTMLParser
2026-08-16 15:04:11,145 INFO o.a.j.p.h.s.HTTPSamplerBase: Parser for text/css is org.apache.jmeter.protocol.http.parser.CssParser
2026-08-16 15:04:11,188 INFO o.a.j.JMeter: Creating summariser <summary>
2026-08-16 15:04:11,190 INFO o.a.j.r.d.ReportGenerator: ReportGenerator will use for Parsing the separator: ','
2026-08-16 15:04:11,190 INFO o.a.j.r.d.ReportGenerator: Will generate report at end of test from  results file: HW/week09/TheDat/results/load/23127340_Load_20260816_150319.jtl
2026-08-16 15:04:11,190 INFO o.a.j.r.d.ReportGenerator: Reading report generator properties from: C:\tools\apache-jmeter-5.6.3\bin\reportgenerator.properties
2026-08-16 15:04:11,198 INFO o.a.j.r.d.ReportGenerator: Merging with JMeter properties
2026-08-16 15:04:11,202 INFO o.a.j.r.c.ReportGeneratorConfiguration: Property 'jmeter.reportgenerator.temp_dir' not found, using default value 'temp' instead.
2026-08-16 15:04:11,203 INFO o.a.j.r.c.ReportGeneratorConfiguration: Property 'jmeter.reportgenerator.apdex_per_transaction' not found, using default value 'null' instead.
2026-08-16 15:04:11,203 INFO o.a.j.r.c.ReportGeneratorConfiguration: apdex_per_transaction is empty, not APDEX per transaction customization
2026-08-16 15:04:11,204 INFO o.a.j.r.c.ReportGeneratorConfiguration: Property 'jmeter.reportgenerator.sample_filter' not found, using default value 'null' instead.
2026-08-16 15:04:11,204 INFO o.a.j.r.c.ReportGeneratorConfiguration: Property 'jmeter.reportgenerator.report_title' not found, using default value 'null' instead.
2026-08-16 15:04:11,204 INFO o.a.j.r.c.ReportGeneratorConfiguration: Property 'jmeter.reportgenerator.start_date' not found, using default value 'null' instead.
2026-08-16 15:04:11,204 INFO o.a.j.r.c.ReportGeneratorConfiguration: Property 'jmeter.reportgenerator.end_date' not found, using default value 'null' instead.
2026-08-16 15:04:11,204 INFO o.a.j.r.c.ReportGeneratorConfiguration: Property 'jmeter.reportgenerator.date_format' not found, using default value 'null' instead.
2026-08-16 15:04:11,204 INFO o.a.j.r.c.ReportGeneratorConfiguration: Will use date range start date: null, end date: null
2026-08-16 15:04:11,207 INFO o.a.j.r.c.ReportGeneratorConfiguration: Property 'jmeter.reportgenerator.graph.totalTPS.exclude_controllers' not found, using default value 'false' instead.
2026-08-16 15:04:11,207 INFO o.a.j.r.c.ReportGeneratorConfiguration: Property 'jmeter.reportgenerator.graph.activeThreadsOverTime.exclude_controllers' not found, using default value 'false' instead.
2026-08-16 15:04:11,207 INFO o.a.j.r.c.ReportGeneratorConfiguration: Property 'jmeter.reportgenerator.graph.timeVsThreads.exclude_controllers' not found, using default value 'false' instead.
2026-08-16 15:04:11,207 INFO o.a.j.r.c.ReportGeneratorConfiguration: Property 'jmeter.reportgenerator.graph.responseTimeDistribution.exclude_controllers' not found, using default value 'false' instead.
2026-08-16 15:04:11,207 INFO o.a.j.r.c.ReportGeneratorConfiguration: Property 'jmeter.reportgenerator.graph.transactionsPerSecond.exclude_controllers' not found, using default value 'false' instead.
2026-08-16 15:04:11,207 INFO o.a.j.r.c.ReportGeneratorConfiguration: Property 'jmeter.reportgenerator.graph.responseTimePercentiles.exclude_controllers' not found, using default value 'false' instead.
2026-08-16 15:04:11,207 INFO o.a.j.r.c.ReportGeneratorConfiguration: Property 'jmeter.reportgenerator.graph.responseTimePercentilesOverTime.exclude_controllers' not found, using default value 'false' instead.
2026-08-16 15:04:11,207 INFO o.a.j.r.c.ReportGeneratorConfiguration: Property 'jmeter.reportgenerator.graph.responseTimesOverTime.exclude_controllers' not found, using default value 'false' instead.
2026-08-16 15:04:11,207 INFO o.a.j.r.c.ReportGeneratorConfiguration: Property 'jmeter.reportgenerator.graph.connectTimeOverTime.exclude_controllers' not found, using default value 'false' instead.
2026-08-16 15:04:11,207 INFO o.a.j.r.c.ReportGeneratorConfiguration: Property 'jmeter.reportgenerator.graph.latenciesOverTime.exclude_controllers' not found, using default value 'false' instead.
2026-08-16 15:04:11,207 INFO o.a.j.r.c.ReportGeneratorConfiguration: Property 'jmeter.reportgenerator.exporter.json.filters_only_sample_series' not found, using default value 'true' instead.
2026-08-16 15:04:11,207 INFO o.a.j.r.c.ReportGeneratorConfiguration: Property 'jmeter.reportgenerator.exporter.json.series_filter' not found, using default value '' instead.
2026-08-16 15:04:11,207 INFO o.a.j.r.c.ReportGeneratorConfiguration: Property 'jmeter.reportgenerator.exporter.json.show_controllers_only' not found, using default value 'false' instead.
2026-08-16 15:04:11,207 INFO o.a.j.r.c.ReportGeneratorConfiguration: Property 'jmeter.reportgenerator.exporter.html.filters_only_sample_series' not found, using default value 'true' instead.
2026-08-16 15:04:11,207 INFO o.a.j.r.c.ReportGeneratorConfiguration: Property 'jmeter.reportgenerator.exporter.html.series_filter' not found, using default value '' instead.
2026-08-16 15:04:11,207 INFO o.a.j.r.c.ReportGeneratorConfiguration: Property 'jmeter.reportgenerator.exporter.html.show_controllers_only' not found, using default value 'false' instead.
2026-08-16 15:04:11,216 INFO o.a.j.e.StandardJMeterEngine: Running the test!
2026-08-16 15:04:11,216 INFO o.a.j.s.SampleEvent: List of sample_variables: []
2026-08-16 15:04:11,216 INFO o.a.j.s.SampleEvent: List of sample_variables: []
2026-08-16 15:04:11,223 INFO o.a.j.e.u.CompoundVariable: Note: Function class names must contain the string: '.functions.'
2026-08-16 15:04:11,223 INFO o.a.j.e.u.CompoundVariable: Note: Function class names must not contain the string: '.gui.'
2026-08-16 15:04:11,259 INFO o.a.j.r.ClassFinder: Will scan jar C:\tools\apache-jmeter-5.6.3\lib\ext\jmeter-plugins-manager-2.0.jar with filter ExtendsClassFilter [parents=[interface org.apache.jmeter.functions.Function], inner=false, contains=null, notContains=null]. Consider exposing JMeter plugins via META-INF/services, and add JMeter-Skip-Class-Scanning=true manifest attribute so JMeter can skip classfile scanning
2026-08-16 15:04:11,279 INFO o.a.j.r.ClassFinder: Will scan jar C:\tools\apache-jmeter-5.6.3\lib\ext\jmeter-plugins-manager-1.12.jar with filter ExtendsClassFilter [parents=[interface org.apache.jmeter.functions.Function], inner=false, contains=null, notContains=null]. Consider exposing JMeter plugins via META-INF/services, and add JMeter-Skip-Class-Scanning=true manifest attribute so JMeter can skip classfile scanning
2026-08-16 15:04:11,328 INFO o.a.j.r.ClassFinder: Will scan jar C:\tools\apache-jmeter-5.6.3\lib\ext\jmeter-plugins-casutg-3.1.1.jar with filter ExtendsClassFilter [parents=[interface org.apache.jmeter.functions.Function], inner=false, contains=null, notContains=null]. Consider exposing JMeter plugins via META-INF/services, and add JMeter-Skip-Class-Scanning=true manifest attribute so JMeter can skip classfile scanning
2026-08-16 15:04:11,480 INFO o.a.j.JMeter: Running test (1786867451480)
2026-08-16 15:04:11,496 INFO o.a.j.e.StandardJMeterEngine: Starting ThreadGroup: 1 : Load Profile - 500 VU
2026-08-16 15:04:11,496 INFO o.a.j.e.StandardJMeterEngine: Starting 500 threads for group Load Profile - 500 VU.
2026-08-16 15:04:11,496 INFO o.a.j.e.StandardJMeterEngine: Thread will start next loop on error
2026-08-16 15:04:11,496 INFO k.a.j.t.AbstractSimpleThreadGroup: Starting thread group number 1 threads 500
2026-08-16 15:04:11,508 INFO o.a.j.s.SampleResult: Note: Sample TimeStamps are START times
2026-08-16 15:04:11,508 INFO o.a.j.s.SampleResult: sampleresult.default.encoding is set to UTF-8
2026-08-16 15:04:11,508 INFO o.a.j.s.SampleResult: sampleresult.useNanoTime=true
2026-08-16 15:04:11,508 INFO o.a.j.s.SampleResult: sampleresult.nanoThreadSleep=5000
2026-08-16 15:04:11,686 INFO k.a.j.t.AbstractSimpleThreadGroup: Started thread group number 1
2026-08-16 15:04:11,686 INFO o.a.j.e.StandardJMeterEngine: All thread groups have been started
2026-08-16 15:04:11,738 INFO o.a.j.t.JMeterThread: Thread started: Load Profile - 500 VU 1-500
2026-08-16 15:04:11,978 INFO o.a.j.t.JMeterThread: Thread started: Load Profile - 500 VU 1-499
2026-08-16 15:04:12,217 INFO o.a.j.t.JMeterThread: Thread started: Load Profile - 500 VU 1-498
2026-08-16 15:04:12,459 INFO o.a.j.t.JMeterThread: Thread started: Load Profile - 500 VU 1-497
2026-08-16 15:04:12,572 INFO o.a.j.p.h.s.HTTPHCAbstractImpl: Local host = LAPTOP-MVP7T81B
2026-08-16 15:04:12,575 INFO o.a.j.p.h.s.HTTPHC4Impl: HTTP request retry count = 0
2026-08-16 15:04:12,697 INFO o.a.j.t.JMeterThread: Thread started: Load Profile - 500 VU 1-496
2026-08-16 15:04:12,938 INFO o.a.j.t.JMeterThread: Thread started: Load Profile - 500 VU 1-495
2026-08-16 15:04:13,176 INFO o.a.j.t.JMeterThread: Thread started: Load Profile - 500 VU 1-494
2026-08-16 15:04:13,417 INFO o.a.j.t.JMeterThread: Thread started: Load Profile - 500 VU 1-493
2026-08-16 15:04:13,656 INFO o.a.j.t.JMeterThread: Thread started: Load Profile - 500 VU 1-492
2026-08-16 15:04:13,897 INFO o.a.j.t.JMeterThread: Thread started: Load Profile - 500 VU 1-491
2026-08-16 15:04:14,136 INFO o.a.j.t.JMeterThread: Thread started: Load Profile - 500 VU 1-490
2026-08-16 15:04:14,376 INFO o.a.j.t.JMeterThread: Thread started: Load Profile - 500 VU 1-489
2026-08-16 15:04:14,616 INFO o.a.j.t.JMeterThread: Thread started: Load Profile - 500 VU 1-488
2026-08-16 15:04:14,857 INFO o.a.j.t.JMeterThread: Thread started: Load Profile - 500 VU 1-487
2026-08-16 15:04:15,096 INFO o.a.j.t.JMeterThread: Thread started: Load Profile - 500 VU 1-486
2026-08-16 15:04:15,336 INFO o.a.j.t.JMeterThread: Thread started: Load Profile - 500 VU 1-485
2026-08-16 15:04:15,577 INFO o.a.j.t.JMeterThread: Thread started: Load Profile - 500 VU 1-484
2026-08-16 15:04:15,816 INFO o.a.j.t.JMeterThread: Thread started: Load Profile - 500 VU 1-483
2026-08-16 15:04:16,056 INFO o.a.j.t.JMeterThread: Thread started: Load Profile - 500 VU 1-482
2026-08-16 15:04:16,296 INFO o.a.j.t.JMeterThread: Thread started: Load Profile - 500 VU 1-481
2026-08-16 15:04:16,536 INFO o.a.j.t.JMeterThread: Thread started: Load Profile - 500 VU 1-480
2026-08-16 15:04:16,776 INFO o.a.j.t.JMeterThread: Thread started: Load Profile - 500 VU 1-479
2026-08-16 15:04:17,017 INFO o.a.j.t.JMeterThread: Thread started: Load Profile - 500 VU 1-478
2026-08-16 15:04:17,256 INFO o.a.j.t.JMeterThread: Thread started: Load Profile - 500 VU 1-477
2026-08-16 15:04:17,496 INFO o.a.j.t.JMeterThread: Thread started: Load Profile - 500 VU 1-476
2026-08-16 15:04:17,737 INFO o.a.j.t.JMeterThread: Thread started: Load Profile - 500 VU 1-475
2026-08-16 15:04:17,976 INFO o.a.j.t.JMeterThread: Thread started: Load Profile - 500 VU 1-474
2026-08-16 15:04:18,216 INFO o.a.j.t.JMeterThread: Thread started: Load Profile - 500 VU 1-473
2026-08-16 15:04:18,456 INFO o.a.j.t.JMeterThread: Thread started: Load Profile - 500 VU 1-472
2026-08-16 15:04:18,698 INFO o.a.j.t.JMeterThread: Thread started: Load Profile - 500 VU 1-471
2026-08-16 15:04:18,937 INFO o.a.j.t.JMeterThread: Thread started: Load Profile - 500 VU 1-470
2026-08-16 15:04:19,177 INFO o.a.j.t.JMeterThread: Thread started: Load Profile - 500 VU 1-469
2026-08-16 15:04:19,416 INFO o.a.j.t.JMeterThread: Thread started: Load Profile - 500 VU 1-468
2026-08-16 15:04:19,656 INFO o.a.j.t.JMeterThread: Thread started: Load Profile - 500 VU 1-467
2026-08-16 15:04:19,897 INFO o.a.j.t.JMeterThread: Thread started: Load Profile - 500 VU 1-466
2026-08-16 15:04:20,137 INFO o.a.j.t.JMeterThread: Thread started: Load Profile - 500 VU 1-465
2026-08-16 15:04:20,377 INFO o.a.j.t.JMeterThread: Thread started: Load Profile - 500 VU 1-464
2026-08-16 15:04:20,535 INFO o.a.j.u.JsseSSLManager: Using default SSL protocol: TLS
2026-08-16 15:04:20,535 INFO o.a.j.u.JsseSSLManager: SSL session context: per-thread
2026-08-16 15:04:20,617 INFO o.a.j.t.JMeterThread: Thread started: Load Profile - 500 VU 1-463
2026-08-16 15:04:20,856 INFO o.a.j.t.JMeterThread: Thread started: Load Profile - 500 VU 1-462
2026-08-16 15:04:21,096 INFO o.a.j.t.JMeterThread: Thread started: Load Profile - 500 VU 1-461
2026-08-16 15:04:21,336 INFO o.a.j.t.JMeterThread: Thread started: Load Profile - 500 VU 1-460
2026-08-16 15:04:21,576 INFO o.a.j.t.JMeterThread: Thread started: Load Profile - 500 VU 1-459
2026-08-16 15:04:21,817 INFO o.a.j.t.JMeterThread: Thread started: Load Profile - 500 VU 1-458
2026-08-16 15:04:22,057 INFO o.a.j.t.JMeterThread: Thread started: Load Profile - 500 VU 1-457
2026-08-16 15:04:22,296 INFO o.a.j.t.JMeterThread: Thread started: Load Profile - 500 VU 1-456
2026-08-16 15:04:22,536 INFO o.a.j.t.JMeterThread: Thread started: Load Profile - 500 VU 1-455
2026-08-16 15:04:22,777 INFO o.a.j.t.JMeterThread: Thread started: Load Profile - 500 VU 1-454
2026-08-16 15:04:23,016 INFO o.a.j.t.JMeterThread: Thread started: Load Profile - 500 VU 1-453
2026-08-16 15:04:23,256 INFO o.a.j.t.JMeterThread: Thread started: Load Profile - 500 VU 1-452
2026-08-16 15:04:23,496 INFO o.a.j.t.JMeterThread: Thread started: Load Profile - 500 VU 1-451
2026-08-16 15:04:23,737 INFO o.a.j.t.JMeterThread: Thread started: Load Profile - 500 VU 1-450
2026-08-16 15:04:23,977 INFO o.a.j.t.JMeterThread: Thread started: Load Profile - 500 VU 1-449
2026-08-16 15:04:24,217 INFO o.a.j.t.JMeterThread: Thread started: Load Profile - 500 VU 1-448
2026-08-16 15:04:24,458 INFO o.a.j.t.JMeterThread: Thread started: Load Profile - 500 VU 1-447
2026-08-16 15:04:24,697 INFO o.a.j.t.JMeterThread: Thread started: Load Profile - 500 VU 1-446
2026-08-16 15:04:24,937 INFO o.a.j.t.JMeterThread: Thread started: Load Profile - 500 VU 1-445
2026-08-16 15:04:25,177 INFO o.a.j.t.JMeterThread: Thread started: Load Profile - 500 VU 1-444
2026-08-16 15:04:25,416 INFO o.a.j.t.JMeterThread: Thread started: Load Profile - 500 VU 1-443
2026-08-16 15:04:25,657 INFO o.a.j.t.JMeterThread: Thread started: Load Profile - 500 VU 1-442
2026-08-16 15:04:25,896 INFO o.a.j.t.JMeterThread: Thread started: Load Profile - 500 VU 1-441
2026-08-16 15:04:26,136 INFO o.a.j.t.JMeterThread: Thread started: Load Profile - 500 VU 1-440
2026-08-16 15:04:26,376 INFO o.a.j.t.JMeterThread: Thread started: Load Profile - 500 VU 1-439
2026-08-16 15:04:26,617 INFO o.a.j.t.JMeterThread: Thread started: Load Profile - 500 VU 1-438
2026-08-16 15:04:26,856 INFO o.a.j.t.JMeterThread: Thread started: Load Profile - 500 VU 1-437
2026-08-16 15:04:27,097 INFO o.a.j.t.JMeterThread: Thread started: Load Profile - 500 VU 1-436
2026-08-16 15:04:27,336 INFO o.a.j.t.JMeterThread: Thread started: Load Profile - 500 VU 1-435
2026-08-16 15:04:27,577 INFO o.a.j.t.JMeterThread: Thread started: Load Profile - 500 VU 1-434
2026-08-16 15:04:27,816 INFO o.a.j.t.JMeterThread: Thread started: Load Profile - 500 VU 1-433
2026-08-16 15:04:28,057 INFO o.a.j.t.JMeterThread: Thread started: Load Profile - 500 VU 1-432
2026-08-16 15:04:28,296 INFO o.a.j.t.JMeterThread: Thread started: Load Profile - 500 VU 1-431
2026-08-16 15:04:28,537 INFO o.a.j.t.JMeterThread: Thread started: Load Profile - 500 VU 1-430
2026-08-16 15:04:28,776 INFO o.a.j.t.JMeterThread: Thread started: Load Profile - 500 VU 1-429
2026-08-16 15:04:29,016 INFO o.a.j.t.JMeterThread: Thread started: Load Profile - 500 VU 1-428
2026-08-16 15:04:29,257 INFO o.a.j.t.JMeterThread: Thread started: Load Profile - 500 VU 1-427
2026-08-16 15:04:29,497 INFO o.a.j.t.JMeterThread: Thread started: Load Profile - 500 VU 1-426
2026-08-16 15:04:29,737 INFO o.a.j.t.JMeterThread: Thread started: Load Profile - 500 VU 1-425
2026-08-16 15:04:29,977 INFO o.a.j.t.JMeterThread: Thread started: Load Profile - 500 VU 1-424
2026-08-16 15:04:30,217 INFO o.a.j.t.JMeterThread: Thread started: Load Profile - 500 VU 1-423
2026-08-16 15:04:30,457 INFO o.a.j.t.JMeterThread: Thread started: Load Profile - 500 VU 1-422
2026-08-16 15:04:30,697 INFO o.a.j.t.JMeterThread: Thread started: Load Profile - 500 VU 1-421
2026-08-16 15:04:30,937 INFO o.a.j.t.JMeterThread: Thread started: Load Profile - 500 VU 1-420
2026-08-16 15:04:31,176 INFO o.a.j.t.JMeterThread: Thread started: Load Profile - 500 VU 1-419
2026-08-16 15:04:31,417 INFO o.a.j.t.JMeterThread: Thread started: Load Profile - 500 VU 1-418
2026-08-16 15:04:31,657 INFO o.a.j.t.JMeterThread: Thread started: Load Profile - 500 VU 1-417
2026-08-16 15:04:31,897 INFO o.a.j.t.JMeterThread: Thread started: Load Profile - 500 VU 1-416
2026-08-16 15:04:32,136 INFO o.a.j.t.JMeterThread: Thread started: Load Profile - 500 VU 1-415
2026-08-16 15:04:32,377 INFO o.a.j.t.JMeterThread: Thread started: Load Profile - 500 VU 1-414
2026-08-16 15:04:32,616 INFO o.a.j.t.JMeterThread: Thread started: Load Profile - 500 VU 1-413
2026-08-16 15:04:32,856 INFO o.a.j.t.JMeterThread: Thread started: Load Profile - 500 VU 1-412
2026-08-16 15:04:33,097 INFO o.a.j.t.JMeterThread: Thread started: Load Profile - 500 VU 1-411
2026-08-16 15:04:33,337 INFO o.a.j.t.JMeterThread: Thread started: Load Profile - 500 VU 1-410
2026-08-16 15:04:33,576 INFO o.a.j.t.JMeterThread: Thread started: Load Profile - 500 VU 1-409
2026-08-16 15:04:33,816 INFO o.a.j.t.JMeterThread: Thread started: Load Profile - 500 VU 1-408
2026-08-16 15:04:34,056 INFO o.a.j.t.JMeterThread: Thread started: Load Profile - 500 VU 1-407
2026-08-16 15:04:34,296 INFO o.a.j.t.JMeterThread: Thread started: Load Profile - 500 VU 1-406
2026-08-16 15:04:34,536 INFO o.a.j.t.JMeterThread: Thread started: Load Profile - 500 VU 1-405
2026-08-16 15:04:34,776 INFO o.a.j.t.JMeterThread: Thread started: Load Profile - 500 VU 1-404
2026-08-16 15:04:35,017 INFO o.a.j.t.JMeterThread: Thread started: Load Profile - 500 VU 1-403
2026-08-16 15:04:35,257 INFO o.a.j.t.JMeterThread: Thread started: Load Profile - 500 VU 1-402
2026-08-16 15:04:35,497 INFO o.a.j.t.JMeterThread: Thread started: Load Profile - 500 VU 1-401
2026-08-16 15:04:35,737 INFO o.a.j.t.JMeterThread: Thread started: Load Profile - 500 VU 1-400
2026-08-16 15:04:35,977 INFO o.a.j.t.JMeterThread: Thread started: Load Profile - 500 VU 1-399
2026-08-16 15:04:36,217 INFO o.a.j.t.JMeterThread: Thread started: Load Profile - 500 VU 1-398
2026-08-16 15:04:36,456 INFO o.a.j.t.JMeterThread: Thread started: Load Profile - 500 VU 1-397
2026-08-16 15:04:36,697 INFO o.a.j.t.JMeterThread: Thread started: Load Profile - 500 VU 1-396
2026-08-16 15:04:36,936 INFO o.a.j.t.JMeterThread: Thread started: Load Profile - 500 VU 1-395
2026-08-16 15:04:37,176 INFO o.a.j.t.JMeterThread: Thread started: Load Profile - 500 VU 1-394
2026-08-16 15:04:37,416 INFO o.a.j.t.JMeterThread: Thread started: Load Profile - 500 VU 1-393
2026-08-16 15:04:37,656 INFO o.a.j.t.JMeterThread: Thread started: Load Profile - 500 VU 1-392
2026-08-16 15:04:37,897 INFO o.a.j.t.JMeterThread: Thread started: Load Profile - 500 VU 1-391
2026-08-16 15:04:38,137 INFO o.a.j.t.JMeterThread: Thread started: Load Profile - 500 VU 1-390
2026-08-16 15:04:38,376 INFO o.a.j.t.JMeterThread: Thread started: Load Profile - 500 VU 1-389
2026-08-16 15:04:38,616 INFO o.a.j.t.JMeterThread: Thread started: Load Profile - 500 VU 1-388
2026-08-16 15:04:38,856 INFO o.a.j.t.JMeterThread: Thread started: Load Profile - 500 VU 1-387
2026-08-16 15:04:39,097 INFO o.a.j.t.JMeterThread: Thread started: Load Profile - 500 VU 1-386
2026-08-16 15:04:39,337 INFO o.a.j.t.JMeterThread: Thread started: Load Profile - 500 VU 1-385
2026-08-16 15:04:39,577 INFO o.a.j.t.JMeterThread: Thread started: Load Profile - 500 VU 1-384
2026-08-16 15:04:39,817 INFO o.a.j.t.JMeterThread: Thread started: Load Profile - 500 VU 1-383
2026-08-16 15:04:40,056 INFO o.a.j.t.JMeterThread: Thread started: Load Profile - 500 VU 1-382
2026-08-16 15:04:40,297 INFO o.a.j.t.JMeterThread: Thread started: Load Profile - 500 VU 1-381
2026-08-16 15:04:40,537 INFO o.a.j.t.JMeterThread: Thread started: Load Profile - 500 VU 1-380
2026-08-16 15:04:40,776 INFO o.a.j.t.JMeterThread: Thread started: Load Profile - 500 VU 1-379
2026-08-16 15:04:41,016 INFO o.a.j.t.JMeterThread: Thread started: Load Profile - 500 VU 1-378
2026-08-16 15:04:41,257 INFO o.a.j.t.JMeterThread: Thread started: Load Profile - 500 VU 1-377
2026-08-16 15:04:41,497 INFO o.a.j.t.JMeterThread: Thread started: Load Profile - 500 VU 1-376
2026-08-16 15:04:41,736 INFO o.a.j.t.JMeterThread: Thread started: Load Profile - 500 VU 1-375
2026-08-16 15:04:41,976 INFO o.a.j.t.JMeterThread: Thread started: Load Profile - 500 VU 1-374
2026-08-16 15:04:42,216 INFO o.a.j.t.JMeterThread: Thread started: Load Profile - 500 VU 1-373
2026-08-16 15:04:42,457 INFO o.a.j.t.JMeterThread: Thread started: Load Profile - 500 VU 1-372
2026-08-16 15:04:42,696 INFO o.a.j.t.JMeterThread: Thread started: Load Profile - 500 VU 1-371
2026-08-16 15:04:42,936 INFO o.a.j.t.JMeterThread: Thread started: Load Profile - 500 VU 1-370
2026-08-16 15:04:43,176 INFO o.a.j.t.JMeterThread: Thread started: Load Profile - 500 VU 1-369
2026-08-16 15:04:43,416 INFO o.a.j.t.JMeterThread: Thread started: Load Profile - 500 VU 1-368
2026-08-16 15:04:43,656 INFO o.a.j.t.JMeterThread: Thread started: Load Profile - 500 VU 1-367
2026-08-16 15:04:43,896 INFO o.a.j.t.JMeterThread: Thread started: Load Profile - 500 VU 1-366
2026-08-16 15:04:44,136 INFO o.a.j.t.JMeterThread: Thread started: Load Profile - 500 VU 1-365
2026-08-16 15:04:44,376 INFO o.a.j.t.JMeterThread: Thread started: Load Profile - 500 VU 1-364
2026-08-16 15:04:44,617 INFO o.a.j.t.JMeterThread: Thread started: Load Profile - 500 VU 1-363
2026-08-16 15:04:44,856 INFO o.a.j.t.JMeterThread: Thread started: Load Profile - 500 VU 1-362
2026-08-16 15:04:45,096 INFO o.a.j.t.JMeterThread: Thread started: Load Profile - 500 VU 1-361
2026-08-16 15:04:45,337 INFO o.a.j.t.JMeterThread: Thread started: Load Profile - 500 VU 1-360
2026-08-16 15:04:45,576 INFO o.a.j.t.JMeterThread: Thread started: Load Profile - 500 VU 1-359
2026-08-16 15:04:45,817 INFO o.a.j.t.JMeterThread: Thread started: Load Profile - 500 VU 1-358
2026-08-16 15:04:46,057 INFO o.a.j.t.JMeterThread: Thread started: Load Profile - 500 VU 1-357
2026-08-16 15:04:46,296 INFO o.a.j.t.JMeterThread: Thread started: Load Profile - 500 VU 1-356
2026-08-16 15:04:46,536 INFO o.a.j.t.JMeterThread: Thread started: Load Profile - 500 VU 1-355
2026-08-16 15:04:46,776 INFO o.a.j.t.JMeterThread: Thread started: Load Profile - 500 VU 1-354
2026-08-16 15:04:47,017 INFO o.a.j.t.JMeterThread: Thread started: Load Profile - 500 VU 1-353
2026-08-16 15:04:47,257 INFO o.a.j.t.JMeterThread: Thread started: Load Profile - 500 VU 1-352
2026-08-16 15:04:47,497 INFO o.a.j.t.JMeterThread: Thread started: Load Profile - 500 VU 1-351
2026-08-16 15:04:47,736 INFO o.a.j.t.JMeterThread: Thread started: Load Profile - 500 VU 1-350
2026-08-16 15:04:47,976 INFO o.a.j.t.JMeterThread: Thread started: Load Profile - 500 VU 1-349
2026-08-16 15:04:48,216 INFO o.a.j.t.JMeterThread: Thread started: Load Profile - 500 VU 1-348
2026-08-16 15:04:48,457 INFO o.a.j.t.JMeterThread: Thread started: Load Profile - 500 VU 1-347
2026-08-16 15:04:48,697 INFO o.a.j.t.JMeterThread: Thread started: Load Profile - 500 VU 1-346
2026-08-16 15:04:48,936 INFO o.a.j.t.JMeterThread: Thread started: Load Profile - 500 VU 1-345
2026-08-16 15:04:49,177 INFO o.a.j.t.JMeterThread: Thread started: Load Profile - 500 VU 1-344
2026-08-16 15:04:49,417 INFO o.a.j.t.JMeterThread: Thread started: Load Profile - 500 VU 1-343
2026-08-16 15:04:49,656 INFO o.a.j.t.JMeterThread: Thread started: Load Profile - 500 VU 1-342
2026-08-16 15:04:49,896 INFO o.a.j.t.JMeterThread: Thread started: Load Profile - 500 VU 1-341
2026-08-16 15:04:50,136 INFO o.a.j.t.JMeterThread: Thread started: Load Profile - 500 VU 1-340
2026-08-16 15:04:50,377 INFO o.a.j.t.JMeterThread: Thread started: Load Profile - 500 VU 1-339
2026-08-16 15:04:50,617 INFO o.a.j.t.JMeterThread: Thread started: Load Profile - 500 VU 1-338
2026-08-16 15:04:50,857 INFO o.a.j.t.JMeterThread: Thread started: Load Profile - 500 VU 1-337
2026-08-16 15:04:51,096 INFO o.a.j.t.JMeterThread: Thread started: Load Profile - 500 VU 1-336
2026-08-16 15:04:51,336 INFO o.a.j.t.JMeterThread: Thread started: Load Profile - 500 VU 1-335
2026-08-16 15:04:51,577 INFO o.a.j.t.JMeterThread: Thread started: Load Profile - 500 VU 1-334
2026-08-16 15:04:51,817 INFO o.a.j.t.JMeterThread: Thread started: Load Profile - 500 VU 1-333
2026-08-16 15:04:52,057 INFO o.a.j.t.JMeterThread: Thread started: Load Profile - 500 VU 1-332
2026-08-16 15:04:52,297 INFO o.a.j.t.JMeterThread: Thread started: Load Profile - 500 VU 1-331
2026-08-16 15:04:52,536 INFO o.a.j.t.JMeterThread: Thread started: Load Profile - 500 VU 1-330
2026-08-16 15:04:52,777 INFO o.a.j.t.JMeterThread: Thread started: Load Profile - 500 VU 1-329
2026-08-16 15:04:53,016 INFO o.a.j.t.JMeterThread: Thread started: Load Profile - 500 VU 1-328
2026-08-16 15:04:53,256 INFO o.a.j.t.JMeterThread: Thread started: Load Profile - 500 VU 1-327
2026-08-16 15:04:53,496 INFO o.a.j.t.JMeterThread: Thread started: Load Profile - 500 VU 1-326
2026-08-16 15:04:53,736 INFO o.a.j.t.JMeterThread: Thread started: Load Profile - 500 VU 1-325
2026-08-16 15:04:53,976 INFO o.a.j.t.JMeterThread: Thread started: Load Profile - 500 VU 1-324
2026-08-16 15:04:54,217 INFO o.a.j.t.JMeterThread: Thread started: Load Profile - 500 VU 1-323
2026-08-16 15:04:54,456 INFO o.a.j.t.JMeterThread: Thread started: Load Profile - 500 VU 1-322
2026-08-16 15:04:54,697 INFO o.a.j.t.JMeterThread: Thread started: Load Profile - 500 VU 1-321
2026-08-16 15:04:54,937 INFO o.a.j.t.JMeterThread: Thread started: Load Profile - 500 VU 1-320
2026-08-16 15:04:55,177 INFO o.a.j.t.JMeterThread: Thread started: Load Profile - 500 VU 1-319
2026-08-16 15:04:55,417 INFO o.a.j.t.JMeterThread: Thread started: Load Profile - 500 VU 1-318
2026-08-16 15:04:55,656 INFO o.a.j.t.JMeterThread: Thread started: Load Profile - 500 VU 1-317
2026-08-16 15:04:55,897 INFO o.a.j.t.JMeterThread: Thread started: Load Profile - 500 VU 1-316
2026-08-16 15:04:56,137 INFO o.a.j.t.JMeterThread: Thread started: Load Profile - 500 VU 1-315
2026-08-16 15:04:56,377 INFO o.a.j.t.JMeterThread: Thread started: Load Profile - 500 VU 1-314
2026-08-16 15:04:56,617 INFO o.a.j.t.JMeterThread: Thread started: Load Profile - 500 VU 1-313
2026-08-16 15:04:56,857 INFO o.a.j.t.JMeterThread: Thread started: Load Profile - 500 VU 1-312
2026-08-16 15:04:57,097 INFO o.a.j.t.JMeterThread: Thread started: Load Profile - 500 VU 1-311
2026-08-16 15:04:57,337 INFO o.a.j.t.JMeterThread: Thread started: Load Profile - 500 VU 1-310
2026-08-16 15:04:57,576 INFO o.a.j.t.JMeterThread: Thread started: Load Profile - 500 VU 1-309
2026-08-16 15:04:57,817 INFO o.a.j.t.JMeterThread: Thread started: Load Profile - 500 VU 1-308
2026-08-16 15:04:58,057 INFO o.a.j.t.JMeterThread: Thread started: Load Profile - 500 VU 1-307
2026-08-16 15:04:58,297 INFO o.a.j.t.JMeterThread: Thread started: Load Profile - 500 VU 1-306
2026-08-16 15:04:58,536 INFO o.a.j.t.JMeterThread: Thread started: Load Profile - 500 VU 1-305
2026-08-16 15:04:58,777 INFO o.a.j.t.JMeterThread: Thread started: Load Profile - 500 VU 1-304
2026-08-16 15:04:59,016 INFO o.a.j.t.JMeterThread: Thread started: Load Profile - 500 VU 1-303
2026-08-16 15:04:59,256 INFO o.a.j.t.JMeterThread: Thread started: Load Profile - 500 VU 1-302
2026-08-16 15:04:59,496 INFO o.a.j.t.JMeterThread: Thread started: Load Profile - 500 VU 1-301
2026-08-16 15:04:59,736 INFO o.a.j.t.JMeterThread: Thread started: Load Profile - 500 VU 1-300
2026-08-16 15:04:59,976 INFO o.a.j.t.JMeterThread: Thread started: Load Profile - 500 VU 1-299
2026-08-16 15:05:00,216 INFO o.a.j.t.JMeterThread: Thread started: Load Profile - 500 VU 1-298
2026-08-16 15:05:00,457 INFO o.a.j.t.JMeterThread: Thread started: Load Profile - 500 VU 1-297
2026-08-16 15:05:00,697 INFO o.a.j.t.JMeterThread: Thread started: Load Profile - 500 VU 1-296
2026-08-16 15:05:00,936 INFO o.a.j.t.JMeterThread: Thread started: Load Profile - 500 VU 1-295
2026-08-16 15:05:01,176 INFO o.a.j.t.JMeterThread: Thread started: Load Profile - 500 VU 1-294
2026-08-16 15:05:01,417 INFO o.a.j.t.JMeterThread: Thread started: Load Profile - 500 VU 1-293
2026-08-16 15:05:01,657 INFO o.a.j.t.JMeterThread: Thread started: Load Profile - 500 VU 1-292
2026-08-16 15:05:01,896 INFO o.a.j.t.JMeterThread: Thread started: Load Profile - 500 VU 1-291
2026-08-16 15:05:02,137 INFO o.a.j.t.JMeterThread: Thread started: Load Profile - 500 VU 1-290
2026-08-16 15:05:02,377 INFO o.a.j.t.JMeterThread: Thread started: Load Profile - 500 VU 1-289
2026-08-16 15:05:02,616 INFO o.a.j.t.JMeterThread: Thread started: Load Profile - 500 VU 1-288
2026-08-16 15:05:02,857 INFO o.a.j.t.JMeterThread: Thread started: Load Profile - 500 VU 1-287
2026-08-16 15:05:03,097 INFO o.a.j.t.JMeterThread: Thread started: Load Profile - 500 VU 1-286
2026-08-16 15:05:03,336 INFO o.a.j.t.JMeterThread: Thread started: Load Profile - 500 VU 1-285
2026-08-16 15:05:03,576 INFO o.a.j.t.JMeterThread: Thread started: Load Profile - 500 VU 1-284
2026-08-16 15:05:03,816 INFO o.a.j.t.JMeterThread: Thread started: Load Profile - 500 VU 1-283
2026-08-16 15:05:04,057 INFO o.a.j.t.JMeterThread: Thread started: Load Profile - 500 VU 1-282
2026-08-16 15:05:04,296 INFO o.a.j.t.JMeterThread: Thread started: Load Profile - 500 VU 1-281
2026-08-16 15:05:04,536 INFO o.a.j.t.JMeterThread: Thread started: Load Profile - 500 VU 1-280
2026-08-16 15:05:04,776 INFO o.a.j.t.JMeterThread: Thread started: Load Profile - 500 VU 1-279
2026-08-16 15:05:05,017 INFO o.a.j.t.JMeterThread: Thread started: Load Profile - 500 VU 1-278
2026-08-16 15:05:05,256 INFO o.a.j.t.JMeterThread: Thread started: Load Profile - 500 VU 1-277
2026-08-16 15:05:05,496 INFO o.a.j.t.JMeterThread: Thread started: Load Profile - 500 VU 1-276
2026-08-16 15:05:05,736 INFO o.a.j.t.JMeterThread: Thread started: Load Profile - 500 VU 1-275
2026-08-16 15:05:05,976 INFO o.a.j.t.JMeterThread: Thread started: Load Profile - 500 VU 1-274
2026-08-16 15:05:06,216 INFO o.a.j.t.JMeterThread: Thread started: Load Profile - 500 VU 1-273
2026-08-16 15:05:06,457 INFO o.a.j.t.JMeterThread: Thread started: Load Profile - 500 VU 1-272
2026-08-16 15:05:06,696 INFO o.a.j.t.JMeterThread: Thread started: Load Profile - 500 VU 1-271
2026-08-16 15:05:06,936 INFO o.a.j.t.JMeterThread: Thread started: Load Profile - 500 VU 1-270
2026-08-16 15:05:07,176 INFO o.a.j.t.JMeterThread: Thread started: Load Profile - 500 VU 1-269
2026-08-16 15:05:07,417 INFO o.a.j.t.JMeterThread: Thread started: Load Profile - 500 VU 1-268
2026-08-16 15:05:07,657 INFO o.a.j.t.JMeterThread: Thread started: Load Profile - 500 VU 1-267
2026-08-16 15:05:07,896 INFO o.a.j.t.JMeterThread: Thread started: Load Profile - 500 VU 1-266
2026-08-16 15:05:08,136 INFO o.a.j.t.JMeterThread: Thread started: Load Profile - 500 VU 1-265
2026-08-16 15:05:08,376 INFO o.a.j.t.JMeterThread: Thread started: Load Profile - 500 VU 1-264
2026-08-16 15:05:08,616 INFO o.a.j.t.JMeterThread: Thread started: Load Profile - 500 VU 1-263
2026-08-16 15:05:08,857 INFO o.a.j.t.JMeterThread: Thread started: Load Profile - 500 VU 1-262
2026-08-16 15:05:09,097 INFO o.a.j.t.JMeterThread: Thread started: Load Profile - 500 VU 1-261
2026-08-16 15:05:09,337 INFO o.a.j.t.JMeterThread: Thread started: Load Profile - 500 VU 1-260
2026-08-16 15:05:09,577 INFO o.a.j.t.JMeterThread: Thread started: Load Profile - 500 VU 1-259
2026-08-16 15:05:09,816 INFO o.a.j.t.JMeterThread: Thread started: Load Profile - 500 VU 1-258
2026-08-16 15:05:10,059 INFO o.a.j.t.JMeterThread: Thread started: Load Profile - 500 VU 1-257
2026-08-16 15:05:10,297 INFO o.a.j.t.JMeterThread: Thread started: Load Profile - 500 VU 1-256
2026-08-16 15:05:10,537 INFO o.a.j.t.JMeterThread: Thread started: Load Profile - 500 VU 1-255
2026-08-16 15:05:10,776 INFO o.a.j.t.JMeterThread: Thread started: Load Profile - 500 VU 1-254
2026-08-16 15:05:11,017 INFO o.a.j.t.JMeterThread: Thread started: Load Profile - 500 VU 1-253
2026-08-16 15:05:11,257 INFO o.a.j.t.JMeterThread: Thread started: Load Profile - 500 VU 1-252
2026-08-16 15:05:11,497 INFO o.a.j.t.JMeterThread: Thread started: Load Profile - 500 VU 1-251
2026-08-16 15:05:11,736 INFO o.a.j.t.JMeterThread: Thread started: Load Profile - 500 VU 1-250
2026-08-16 15:05:11,976 INFO o.a.j.t.JMeterThread: Thread started: Load Profile - 500 VU 1-249
2026-08-16 15:05:12,216 INFO o.a.j.t.JMeterThread: Thread started: Load Profile - 500 VU 1-248
2026-08-16 15:05:12,456 INFO o.a.j.t.JMeterThread: Thread started: Load Profile - 500 VU 1-247
2026-08-16 15:05:12,696 INFO o.a.j.t.JMeterThread: Thread started: Load Profile - 500 VU 1-246
2026-08-16 15:05:12,937 INFO o.a.j.t.JMeterThread: Thread started: Load Profile - 500 VU 1-245
2026-08-16 15:05:13,177 INFO o.a.j.t.JMeterThread: Thread started: Load Profile - 500 VU 1-244
2026-08-16 15:05:13,417 INFO o.a.j.t.JMeterThread: Thread started: Load Profile - 500 VU 1-243
2026-08-16 15:05:13,656 INFO o.a.j.t.JMeterThread: Thread started: Load Profile - 500 VU 1-242
2026-08-16 15:05:13,897 INFO o.a.j.t.JMeterThread: Thread started: Load Profile - 500 VU 1-241
2026-08-16 15:05:14,136 INFO o.a.j.t.JMeterThread: Thread started: Load Profile - 500 VU 1-240
2026-08-16 15:05:14,377 INFO o.a.j.t.JMeterThread: Thread started: Load Profile - 500 VU 1-239
2026-08-16 15:05:14,617 INFO o.a.j.t.JMeterThread: Thread started: Load Profile - 500 VU 1-238
2026-08-16 15:05:14,856 INFO o.a.j.t.JMeterThread: Thread started: Load Profile - 500 VU 1-237
2026-08-16 15:05:15,097 INFO o.a.j.t.JMeterThread: Thread started: Load Profile - 500 VU 1-236
2026-08-16 15:05:15,336 INFO o.a.j.t.JMeterThread: Thread started: Load Profile - 500 VU 1-235
2026-08-16 15:05:15,577 INFO o.a.j.t.JMeterThread: Thread started: Load Profile - 500 VU 1-234
2026-08-16 15:05:15,816 INFO o.a.j.t.JMeterThread: Thread started: Load Profile - 500 VU 1-233
2026-08-16 15:05:16,056 INFO o.a.j.t.JMeterThread: Thread started: Load Profile - 500 VU 1-232
2026-08-16 15:05:16,296 INFO o.a.j.t.JMeterThread: Thread started: Load Profile - 500 VU 1-231
2026-08-16 15:05:16,536 INFO o.a.j.t.JMeterThread: Thread started: Load Profile - 500 VU 1-230
2026-08-16 15:05:16,776 INFO o.a.j.t.JMeterThread: Thread started: Load Profile - 500 VU 1-229
2026-08-16 15:05:17,017 INFO o.a.j.t.JMeterThread: Thread started: Load Profile - 500 VU 1-228
2026-08-16 15:05:17,256 INFO o.a.j.t.JMeterThread: Thread started: Load Profile - 500 VU 1-227
2026-08-16 15:05:17,496 INFO o.a.j.t.JMeterThread: Thread started: Load Profile - 500 VU 1-226
2026-08-16 15:05:17,738 INFO o.a.j.t.JMeterThread: Thread started: Load Profile - 500 VU 1-225
2026-08-16 15:05:17,977 INFO o.a.j.t.JMeterThread: Thread started: Load Profile - 500 VU 1-224
2026-08-16 15:05:18,216 INFO o.a.j.t.JMeterThread: Thread started: Load Profile - 500 VU 1-223
2026-08-16 15:05:18,456 INFO o.a.j.t.JMeterThread: Thread started: Load Profile - 500 VU 1-222
2026-08-16 15:05:18,697 INFO o.a.j.t.JMeterThread: Thread started: Load Profile - 500 VU 1-221
2026-08-16 15:05:18,936 INFO o.a.j.t.JMeterThread: Thread started: Load Profile - 500 VU 1-220
2026-08-16 15:05:19,176 INFO o.a.j.t.JMeterThread: Thread started: Load Profile - 500 VU 1-219
2026-08-16 15:05:19,416 INFO o.a.j.t.JMeterThread: Thread started: Load Profile - 500 VU 1-218
2026-08-16 15:05:19,656 INFO o.a.j.t.JMeterThread: Thread started: Load Profile - 500 VU 1-217
2026-08-16 15:05:19,896 INFO o.a.j.t.JMeterThread: Thread started: Load Profile - 500 VU 1-216
2026-08-16 15:05:20,136 INFO o.a.j.t.JMeterThread: Thread started: Load Profile - 500 VU 1-215
2026-08-16 15:05:20,376 INFO o.a.j.t.JMeterThread: Thread started: Load Profile - 500 VU 1-214
2026-08-16 15:05:20,616 INFO o.a.j.t.JMeterThread: Thread started: Load Profile - 500 VU 1-213
2026-08-16 15:05:20,856 INFO o.a.j.t.JMeterThread: Thread started: Load Profile - 500 VU 1-212
2026-08-16 15:05:21,096 INFO o.a.j.t.JMeterThread: Thread started: Load Profile - 500 VU 1-211
2026-08-16 15:05:21,336 INFO o.a.j.t.JMeterThread: Thread started: Load Profile - 500 VU 1-210
2026-08-16 15:05:21,576 INFO o.a.j.t.JMeterThread: Thread started: Load Profile - 500 VU 1-209
2026-08-16 15:05:21,817 INFO o.a.j.t.JMeterThread: Thread started: Load Profile - 500 VU 1-208
2026-08-16 15:05:22,057 INFO o.a.j.t.JMeterThread: Thread started: Load Profile - 500 VU 1-207
2026-08-16 15:05:22,297 INFO o.a.j.t.JMeterThread: Thread started: Load Profile - 500 VU 1-206
2026-08-16 15:05:22,537 INFO o.a.j.t.JMeterThread: Thread started: Load Profile - 500 VU 1-205
2026-08-16 15:05:22,776 INFO o.a.j.t.JMeterThread: Thread started: Load Profile - 500 VU 1-204
2026-08-16 15:05:23,016 INFO o.a.j.t.JMeterThread: Thread started: Load Profile - 500 VU 1-203
2026-08-16 15:05:23,257 INFO o.a.j.t.JMeterThread: Thread started: Load Profile - 500 VU 1-202
2026-08-16 15:05:23,496 INFO o.a.j.t.JMeterThread: Thread started: Load Profile - 500 VU 1-201
2026-08-16 15:05:23,736 INFO o.a.j.t.JMeterThread: Thread started: Load Profile - 500 VU 1-200
2026-08-16 15:05:23,976 INFO o.a.j.t.JMeterThread: Thread started: Load Profile - 500 VU 1-199
2026-08-16 15:05:24,216 INFO o.a.j.t.JMeterThread: Thread started: Load Profile - 500 VU 1-198
2026-08-16 15:05:24,456 INFO o.a.j.t.JMeterThread: Thread started: Load Profile - 500 VU 1-197
2026-08-16 15:05:24,696 INFO o.a.j.t.JMeterThread: Thread started: Load Profile - 500 VU 1-196
2026-08-16 15:05:24,937 INFO o.a.j.t.JMeterThread: Thread started: Load Profile - 500 VU 1-195
2026-08-16 15:05:25,176 INFO o.a.j.t.JMeterThread: Thread started: Load Profile - 500 VU 1-194
2026-08-16 15:05:25,416 INFO o.a.j.t.JMeterThread: Thread started: Load Profile - 500 VU 1-193
2026-08-16 15:05:25,657 INFO o.a.j.t.JMeterThread: Thread started: Load Profile - 500 VU 1-192
2026-08-16 15:05:25,896 INFO o.a.j.t.JMeterThread: Thread started: Load Profile - 500 VU 1-191
2026-08-16 15:05:26,136 INFO o.a.j.t.JMeterThread: Thread started: Load Profile - 500 VU 1-190
2026-08-16 15:05:26,376 INFO o.a.j.t.JMeterThread: Thread started: Load Profile - 500 VU 1-189
2026-08-16 15:05:26,616 INFO o.a.j.t.JMeterThread: Thread started: Load Profile - 500 VU 1-188
2026-08-16 15:05:26,857 INFO o.a.j.t.JMeterThread: Thread started: Load Profile - 500 VU 1-187
2026-08-16 15:05:27,097 INFO o.a.j.t.JMeterThread: Thread started: Load Profile - 500 VU 1-186
2026-08-16 15:05:27,337 INFO o.a.j.t.JMeterThread: Thread started: Load Profile - 500 VU 1-185
2026-08-16 15:05:27,577 INFO o.a.j.t.JMeterThread: Thread started: Load Profile - 500 VU 1-184
2026-08-16 15:05:27,816 INFO o.a.j.t.JMeterThread: Thread started: Load Profile - 500 VU 1-183
2026-08-16 15:05:28,057 INFO o.a.j.t.JMeterThread: Thread started: Load Profile - 500 VU 1-182
2026-08-16 15:05:28,297 INFO o.a.j.t.JMeterThread: Thread started: Load Profile - 500 VU 1-181
2026-08-16 15:05:28,538 INFO o.a.j.t.JMeterThread: Thread started: Load Profile - 500 VU 1-180
2026-08-16 15:05:28,777 INFO o.a.j.t.JMeterThread: Thread started: Load Profile - 500 VU 1-179
2026-08-16 15:05:29,017 INFO o.a.j.t.JMeterThread: Thread started: Load Profile - 500 VU 1-178
2026-08-16 15:05:29,257 INFO o.a.j.t.JMeterThread: Thread started: Load Profile - 500 VU 1-177
2026-08-16 15:05:29,497 INFO o.a.j.t.JMeterThread: Thread started: Load Profile - 500 VU 1-176
2026-08-16 15:05:29,736 INFO o.a.j.t.JMeterThread: Thread started: Load Profile - 500 VU 1-175
2026-08-16 15:05:29,976 INFO o.a.j.t.JMeterThread: Thread started: Load Profile - 500 VU 1-174
2026-08-16 15:05:30,216 INFO o.a.j.t.JMeterThread: Thread started: Load Profile - 500 VU 1-173
2026-08-16 15:05:30,456 INFO o.a.j.t.JMeterThread: Thread started: Load Profile - 500 VU 1-172
2026-08-16 15:05:30,697 INFO o.a.j.t.JMeterThread: Thread started: Load Profile - 500 VU 1-171
2026-08-16 15:05:30,937 INFO o.a.j.t.JMeterThread: Thread started: Load Profile - 500 VU 1-170
2026-08-16 15:05:31,177 INFO o.a.j.t.JMeterThread: Thread started: Load Profile - 500 VU 1-169
2026-08-16 15:05:31,416 INFO o.a.j.t.JMeterThread: Thread started: Load Profile - 500 VU 1-168
2026-08-16 15:05:31,656 INFO o.a.j.t.JMeterThread: Thread started: Load Profile - 500 VU 1-167
2026-08-16 15:05:31,896 INFO o.a.j.t.JMeterThread: Thread started: Load Profile - 500 VU 1-166
2026-08-16 15:05:32,136 INFO o.a.j.t.JMeterThread: Thread started: Load Profile - 500 VU 1-165
2026-08-16 15:05:32,377 INFO o.a.j.t.JMeterThread: Thread started: Load Profile - 500 VU 1-164
2026-08-16 15:05:32,618 INFO o.a.j.t.JMeterThread: Thread started: Load Profile - 500 VU 1-163
2026-08-16 15:05:32,857 INFO o.a.j.t.JMeterThread: Thread started: Load Profile - 500 VU 1-162
2026-08-16 15:05:33,096 INFO o.a.j.t.JMeterThread: Thread started: Load Profile - 500 VU 1-161
2026-08-16 15:05:33,337 INFO o.a.j.t.JMeterThread: Thread started: Load Profile - 500 VU 1-160
2026-08-16 15:05:33,576 INFO o.a.j.t.JMeterThread: Thread started: Load Profile - 500 VU 1-159
2026-08-16 15:05:33,816 INFO o.a.j.t.JMeterThread: Thread started: Load Profile - 500 VU 1-158
2026-08-16 15:05:34,056 INFO o.a.j.t.JMeterThread: Thread started: Load Profile - 500 VU 1-157
2026-08-16 15:05:34,296 INFO o.a.j.t.JMeterThread: Thread started: Load Profile - 500 VU 1-156
2026-08-16 15:05:34,536 INFO o.a.j.t.JMeterThread: Thread started: Load Profile - 500 VU 1-155
2026-08-16 15:05:34,776 INFO o.a.j.t.JMeterThread: Thread started: Load Profile - 500 VU 1-154
2026-08-16 15:05:35,016 INFO o.a.j.t.JMeterThread: Thread started: Load Profile - 500 VU 1-153
2026-08-16 15:05:35,256 INFO o.a.j.t.JMeterThread: Thread started: Load Profile - 500 VU 1-152
2026-08-16 15:05:35,496 INFO o.a.j.t.JMeterThread: Thread started: Load Profile - 500 VU 1-151
2026-08-16 15:05:35,736 INFO o.a.j.t.JMeterThread: Thread started: Load Profile - 500 VU 1-150
2026-08-16 15:05:35,976 INFO o.a.j.t.JMeterThread: Thread started: Load Profile - 500 VU 1-149
2026-08-16 15:05:36,216 INFO o.a.j.t.JMeterThread: Thread started: Load Profile - 500 VU 1-148
2026-08-16 15:05:36,457 INFO o.a.j.t.JMeterThread: Thread started: Load Profile - 500 VU 1-147
2026-08-16 15:05:36,697 INFO o.a.j.t.JMeterThread: Thread started: Load Profile - 500 VU 1-146
2026-08-16 15:05:36,937 INFO o.a.j.t.JMeterThread: Thread started: Load Profile - 500 VU 1-145
2026-08-16 15:05:37,176 INFO o.a.j.t.JMeterThread: Thread started: Load Profile - 500 VU 1-144
2026-08-16 15:05:37,417 INFO o.a.j.t.JMeterThread: Thread started: Load Profile - 500 VU 1-143
2026-08-16 15:05:37,657 INFO o.a.j.t.JMeterThread: Thread started: Load Profile - 500 VU 1-142
2026-08-16 15:05:37,897 INFO o.a.j.t.JMeterThread: Thread started: Load Profile - 500 VU 1-141
2026-08-16 15:05:38,136 INFO o.a.j.t.JMeterThread: Thread started: Load Profile - 500 VU 1-140
2026-08-16 15:05:38,376 INFO o.a.j.t.JMeterThread: Thread started: Load Profile - 500 VU 1-139
2026-08-16 15:05:38,616 INFO o.a.j.t.JMeterThread: Thread started: Load Profile - 500 VU 1-138
2026-08-16 15:05:38,857 INFO o.a.j.t.JMeterThread: Thread started: Load Profile - 500 VU 1-137
2026-08-16 15:05:39,097 INFO o.a.j.t.JMeterThread: Thread started: Load Profile - 500 VU 1-136
2026-08-16 15:05:39,337 INFO o.a.j.t.JMeterThread: Thread started: Load Profile - 500 VU 1-135
2026-08-16 15:05:39,577 INFO o.a.j.t.JMeterThread: Thread started: Load Profile - 500 VU 1-134
2026-08-16 15:05:39,816 INFO o.a.j.t.JMeterThread: Thread started: Load Profile - 500 VU 1-133
2026-08-16 15:05:40,056 INFO o.a.j.t.JMeterThread: Thread started: Load Profile - 500 VU 1-132
2026-08-16 15:05:40,297 INFO o.a.j.t.JMeterThread: Thread started: Load Profile - 500 VU 1-131
2026-08-16 15:05:40,536 INFO o.a.j.t.JMeterThread: Thread started: Load Profile - 500 VU 1-130
2026-08-16 15:05:40,777 INFO o.a.j.t.JMeterThread: Thread started: Load Profile - 500 VU 1-129
2026-08-16 15:05:41,016 INFO o.a.j.t.JMeterThread: Thread started: Load Profile - 500 VU 1-128
2026-08-16 15:05:41,257 INFO o.a.j.t.JMeterThread: Thread started: Load Profile - 500 VU 1-127
2026-08-16 15:05:41,496 INFO o.a.j.t.JMeterThread: Thread started: Load Profile - 500 VU 1-126
2026-08-16 15:05:41,737 INFO o.a.j.t.JMeterThread: Thread started: Load Profile - 500 VU 1-125
2026-08-16 15:05:41,976 INFO o.a.j.t.JMeterThread: Thread started: Load Profile - 500 VU 1-124
2026-08-16 15:05:42,217 INFO o.a.j.t.JMeterThread: Thread started: Load Profile - 500 VU 1-123
2026-08-16 15:05:42,457 INFO o.a.j.t.JMeterThread: Thread started: Load Profile - 500 VU 1-122
2026-08-16 15:05:42,696 INFO o.a.j.t.JMeterThread: Thread started: Load Profile - 500 VU 1-121
2026-08-16 15:05:42,937 INFO o.a.j.t.JMeterThread: Thread started: Load Profile - 500 VU 1-120
2026-08-16 15:05:43,176 INFO o.a.j.t.JMeterThread: Thread started: Load Profile - 500 VU 1-119
2026-08-16 15:05:43,417 INFO o.a.j.t.JMeterThread: Thread started: Load Profile - 500 VU 1-118
2026-08-16 15:05:43,656 INFO o.a.j.t.JMeterThread: Thread started: Load Profile - 500 VU 1-117
2026-08-16 15:05:43,896 INFO o.a.j.t.JMeterThread: Thread started: Load Profile - 500 VU 1-116
2026-08-16 15:05:44,136 INFO o.a.j.t.JMeterThread: Thread started: Load Profile - 500 VU 1-115
2026-08-16 15:05:44,376 INFO o.a.j.t.JMeterThread: Thread started: Load Profile - 500 VU 1-114
2026-08-16 15:05:44,616 INFO o.a.j.t.JMeterThread: Thread started: Load Profile - 500 VU 1-113
2026-08-16 15:05:44,856 INFO o.a.j.t.JMeterThread: Thread started: Load Profile - 500 VU 1-112
2026-08-16 15:05:45,096 INFO o.a.j.t.JMeterThread: Thread started: Load Profile - 500 VU 1-111
2026-08-16 15:05:45,336 INFO o.a.j.t.JMeterThread: Thread started: Load Profile - 500 VU 1-110
2026-08-16 15:05:45,576 INFO o.a.j.t.JMeterThread: Thread started: Load Profile - 500 VU 1-109
2026-08-16 15:05:45,817 INFO o.a.j.t.JMeterThread: Thread started: Load Profile - 500 VU 1-108
2026-08-16 15:05:46,057 INFO o.a.j.t.JMeterThread: Thread started: Load Profile - 500 VU 1-107
2026-08-16 15:05:46,297 INFO o.a.j.t.JMeterThread: Thread started: Load Profile - 500 VU 1-106
2026-08-16 15:05:46,537 INFO o.a.j.t.JMeterThread: Thread started: Load Profile - 500 VU 1-105
2026-08-16 15:05:46,776 INFO o.a.j.t.JMeterThread: Thread started: Load Profile - 500 VU 1-104
2026-08-16 15:05:47,017 INFO o.a.j.t.JMeterThread: Thread started: Load Profile - 500 VU 1-103
2026-08-16 15:05:47,257 INFO o.a.j.t.JMeterThread: Thread started: Load Profile - 500 VU 1-102
2026-08-16 15:05:47,497 INFO o.a.j.t.JMeterThread: Thread started: Load Profile - 500 VU 1-101
2026-08-16 15:05:47,737 INFO o.a.j.t.JMeterThread: Thread started: Load Profile - 500 VU 1-100
2026-08-16 15:05:47,977 INFO o.a.j.t.JMeterThread: Thread started: Load Profile - 500 VU 1-99
2026-08-16 15:05:48,216 INFO o.a.j.t.JMeterThread: Thread started: Load Profile - 500 VU 1-98
2026-08-16 15:05:48,456 INFO o.a.j.t.JMeterThread: Thread started: Load Profile - 500 VU 1-97
2026-08-16 15:05:48,696 INFO o.a.j.t.JMeterThread: Thread started: Load Profile - 500 VU 1-96
2026-08-16 15:05:48,937 INFO o.a.j.t.JMeterThread: Thread started: Load Profile - 500 VU 1-95
2026-08-16 15:05:49,177 INFO o.a.j.t.JMeterThread: Thread started: Load Profile - 500 VU 1-94
2026-08-16 15:05:49,417 INFO o.a.j.t.JMeterThread: Thread started: Load Profile - 500 VU 1-93
2026-08-16 15:05:49,656 INFO o.a.j.t.JMeterThread: Thread started: Load Profile - 500 VU 1-92
2026-08-16 15:05:49,896 INFO o.a.j.t.JMeterThread: Thread started: Load Profile - 500 VU 1-91
2026-08-16 15:05:50,136 INFO o.a.j.t.JMeterThread: Thread started: Load Profile - 500 VU 1-90
2026-08-16 15:05:50,377 INFO o.a.j.t.JMeterThread: Thread started: Load Profile - 500 VU 1-89
2026-08-16 15:05:50,617 INFO o.a.j.t.JMeterThread: Thread started: Load Profile - 500 VU 1-88
2026-08-16 15:05:50,856 INFO o.a.j.t.JMeterThread: Thread started: Load Profile - 500 VU 1-87
2026-08-16 15:05:51,096 INFO o.a.j.t.JMeterThread: Thread started: Load Profile - 500 VU 1-86
2026-08-16 15:05:51,336 INFO o.a.j.t.JMeterThread: Thread started: Load Profile - 500 VU 1-85
2026-08-16 15:05:51,576 INFO o.a.j.t.JMeterThread: Thread started: Load Profile - 500 VU 1-84
2026-08-16 15:05:51,816 INFO o.a.j.t.JMeterThread: Thread started: Load Profile - 500 VU 1-83
2026-08-16 15:05:52,056 INFO o.a.j.t.JMeterThread: Thread started: Load Profile - 500 VU 1-82
2026-08-16 15:05:52,296 INFO o.a.j.t.JMeterThread: Thread started: Load Profile - 500 VU 1-81
2026-08-16 15:05:52,536 INFO o.a.j.t.JMeterThread: Thread started: Load Profile - 500 VU 1-80
2026-08-16 15:05:52,776 INFO o.a.j.t.JMeterThread: Thread started: Load Profile - 500 VU 1-79
2026-08-16 15:05:53,016 INFO o.a.j.t.JMeterThread: Thread started: Load Profile - 500 VU 1-78
2026-08-16 15:05:53,256 INFO o.a.j.t.JMeterThread: Thread started: Load Profile - 500 VU 1-77
2026-08-16 15:05:53,496 INFO o.a.j.t.JMeterThread: Thread started: Load Profile - 500 VU 1-76
2026-08-16 15:05:53,737 INFO o.a.j.t.JMeterThread: Thread started: Load Profile - 500 VU 1-75
2026-08-16 15:05:53,977 INFO o.a.j.t.JMeterThread: Thread started: Load Profile - 500 VU 1-74
2026-08-16 15:05:54,217 INFO o.a.j.t.JMeterThread: Thread started: Load Profile - 500 VU 1-73
2026-08-16 15:05:54,457 INFO o.a.j.t.JMeterThread: Thread started: Load Profile - 500 VU 1-72
2026-08-16 15:05:54,696 INFO o.a.j.t.JMeterThread: Thread started: Load Profile - 500 VU 1-71
2026-08-16 15:05:54,936 INFO o.a.j.t.JMeterThread: Thread started: Load Profile - 500 VU 1-70
2026-08-16 15:05:55,176 INFO o.a.j.t.JMeterThread: Thread started: Load Profile - 500 VU 1-69
2026-08-16 15:05:55,416 INFO o.a.j.t.JMeterThread: Thread started: Load Profile - 500 VU 1-68
2026-08-16 15:05:55,657 INFO o.a.j.t.JMeterThread: Thread started: Load Profile - 500 VU 1-67
2026-08-16 15:05:55,896 INFO o.a.j.t.JMeterThread: Thread started: Load Profile - 500 VU 1-66
2026-08-16 15:05:56,137 INFO o.a.j.t.JMeterThread: Thread started: Load Profile - 500 VU 1-65
2026-08-16 15:05:56,377 INFO o.a.j.t.JMeterThread: Thread started: Load Profile - 500 VU 1-64
2026-08-16 15:05:56,617 INFO o.a.j.t.JMeterThread: Thread started: Load Profile - 500 VU 1-63
2026-08-16 15:05:56,857 INFO o.a.j.t.JMeterThread: Thread started: Load Profile - 500 VU 1-62
2026-08-16 15:05:57,097 INFO o.a.j.t.JMeterThread: Thread started: Load Profile - 500 VU 1-61
2026-08-16 15:05:57,337 INFO o.a.j.t.JMeterThread: Thread started: Load Profile - 500 VU 1-60
2026-08-16 15:05:57,577 INFO o.a.j.t.JMeterThread: Thread started: Load Profile - 500 VU 1-59
2026-08-16 15:05:57,817 INFO o.a.j.t.JMeterThread: Thread started: Load Profile - 500 VU 1-58
2026-08-16 15:05:58,057 INFO o.a.j.t.JMeterThread: Thread started: Load Profile - 500 VU 1-57
2026-08-16 15:05:58,297 INFO o.a.j.t.JMeterThread: Thread started: Load Profile - 500 VU 1-56
2026-08-16 15:05:58,538 INFO o.a.j.t.JMeterThread: Thread started: Load Profile - 500 VU 1-55
2026-08-16 15:05:58,776 INFO o.a.j.t.JMeterThread: Thread started: Load Profile - 500 VU 1-54
2026-08-16 15:05:59,016 INFO o.a.j.t.JMeterThread: Thread started: Load Profile - 500 VU 1-53
2026-08-16 15:05:59,256 INFO o.a.j.t.JMeterThread: Thread started: Load Profile - 500 VU 1-52
2026-08-16 15:05:59,496 INFO o.a.j.t.JMeterThread: Thread started: Load Profile - 500 VU 1-51
2026-08-16 15:05:59,737 INFO o.a.j.t.JMeterThread: Thread started: Load Profile - 500 VU 1-50
2026-08-16 15:05:59,976 INFO o.a.j.t.JMeterThread: Thread started: Load Profile - 500 VU 1-49
2026-08-16 15:06:00,216 INFO o.a.j.t.JMeterThread: Thread started: Load Profile - 500 VU 1-48
2026-08-16 15:06:00,456 INFO o.a.j.t.JMeterThread: Thread started: Load Profile - 500 VU 1-47
2026-08-16 15:06:00,697 INFO o.a.j.t.JMeterThread: Thread started: Load Profile - 500 VU 1-46
2026-08-16 15:06:00,936 INFO o.a.j.t.JMeterThread: Thread started: Load Profile - 500 VU 1-45
2026-08-16 15:06:01,176 INFO o.a.j.t.JMeterThread: Thread started: Load Profile - 500 VU 1-44
2026-08-16 15:06:01,417 INFO o.a.j.t.JMeterThread: Thread started: Load Profile - 500 VU 1-43
2026-08-16 15:06:01,657 INFO o.a.j.t.JMeterThread: Thread started: Load Profile - 500 VU 1-42
2026-08-16 15:06:01,896 INFO o.a.j.t.JMeterThread: Thread started: Load Profile - 500 VU 1-41
2026-08-16 15:06:02,137 INFO o.a.j.t.JMeterThread: Thread started: Load Profile - 500 VU 1-40
2026-08-16 15:06:02,377 INFO o.a.j.t.JMeterThread: Thread started: Load Profile - 500 VU 1-39
2026-08-16 15:06:02,617 INFO o.a.j.t.JMeterThread: Thread started: Load Profile - 500 VU 1-38
2026-08-16 15:06:02,857 INFO o.a.j.t.JMeterThread: Thread started: Load Profile - 500 VU 1-37
2026-08-16 15:06:03,097 INFO o.a.j.t.JMeterThread: Thread started: Load Profile - 500 VU 1-36
2026-08-16 15:06:03,337 INFO o.a.j.t.JMeterThread: Thread started: Load Profile - 500 VU 1-35
2026-08-16 15:06:03,577 INFO o.a.j.t.JMeterThread: Thread started: Load Profile - 500 VU 1-34
2026-08-16 15:06:03,817 INFO o.a.j.t.JMeterThread: Thread started: Load Profile - 500 VU 1-33
2026-08-16 15:06:04,057 INFO o.a.j.t.JMeterThread: Thread started: Load Profile - 500 VU 1-32
2026-08-16 15:06:04,297 INFO o.a.j.t.JMeterThread: Thread started: Load Profile - 500 VU 1-31
2026-08-16 15:06:04,537 INFO o.a.j.t.JMeterThread: Thread started: Load Profile - 500 VU 1-30
2026-08-16 15:06:04,776 INFO o.a.j.t.JMeterThread: Thread started: Load Profile - 500 VU 1-29
2026-08-16 15:06:05,016 INFO o.a.j.t.JMeterThread: Thread started: Load Profile - 500 VU 1-28
2026-08-16 15:06:05,257 INFO o.a.j.t.JMeterThread: Thread started: Load Profile - 500 VU 1-27
2026-08-16 15:06:05,496 INFO o.a.j.t.JMeterThread: Thread started: Load Profile - 500 VU 1-26
2026-08-16 15:06:05,736 INFO o.a.j.t.JMeterThread: Thread started: Load Profile - 500 VU 1-25
2026-08-16 15:06:05,976 INFO o.a.j.t.JMeterThread: Thread started: Load Profile - 500 VU 1-24
2026-08-16 15:06:06,218 INFO o.a.j.t.JMeterThread: Thread started: Load Profile - 500 VU 1-23
2026-08-16 15:06:06,456 INFO o.a.j.t.JMeterThread: Thread started: Load Profile - 500 VU 1-22
2026-08-16 15:06:06,696 INFO o.a.j.t.JMeterThread: Thread started: Load Profile - 500 VU 1-21
2026-08-16 15:06:06,936 INFO o.a.j.t.JMeterThread: Thread started: Load Profile - 500 VU 1-20
2026-08-16 15:06:07,176 INFO o.a.j.t.JMeterThread: Thread started: Load Profile - 500 VU 1-19
2026-08-16 15:06:07,416 INFO o.a.j.t.JMeterThread: Thread started: Load Profile - 500 VU 1-18
2026-08-16 15:06:07,656 INFO o.a.j.t.JMeterThread: Thread started: Load Profile - 500 VU 1-17
2026-08-16 15:06:07,897 INFO o.a.j.t.JMeterThread: Thread started: Load Profile - 500 VU 1-16
2026-08-16 15:06:08,137 INFO o.a.j.t.JMeterThread: Thread started: Load Profile - 500 VU 1-15
2026-08-16 15:06:08,377 INFO o.a.j.t.JMeterThread: Thread started: Load Profile - 500 VU 1-14
2026-08-16 15:06:08,616 INFO o.a.j.t.JMeterThread: Thread started: Load Profile - 500 VU 1-13
2026-08-16 15:06:08,856 INFO o.a.j.t.JMeterThread: Thread started: Load Profile - 500 VU 1-12
2026-08-16 15:06:09,096 INFO o.a.j.t.JMeterThread: Thread started: Load Profile - 500 VU 1-11
2026-08-16 15:06:09,336 INFO o.a.j.t.JMeterThread: Thread started: Load Profile - 500 VU 1-10
2026-08-16 15:06:09,577 INFO o.a.j.t.JMeterThread: Thread started: Load Profile - 500 VU 1-9
2026-08-16 15:06:09,817 INFO o.a.j.t.JMeterThread: Thread started: Load Profile - 500 VU 1-8
2026-08-16 15:06:10,056 INFO o.a.j.t.JMeterThread: Thread started: Load Profile - 500 VU 1-7
2026-08-16 15:06:10,297 INFO o.a.j.t.JMeterThread: Thread started: Load Profile - 500 VU 1-6
2026-08-16 15:06:10,536 INFO o.a.j.t.JMeterThread: Thread started: Load Profile - 500 VU 1-5
2026-08-16 15:06:10,776 INFO o.a.j.t.JMeterThread: Thread started: Load Profile - 500 VU 1-4
2026-08-16 15:06:11,016 INFO o.a.j.t.JMeterThread: Thread started: Load Profile - 500 VU 1-3
2026-08-16 15:06:11,257 INFO o.a.j.t.JMeterThread: Thread started: Load Profile - 500 VU 1-2
2026-08-16 15:06:11,496 INFO o.a.j.t.JMeterThread: Thread started: Load Profile - 500 VU 1-1
2026-08-16 15:11:09,567 INFO o.a.j.t.JMeterThread: Thread finished: Load Profile - 500 VU 1-497
2026-08-16 15:11:09,659 INFO o.a.j.t.JMeterThread: Thread finished: Load Profile - 500 VU 1-498
2026-08-16 15:11:09,918 INFO o.a.j.t.JMeterThread: Thread finished: Load Profile - 500 VU 1-500
2026-08-16 15:11:10,226 INFO o.a.j.t.JMeterThread: Thread finished: Load Profile - 500 VU 1-499
2026-08-16 15:11:10,227 INFO o.a.j.t.JMeterThread: Thread finished: Load Profile - 500 VU 1-494
2026-08-16 15:11:11,040 INFO o.a.j.t.JMeterThread: Thread finished: Load Profile - 500 VU 1-496
2026-08-16 15:11:11,060 INFO o.a.j.t.JMeterThread: Thread finished: Load Profile - 500 VU 1-495
2026-08-16 15:11:11,458 INFO o.a.j.t.JMeterThread: Thread finished: Load Profile - 500 VU 1-493
2026-08-16 15:11:11,799 INFO o.a.j.t.JMeterThread: Thread finished: Load Profile - 500 VU 1-491
2026-08-16 15:11:11,806 INFO o.a.j.t.JMeterThread: Thread finished: Load Profile - 500 VU 1-492
2026-08-16 15:11:11,879 INFO o.a.j.t.JMeterThread: Thread finished: Load Profile - 500 VU 1-487
2026-08-16 15:11:11,998 INFO o.a.j.t.JMeterThread: Thread finished: Load Profile - 500 VU 1-489
2026-08-16 15:11:12,097 INFO o.a.j.t.JMeterThread: Thread finished: Load Profile - 500 VU 1-483
2026-08-16 15:11:12,410 INFO o.a.j.t.JMeterThread: Thread finished: Load Profile - 500 VU 1-488
2026-08-16 15:11:12,529 INFO o.a.j.t.JMeterThread: Thread finished: Load Profile - 500 VU 1-490
2026-08-16 15:11:12,649 INFO o.a.j.t.JMeterThread: Thread finished: Load Profile - 500 VU 1-474
2026-08-16 15:11:12,954 INFO o.a.j.t.JMeterThread: Thread finished: Load Profile - 500 VU 1-478
2026-08-16 15:11:12,958 INFO o.a.j.t.JMeterThread: Thread finished: Load Profile - 500 VU 1-486
2026-08-16 15:11:13,065 INFO o.a.j.t.JMeterThread: Thread finished: Load Profile - 500 VU 1-476
2026-08-16 15:11:13,067 INFO o.a.j.t.JMeterThread: Thread finished: Load Profile - 500 VU 1-479
2026-08-16 15:11:13,190 INFO o.a.j.t.JMeterThread: Thread finished: Load Profile - 500 VU 1-472
2026-08-16 15:11:13,271 INFO o.a.j.t.JMeterThread: Thread finished: Load Profile - 500 VU 1-482
2026-08-16 15:11:13,276 INFO o.a.j.t.JMeterThread: Thread finished: Load Profile - 500 VU 1-485
2026-08-16 15:11:13,292 INFO o.a.j.t.JMeterThread: Thread finished: Load Profile - 500 VU 1-484
2026-08-16 15:11:13,311 INFO o.a.j.t.JMeterThread: Thread finished: Load Profile - 500 VU 1-466
2026-08-16 15:11:13,459 INFO o.a.j.t.JMeterThread: Thread finished: Load Profile - 500 VU 1-475
2026-08-16 15:11:13,524 INFO o.a.j.t.JMeterThread: Thread finished: Load Profile - 500 VU 1-481
2026-08-16 15:11:13,634 INFO o.a.j.t.JMeterThread: Thread finished: Load Profile - 500 VU 1-470
2026-08-16 15:11:13,709 INFO o.a.j.t.JMeterThread: Thread finished: Load Profile - 500 VU 1-480
2026-08-16 15:11:13,784 INFO o.a.j.t.JMeterThread: Thread finished: Load Profile - 500 VU 1-477
2026-08-16 15:11:13,946 INFO o.a.j.t.JMeterThread: Thread finished: Load Profile - 500 VU 1-473
2026-08-16 15:11:14,230 INFO o.a.j.t.JMeterThread: Thread finished: Load Profile - 500 VU 1-460
2026-08-16 15:11:14,350 INFO o.a.j.t.JMeterThread: Thread finished: Load Profile - 500 VU 1-467
2026-08-16 15:11:14,388 INFO o.a.j.t.JMeterThread: Thread finished: Load Profile - 500 VU 1-471
2026-08-16 15:11:14,390 INFO o.a.j.t.JMeterThread: Thread finished: Load Profile - 500 VU 1-469
2026-08-16 15:11:14,581 INFO o.a.j.t.JMeterThread: Thread finished: Load Profile - 500 VU 1-457
2026-08-16 15:11:14,617 INFO o.a.j.t.JMeterThread: Thread finished: Load Profile - 500 VU 1-462
2026-08-16 15:11:14,675 INFO o.a.j.t.JMeterThread: Thread finished: Load Profile - 500 VU 1-452
2026-08-16 15:11:14,761 INFO o.a.j.t.JMeterThread: Thread finished: Load Profile - 500 VU 1-465
2026-08-16 15:11:14,833 INFO o.a.j.t.JMeterThread: Thread finished: Load Profile - 500 VU 1-458
2026-08-16 15:11:15,256 INFO o.a.j.t.JMeterThread: Thread finished: Load Profile - 500 VU 1-451
2026-08-16 15:11:15,261 INFO o.a.j.t.JMeterThread: Thread finished: Load Profile - 500 VU 1-468
2026-08-16 15:11:15,306 INFO o.a.j.t.JMeterThread: Thread finished: Load Profile - 500 VU 1-464
2026-08-16 15:11:15,846 INFO o.a.j.t.JMeterThread: Thread finished: Load Profile - 500 VU 1-461
2026-08-16 15:11:15,901 INFO o.a.j.t.JMeterThread: Thread finished: Load Profile - 500 VU 1-463
2026-08-16 15:11:16,011 INFO o.a.j.t.JMeterThread: Thread finished: Load Profile - 500 VU 1-456
2026-08-16 15:11:16,238 INFO o.a.j.t.JMeterThread: Thread finished: Load Profile - 500 VU 1-454
2026-08-16 15:11:16,355 INFO o.a.j.t.JMeterThread: Thread finished: Load Profile - 500 VU 1-453
2026-08-16 15:11:16,493 INFO o.a.j.t.JMeterThread: Thread finished: Load Profile - 500 VU 1-459
2026-08-16 15:11:16,571 INFO o.a.j.t.JMeterThread: Thread finished: Load Profile - 500 VU 1-449
2026-08-16 15:11:16,642 INFO o.a.j.t.JMeterThread: Thread finished: Load Profile - 500 VU 1-448
2026-08-16 15:11:16,644 INFO o.a.j.t.JMeterThread: Thread finished: Load Profile - 500 VU 1-447
2026-08-16 15:11:16,764 INFO o.a.j.t.JMeterThread: Thread finished: Load Profile - 500 VU 1-443
2026-08-16 15:11:16,766 INFO o.a.j.t.JMeterThread: Thread finished: Load Profile - 500 VU 1-455
2026-08-16 15:11:16,945 INFO o.a.j.t.JMeterThread: Thread finished: Load Profile - 500 VU 1-442
2026-08-16 15:11:17,159 INFO o.a.j.t.JMeterThread: Thread finished: Load Profile - 500 VU 1-438
2026-08-16 15:11:17,269 INFO o.a.j.t.JMeterThread: Thread finished: Load Profile - 500 VU 1-450
2026-08-16 15:11:17,305 INFO o.a.j.t.JMeterThread: Thread finished: Load Profile - 500 VU 1-445
2026-08-16 15:11:17,363 INFO o.a.j.t.JMeterThread: Thread finished: Load Profile - 500 VU 1-444
2026-08-16 15:11:17,422 INFO o.a.j.t.JMeterThread: Thread finished: Load Profile - 500 VU 1-430
2026-08-16 15:11:17,804 INFO o.a.j.t.JMeterThread: Thread finished: Load Profile - 500 VU 1-434
2026-08-16 15:11:17,855 INFO o.a.j.t.JMeterThread: Thread finished: Load Profile - 500 VU 1-441
2026-08-16 15:11:17,955 INFO o.a.j.t.JMeterThread: Thread finished: Load Profile - 500 VU 1-446
2026-08-16 15:11:18,221 INFO o.a.j.t.JMeterThread: Thread finished: Load Profile - 500 VU 1-435
2026-08-16 15:11:18,359 INFO o.a.j.t.JMeterThread: Thread finished: Load Profile - 500 VU 1-439
2026-08-16 15:11:18,497 INFO o.a.j.t.JMeterThread: Thread finished: Load Profile - 500 VU 1-436
2026-08-16 15:11:18,649 INFO o.a.j.t.JMeterThread: Thread finished: Load Profile - 500 VU 1-431
2026-08-16 15:11:18,679 INFO o.a.j.t.JMeterThread: Thread finished: Load Profile - 500 VU 1-437
2026-08-16 15:11:18,740 INFO o.a.j.t.JMeterThread: Thread finished: Load Profile - 500 VU 1-440
2026-08-16 15:11:19,118 INFO o.a.j.t.JMeterThread: Thread finished: Load Profile - 500 VU 1-415
2026-08-16 15:11:19,180 INFO o.a.j.t.JMeterThread: Thread finished: Load Profile - 500 VU 1-432
2026-08-16 15:11:19,305 INFO o.a.j.t.JMeterThread: Thread finished: Load Profile - 500 VU 1-428
2026-08-16 15:11:19,533 INFO o.a.j.t.JMeterThread: Thread finished: Load Profile - 500 VU 1-433
2026-08-16 15:11:19,611 INFO o.a.j.t.JMeterThread: Thread finished: Load Profile - 500 VU 1-421
2026-08-16 15:11:19,667 INFO o.a.j.t.JMeterThread: Thread finished: Load Profile - 500 VU 1-424
2026-08-16 15:11:19,677 INFO o.a.j.t.JMeterThread: Thread finished: Load Profile - 500 VU 1-420
2026-08-16 15:11:19,728 INFO o.a.j.t.JMeterThread: Thread finished: Load Profile - 500 VU 1-427
2026-08-16 15:11:19,790 INFO o.a.j.t.JMeterThread: Thread finished: Load Profile - 500 VU 1-429
2026-08-16 15:11:19,846 INFO o.a.j.t.JMeterThread: Thread finished: Load Profile - 500 VU 1-412
2026-08-16 15:11:19,912 INFO o.a.j.t.JMeterThread: Thread finished: Load Profile - 500 VU 1-422
2026-08-16 15:11:19,959 INFO o.a.j.t.JMeterThread: Thread finished: Load Profile - 500 VU 1-425
2026-08-16 15:11:20,020 INFO o.a.j.t.JMeterThread: Thread finished: Load Profile - 500 VU 1-419
2026-08-16 15:11:20,050 INFO o.a.j.t.JMeterThread: Thread finished: Load Profile - 500 VU 1-423
2026-08-16 15:11:20,081 INFO o.a.j.t.JMeterThread: Thread finished: Load Profile - 500 VU 1-408
2026-08-16 15:11:20,370 INFO o.a.j.t.JMeterThread: Thread finished: Load Profile - 500 VU 1-426
2026-08-16 15:11:20,502 INFO o.a.j.t.JMeterThread: Thread finished: Load Profile - 500 VU 1-406
2026-08-16 15:11:20,691 INFO o.a.j.t.JMeterThread: Thread finished: Load Profile - 500 VU 1-418
2026-08-16 15:11:20,701 INFO o.a.j.t.JMeterThread: Thread finished: Load Profile - 500 VU 1-417
2026-08-16 15:11:20,988 INFO o.a.j.t.JMeterThread: Thread finished: Load Profile - 500 VU 1-416
2026-08-16 15:11:21,100 INFO o.a.j.t.JMeterThread: Thread finished: Load Profile - 500 VU 1-400
2026-08-16 15:11:21,202 INFO o.a.j.t.JMeterThread: Thread finished: Load Profile - 500 VU 1-411
2026-08-16 15:11:21,213 INFO o.a.j.t.JMeterThread: Thread finished: Load Profile - 500 VU 1-413
2026-08-16 15:11:21,216 INFO o.a.j.t.JMeterThread: Thread finished: Load Profile - 500 VU 1-407
2026-08-16 15:11:21,243 INFO o.a.j.t.JMeterThread: Thread finished: Load Profile - 500 VU 1-414
2026-08-16 15:11:21,348 INFO o.a.j.t.JMeterThread: Thread finished: Load Profile - 500 VU 1-409
2026-08-16 15:11:21,727 INFO o.a.j.t.JMeterThread: Thread finished: Load Profile - 500 VU 1-403
2026-08-16 15:11:22,058 INFO o.a.j.t.JMeterThread: Thread finished: Load Profile - 500 VU 1-410
2026-08-16 15:11:22,068 INFO o.a.j.t.JMeterThread: Thread finished: Load Profile - 500 VU 1-404
2026-08-16 15:11:22,157 INFO o.a.j.t.JMeterThread: Thread finished: Load Profile - 500 VU 1-402
2026-08-16 15:11:22,297 INFO o.a.j.t.JMeterThread: Thread finished: Load Profile - 500 VU 1-405
2026-08-16 15:11:22,519 INFO o.a.j.t.JMeterThread: Thread finished: Load Profile - 500 VU 1-396
2026-08-16 15:11:22,653 INFO o.a.j.t.JMeterThread: Thread finished: Load Profile - 500 VU 1-401
2026-08-16 15:11:22,710 INFO o.a.j.t.JMeterThread: Thread finished: Load Profile - 500 VU 1-397
2026-08-16 15:11:23,006 INFO o.a.j.t.JMeterThread: Thread finished: Load Profile - 500 VU 1-391
2026-08-16 15:11:23,109 INFO o.a.j.t.JMeterThread: Thread finished: Load Profile - 500 VU 1-398
2026-08-16 15:11:23,324 INFO o.a.j.t.JMeterThread: Thread finished: Load Profile - 500 VU 1-387
2026-08-16 15:11:23,584 INFO o.a.j.t.JMeterThread: Thread finished: Load Profile - 500 VU 1-399
2026-08-16 15:11:23,655 INFO o.a.j.t.JMeterThread: Thread finished: Load Profile - 500 VU 1-395
2026-08-16 15:11:23,740 INFO o.a.j.t.JMeterThread: Thread finished: Load Profile - 500 VU 1-388
2026-08-16 15:11:23,741 INFO o.a.j.t.JMeterThread: Thread finished: Load Profile - 500 VU 1-392
2026-08-16 15:11:23,767 INFO o.a.j.t.JMeterThread: Thread finished: Load Profile - 500 VU 1-384
2026-08-16 15:11:23,768 INFO o.a.j.t.JMeterThread: Thread finished: Load Profile - 500 VU 1-381
2026-08-16 15:11:23,994 INFO o.a.j.t.JMeterThread: Thread finished: Load Profile - 500 VU 1-393
2026-08-16 15:11:24,014 INFO o.a.j.t.JMeterThread: Thread finished: Load Profile - 500 VU 1-386
2026-08-16 15:11:24,032 INFO o.a.j.t.JMeterThread: Thread finished: Load Profile - 500 VU 1-383
2026-08-16 15:11:24,133 INFO o.a.j.t.JMeterThread: Thread finished: Load Profile - 500 VU 1-390
2026-08-16 15:11:24,141 INFO o.a.j.t.JMeterThread: Thread finished: Load Profile - 500 VU 1-394
2026-08-16 15:11:24,162 INFO o.a.j.t.JMeterThread: Thread finished: Load Profile - 500 VU 1-389
2026-08-16 15:11:24,936 INFO o.a.j.t.JMeterThread: Thread finished: Load Profile - 500 VU 1-380
2026-08-16 15:11:24,948 INFO o.a.j.t.JMeterThread: Thread finished: Load Profile - 500 VU 1-379
2026-08-16 15:11:25,022 INFO o.a.j.t.JMeterThread: Thread finished: Load Profile - 500 VU 1-374
2026-08-16 15:11:25,150 INFO o.a.j.t.JMeterThread: Thread finished: Load Profile - 500 VU 1-373
2026-08-16 15:11:25,357 INFO o.a.j.t.JMeterThread: Thread finished: Load Profile - 500 VU 1-385
2026-08-16 15:11:25,481 INFO o.a.j.t.JMeterThread: Thread finished: Load Profile - 500 VU 1-378
2026-08-16 15:11:25,526 INFO o.a.j.t.JMeterThread: Thread finished: Load Profile - 500 VU 1-368
2026-08-16 15:11:25,731 INFO o.a.j.t.JMeterThread: Thread finished: Load Profile - 500 VU 1-382
2026-08-16 15:11:25,790 INFO o.a.j.t.JMeterThread: Thread finished: Load Profile - 500 VU 1-366
2026-08-16 15:11:25,813 INFO o.a.j.t.JMeterThread: Thread finished: Load Profile - 500 VU 1-371
2026-08-16 15:11:25,944 INFO o.a.j.t.JMeterThread: Thread finished: Load Profile - 500 VU 1-376
2026-08-16 15:11:26,225 INFO o.a.j.t.JMeterThread: Thread finished: Load Profile - 500 VU 1-375
2026-08-16 15:11:26,337 INFO o.a.j.t.JMeterThread: Thread finished: Load Profile - 500 VU 1-377
2026-08-16 15:11:26,679 INFO o.a.j.t.JMeterThread: Thread finished: Load Profile - 500 VU 1-372
2026-08-16 15:11:26,716 INFO o.a.j.t.JMeterThread: Thread finished: Load Profile - 500 VU 1-369
2026-08-16 15:11:26,762 INFO o.a.j.t.JMeterThread: Thread finished: Load Profile - 500 VU 1-370
2026-08-16 15:11:26,999 INFO o.a.j.t.JMeterThread: Thread finished: Load Profile - 500 VU 1-364
2026-08-16 15:11:27,037 INFO o.a.j.t.JMeterThread: Thread finished: Load Profile - 500 VU 1-358
2026-08-16 15:11:27,112 INFO o.a.j.t.JMeterThread: Thread finished: Load Profile - 500 VU 1-367
2026-08-16 15:11:27,126 INFO o.a.j.t.JMeterThread: Thread finished: Load Profile - 500 VU 1-360
2026-08-16 15:11:27,347 INFO o.a.j.t.JMeterThread: Thread finished: Load Profile - 500 VU 1-357
2026-08-16 15:11:27,596 INFO o.a.j.t.JMeterThread: Thread finished: Load Profile - 500 VU 1-365
2026-08-16 15:11:27,622 INFO o.a.j.t.JMeterThread: Thread finished: Load Profile - 500 VU 1-351
2026-08-16 15:11:27,641 INFO o.a.j.t.JMeterThread: Thread finished: Load Profile - 500 VU 1-362
2026-08-16 15:11:27,665 INFO o.a.j.t.JMeterThread: Thread finished: Load Profile - 500 VU 1-363
2026-08-16 15:11:27,696 INFO o.a.j.t.JMeterThread: Thread finished: Load Profile - 500 VU 1-353
2026-08-16 15:11:27,871 INFO o.a.j.t.JMeterThread: Thread finished: Load Profile - 500 VU 1-346
2026-08-16 15:11:27,995 INFO o.a.j.t.JMeterThread: Thread finished: Load Profile - 500 VU 1-355
2026-08-16 15:11:28,151 INFO o.a.j.t.JMeterThread: Thread finished: Load Profile - 500 VU 1-361
2026-08-16 15:11:28,212 INFO o.a.j.t.JMeterThread: Thread finished: Load Profile - 500 VU 1-359
2026-08-16 15:11:28,268 INFO o.a.j.t.JMeterThread: Thread finished: Load Profile - 500 VU 1-356
2026-08-16 15:11:28,394 INFO o.a.j.t.JMeterThread: Thread finished: Load Profile - 500 VU 1-354
2026-08-16 15:11:28,591 INFO o.a.j.t.JMeterThread: Thread finished: Load Profile - 500 VU 1-350
2026-08-16 15:11:28,650 INFO o.a.j.t.JMeterThread: Thread finished: Load Profile - 500 VU 1-347
2026-08-16 15:11:28,889 INFO o.a.j.t.JMeterThread: Thread finished: Load Profile - 500 VU 1-348
2026-08-16 15:11:29,012 INFO o.a.j.t.JMeterThread: Thread finished: Load Profile - 500 VU 1-338
2026-08-16 15:11:29,115 INFO o.a.j.t.JMeterThread: Thread finished: Load Profile - 500 VU 1-342
2026-08-16 15:11:29,256 INFO o.a.j.t.JMeterThread: Thread finished: Load Profile - 500 VU 1-352
2026-08-16 15:11:29,265 INFO o.a.j.t.JMeterThread: Thread finished: Load Profile - 500 VU 1-344
2026-08-16 15:11:29,347 INFO o.a.j.t.JMeterThread: Thread finished: Load Profile - 500 VU 1-343
2026-08-16 15:11:29,540 INFO o.a.j.t.JMeterThread: Thread finished: Load Profile - 500 VU 1-349
2026-08-16 15:11:29,729 INFO o.a.j.t.JMeterThread: Thread finished: Load Profile - 500 VU 1-333
2026-08-16 15:11:29,822 INFO o.a.j.t.JMeterThread: Thread finished: Load Profile - 500 VU 1-336
2026-08-16 15:11:30,032 INFO o.a.j.r.Summariser: summary +    162 in 00:07:19 =    0.4/s Avg:  3854 Min:     1 Max:  9766 Err:     0 (0.00%) Active: 339 Started: 500 Finished: 161
2026-08-16 15:11:30,033 INFO o.a.j.t.JMeterThread: Thread finished: Load Profile - 500 VU 1-335
2026-08-16 15:11:30,087 INFO o.a.j.t.JMeterThread: Thread finished: Load Profile - 500 VU 1-345
2026-08-16 15:11:30,124 INFO o.a.j.t.JMeterThread: Thread finished: Load Profile - 500 VU 1-332
2026-08-16 15:11:30,138 INFO o.a.j.t.JMeterThread: Thread finished: Load Profile - 500 VU 1-341
2026-08-16 15:11:30,207 INFO o.a.j.t.JMeterThread: Thread finished: Load Profile - 500 VU 1-339
2026-08-16 15:11:30,227 INFO o.a.j.t.JMeterThread: Thread finished: Load Profile - 500 VU 1-340
2026-08-16 15:11:30,270 INFO o.a.j.t.JMeterThread: Thread finished: Load Profile - 500 VU 1-329
2026-08-16 15:11:30,356 INFO o.a.j.t.JMeterThread: Thread finished: Load Profile - 500 VU 1-337
2026-08-16 15:11:30,613 INFO o.a.j.t.JMeterThread: Thread finished: Load Profile - 500 VU 1-327
2026-08-16 15:11:31,092 INFO o.a.j.t.JMeterThread: Thread finished: Load Profile - 500 VU 1-331
2026-08-16 15:11:31,163 INFO o.a.j.t.JMeterThread: Thread finished: Load Profile - 500 VU 1-326
2026-08-16 15:11:31,365 INFO o.a.j.t.JMeterThread: Thread finished: Load Profile - 500 VU 1-330
2026-08-16 15:11:31,473 INFO o.a.j.t.JMeterThread: Thread finished: Load Profile - 500 VU 1-315
2026-08-16 15:11:31,509 INFO o.a.j.t.JMeterThread: Thread finished: Load Profile - 500 VU 1-334
2026-08-16 15:11:31,516 INFO o.a.j.t.JMeterThread: Thread finished: Load Profile - 500 VU 1-328
2026-08-16 15:11:31,526 INFO o.a.j.t.JMeterThread: Thread finished: Load Profile - 500 VU 1-319
2026-08-16 15:11:31,530 INFO o.a.j.t.JMeterThread: Thread finished: Load Profile - 500 VU 1-314
2026-08-16 15:11:31,890 INFO o.a.j.t.JMeterThread: Thread finished: Load Profile - 500 VU 1-325
2026-08-16 15:11:32,020 INFO o.a.j.t.JMeterThread: Thread finished: Load Profile - 500 VU 1-320
2026-08-16 15:11:32,084 INFO o.a.j.t.JMeterThread: Thread finished: Load Profile - 500 VU 1-317
2026-08-16 15:11:32,589 INFO o.a.j.t.JMeterThread: Thread finished: Load Profile - 500 VU 1-322
2026-08-16 15:11:32,665 INFO o.a.j.t.JMeterThread: Thread finished: Load Profile - 500 VU 1-324
2026-08-16 15:11:32,671 INFO o.a.j.t.JMeterThread: Thread finished: Load Profile - 500 VU 1-323
2026-08-16 15:11:32,733 INFO o.a.j.t.JMeterThread: Thread finished: Load Profile - 500 VU 1-316
2026-08-16 15:11:32,733 INFO o.a.j.t.JMeterThread: Thread finished: Load Profile - 500 VU 1-318
2026-08-16 15:11:32,929 INFO o.a.j.t.JMeterThread: Thread finished: Load Profile - 500 VU 1-321
2026-08-16 15:11:33,083 INFO o.a.j.t.JMeterThread: Thread finished: Load Profile - 500 VU 1-310
2026-08-16 15:11:33,162 INFO o.a.j.t.JMeterThread: Thread finished: Load Profile - 500 VU 1-305
2026-08-16 15:11:33,248 INFO o.a.j.t.JMeterThread: Thread finished: Load Profile - 500 VU 1-312
2026-08-16 15:11:33,300 INFO o.a.j.t.JMeterThread: Thread finished: Load Profile - 500 VU 1-307
2026-08-16 15:11:33,472 INFO o.a.j.t.JMeterThread: Thread finished: Load Profile - 500 VU 1-313
2026-08-16 15:11:33,473 INFO o.a.j.t.JMeterThread: Thread finished: Load Profile - 500 VU 1-311
2026-08-16 15:11:33,955 INFO o.a.j.t.JMeterThread: Thread finished: Load Profile - 500 VU 1-306
2026-08-16 15:11:34,076 INFO o.a.j.t.JMeterThread: Thread finished: Load Profile - 500 VU 1-309
2026-08-16 15:11:34,194 INFO o.a.j.t.JMeterThread: Thread finished: Load Profile - 500 VU 1-297
2026-08-16 15:11:34,245 INFO o.a.j.t.JMeterThread: Thread finished: Load Profile - 500 VU 1-304
2026-08-16 15:11:34,470 INFO o.a.j.t.JMeterThread: Thread finished: Load Profile - 500 VU 1-295
2026-08-16 15:11:34,470 INFO o.a.j.t.JMeterThread: Thread finished: Load Profile - 500 VU 1-300
2026-08-16 15:11:34,471 INFO o.a.j.t.JMeterThread: Thread finished: Load Profile - 500 VU 1-308
2026-08-16 15:11:34,513 INFO o.a.j.t.JMeterThread: Thread finished: Load Profile - 500 VU 1-303
2026-08-16 15:11:34,531 INFO o.a.j.t.JMeterThread: Thread finished: Load Profile - 500 VU 1-293
2026-08-16 15:11:34,542 INFO o.a.j.t.JMeterThread: Thread finished: Load Profile - 500 VU 1-298
2026-08-16 15:11:34,630 INFO o.a.j.t.JMeterThread: Thread finished: Load Profile - 500 VU 1-296
2026-08-16 15:11:34,712 INFO o.a.j.t.JMeterThread: Thread finished: Load Profile - 500 VU 1-302
2026-08-16 15:11:35,223 INFO o.a.j.t.JMeterThread: Thread finished: Load Profile - 500 VU 1-299
2026-08-16 15:11:35,259 INFO o.a.j.t.JMeterThread: Thread finished: Load Profile - 500 VU 1-301
2026-08-16 15:11:35,322 INFO o.a.j.t.JMeterThread: Thread finished: Load Profile - 500 VU 1-294
2026-08-16 15:11:35,466 INFO o.a.j.t.JMeterThread: Thread finished: Load Profile - 500 VU 1-284
2026-08-16 15:11:35,633 INFO o.a.j.t.JMeterThread: Thread finished: Load Profile - 500 VU 1-290
2026-08-16 15:11:35,942 INFO o.a.j.t.JMeterThread: Thread finished: Load Profile - 500 VU 1-291
2026-08-16 15:11:35,952 INFO o.a.j.t.JMeterThread: Thread finished: Load Profile - 500 VU 1-292
2026-08-16 15:11:36,153 INFO o.a.j.t.JMeterThread: Thread finished: Load Profile - 500 VU 1-283
2026-08-16 15:11:36,230 INFO o.a.j.t.JMeterThread: Thread finished: Load Profile - 500 VU 1-287
2026-08-16 15:11:36,363 INFO o.a.j.t.JMeterThread: Thread finished: Load Profile - 500 VU 1-288
2026-08-16 15:11:36,376 INFO o.a.j.t.JMeterThread: Thread finished: Load Profile - 500 VU 1-271
2026-08-16 15:11:36,480 INFO o.a.j.t.JMeterThread: Thread finished: Load Profile - 500 VU 1-286
2026-08-16 15:11:36,537 INFO o.a.j.t.JMeterThread: Thread finished: Load Profile - 500 VU 1-289
2026-08-16 15:11:36,822 INFO o.a.j.t.JMeterThread: Thread finished: Load Profile - 500 VU 1-266
2026-08-16 15:11:37,043 INFO o.a.j.t.JMeterThread: Thread finished: Load Profile - 500 VU 1-285
2026-08-16 15:11:37,122 INFO o.a.j.t.JMeterThread: Thread finished: Load Profile - 500 VU 1-281
2026-08-16 15:11:37,170 INFO o.a.j.t.JMeterThread: Thread finished: Load Profile - 500 VU 1-277
2026-08-16 15:11:37,439 INFO o.a.j.t.JMeterThread: Thread finished: Load Profile - 500 VU 1-272
2026-08-16 15:11:37,453 INFO o.a.j.t.JMeterThread: Thread finished: Load Profile - 500 VU 1-268
2026-08-16 15:11:37,519 INFO o.a.j.t.JMeterThread: Thread finished: Load Profile - 500 VU 1-274
2026-08-16 15:11:37,555 INFO o.a.j.t.JMeterThread: Thread finished: Load Profile - 500 VU 1-280
2026-08-16 15:11:37,615 INFO o.a.j.t.JMeterThread: Thread finished: Load Profile - 500 VU 1-282
2026-08-16 15:11:37,632 INFO o.a.j.t.JMeterThread: Thread finished: Load Profile - 500 VU 1-270
2026-08-16 15:11:37,715 INFO o.a.j.t.JMeterThread: Thread finished: Load Profile - 500 VU 1-269
2026-08-16 15:11:37,937 INFO o.a.j.t.JMeterThread: Thread finished: Load Profile - 500 VU 1-276
2026-08-16 15:11:37,941 INFO o.a.j.t.JMeterThread: Thread finished: Load Profile - 500 VU 1-264
2026-08-16 15:11:38,055 INFO o.a.j.t.JMeterThread: Thread finished: Load Profile - 500 VU 1-278
2026-08-16 15:11:38,087 INFO o.a.j.t.JMeterThread: Thread finished: Load Profile - 500 VU 1-260
2026-08-16 15:11:38,090 INFO o.a.j.t.JMeterThread: Thread finished: Load Profile - 500 VU 1-279
2026-08-16 15:11:38,214 INFO o.a.j.t.JMeterThread: Thread finished: Load Profile - 500 VU 1-265
2026-08-16 15:11:38,215 INFO o.a.j.t.JMeterThread: Thread finished: Load Profile - 500 VU 1-275
2026-08-16 15:11:38,488 INFO o.a.j.t.JMeterThread: Thread finished: Load Profile - 500 VU 1-254
2026-08-16 15:11:38,645 INFO o.a.j.t.JMeterThread: Thread finished: Load Profile - 500 VU 1-263
2026-08-16 15:11:38,733 INFO o.a.j.t.JMeterThread: Thread finished: Load Profile - 500 VU 1-273
2026-08-16 15:11:38,944 INFO o.a.j.t.JMeterThread: Thread finished: Load Profile - 500 VU 1-267
2026-08-16 15:11:39,083 INFO o.a.j.t.JMeterThread: Thread finished: Load Profile - 500 VU 1-261
2026-08-16 15:11:39,397 INFO o.a.j.t.JMeterThread: Thread finished: Load Profile - 500 VU 1-248
2026-08-16 15:11:39,405 INFO o.a.j.t.JMeterThread: Thread finished: Load Profile - 500 VU 1-251
2026-08-16 15:11:39,429 INFO o.a.j.t.JMeterThread: Thread finished: Load Profile - 500 VU 1-262
2026-08-16 15:11:39,597 INFO o.a.j.t.JMeterThread: Thread finished: Load Profile - 500 VU 1-259
2026-08-16 15:11:39,822 INFO o.a.j.t.JMeterThread: Thread finished: Load Profile - 500 VU 1-247
2026-08-16 15:11:40,126 INFO o.a.j.t.JMeterThread: Thread finished: Load Profile - 500 VU 1-253
2026-08-16 15:11:40,127 INFO o.a.j.t.JMeterThread: Thread finished: Load Profile - 500 VU 1-256
2026-08-16 15:11:40,131 INFO o.a.j.t.JMeterThread: Thread finished: Load Profile - 500 VU 1-258
2026-08-16 15:11:40,179 INFO o.a.j.t.JMeterThread: Thread finished: Load Profile - 500 VU 1-257
2026-08-16 15:11:40,214 INFO o.a.j.t.JMeterThread: Thread finished: Load Profile - 500 VU 1-252
2026-08-16 15:11:40,266 INFO o.a.j.t.JMeterThread: Thread finished: Load Profile - 500 VU 1-243
2026-08-16 15:11:40,639 INFO o.a.j.t.JMeterThread: Thread finished: Load Profile - 500 VU 1-249
2026-08-16 15:11:40,837 INFO o.a.j.t.JMeterThread: Thread finished: Load Profile - 500 VU 1-255
2026-08-16 15:11:41,070 INFO o.a.j.t.JMeterThread: Thread finished: Load Profile - 500 VU 1-244
2026-08-16 15:11:41,071 INFO o.a.j.t.JMeterThread: Thread finished: Load Profile - 500 VU 1-242
2026-08-16 15:11:41,207 INFO o.a.j.t.JMeterThread: Thread finished: Load Profile - 500 VU 1-245
2026-08-16 15:11:41,266 INFO o.a.j.t.JMeterThread: Thread finished: Load Profile - 500 VU 1-236
2026-08-16 15:11:41,415 INFO o.a.j.t.JMeterThread: Thread finished: Load Profile - 500 VU 1-246
2026-08-16 15:11:41,445 INFO o.a.j.t.JMeterThread: Thread finished: Load Profile - 500 VU 1-239
2026-08-16 15:11:41,496 INFO o.a.j.t.JMeterThread: Thread finished: Load Profile - 500 VU 1-250
2026-08-16 15:11:41,790 INFO o.a.j.t.JMeterThread: Thread finished: Load Profile - 500 VU 1-238
2026-08-16 15:11:41,854 INFO o.a.j.t.JMeterThread: Thread finished: Load Profile - 500 VU 1-237
2026-08-16 15:11:41,967 INFO o.a.j.t.JMeterThread: Thread finished: Load Profile - 500 VU 1-235
2026-08-16 15:11:41,968 INFO o.a.j.t.JMeterThread: Thread finished: Load Profile - 500 VU 1-241
2026-08-16 15:11:42,358 INFO o.a.j.t.JMeterThread: Thread finished: Load Profile - 500 VU 1-224
2026-08-16 15:11:42,562 INFO o.a.j.t.JMeterThread: Thread finished: Load Profile - 500 VU 1-223
2026-08-16 15:11:42,757 INFO o.a.j.t.JMeterThread: Thread finished: Load Profile - 500 VU 1-240
2026-08-16 15:11:42,803 INFO o.a.j.t.JMeterThread: Thread finished: Load Profile - 500 VU 1-234
2026-08-16 15:11:42,938 INFO o.a.j.t.JMeterThread: Thread finished: Load Profile - 500 VU 1-233
2026-08-16 15:11:43,008 INFO o.a.j.t.JMeterThread: Thread finished: Load Profile - 500 VU 1-231
2026-08-16 15:11:43,080 INFO o.a.j.t.JMeterThread: Thread finished: Load Profile - 500 VU 1-225
2026-08-16 15:11:43,393 INFO o.a.j.t.JMeterThread: Thread finished: Load Profile - 500 VU 1-221
2026-08-16 15:11:43,395 INFO o.a.j.t.JMeterThread: Thread finished: Load Profile - 500 VU 1-213
2026-08-16 15:11:43,519 INFO o.a.j.t.JMeterThread: Thread finished: Load Profile - 500 VU 1-230
2026-08-16 15:11:43,722 INFO o.a.j.t.JMeterThread: Thread finished: Load Profile - 500 VU 1-232
2026-08-16 15:11:43,723 INFO o.a.j.t.JMeterThread: Thread finished: Load Profile - 500 VU 1-228
2026-08-16 15:11:43,960 INFO o.a.j.t.JMeterThread: Thread finished: Load Profile - 500 VU 1-227
2026-08-16 15:11:43,983 INFO o.a.j.t.JMeterThread: Thread finished: Load Profile - 500 VU 1-229
2026-08-16 15:11:44,135 INFO o.a.j.t.JMeterThread: Thread finished: Load Profile - 500 VU 1-220
2026-08-16 15:11:44,334 INFO o.a.j.t.JMeterThread: Thread finished: Load Profile - 500 VU 1-226
2026-08-16 15:11:44,562 INFO o.a.j.t.JMeterThread: Thread finished: Load Profile - 500 VU 1-201
2026-08-16 15:11:44,590 INFO o.a.j.t.JMeterThread: Thread finished: Load Profile - 500 VU 1-219
2026-08-16 15:11:44,649 INFO o.a.j.t.JMeterThread: Thread finished: Load Profile - 500 VU 1-217
2026-08-16 15:11:44,837 INFO o.a.j.t.JMeterThread: Thread finished: Load Profile - 500 VU 1-215
2026-08-16 15:11:44,890 INFO o.a.j.t.JMeterThread: Thread finished: Load Profile - 500 VU 1-207
2026-08-16 15:11:44,922 INFO o.a.j.t.JMeterThread: Thread finished: Load Profile - 500 VU 1-222
2026-08-16 15:11:44,945 INFO o.a.j.t.JMeterThread: Thread finished: Load Profile - 500 VU 1-216
2026-08-16 15:11:45,070 INFO o.a.j.t.JMeterThread: Thread finished: Load Profile - 500 VU 1-212
2026-08-16 15:11:45,155 INFO o.a.j.t.JMeterThread: Thread finished: Load Profile - 500 VU 1-214
2026-08-16 15:11:45,348 INFO o.a.j.t.JMeterThread: Thread finished: Load Profile - 500 VU 1-206
2026-08-16 15:11:45,405 INFO o.a.j.t.JMeterThread: Thread finished: Load Profile - 500 VU 1-202
2026-08-16 15:11:45,414 INFO o.a.j.t.JMeterThread: Thread finished: Load Profile - 500 VU 1-218
2026-08-16 15:11:45,523 INFO o.a.j.t.JMeterThread: Thread finished: Load Profile - 500 VU 1-200
2026-08-16 15:11:45,804 INFO o.a.j.t.JMeterThread: Thread finished: Load Profile - 500 VU 1-208
2026-08-16 15:11:45,829 INFO o.a.j.t.JMeterThread: Thread finished: Load Profile - 500 VU 1-193
2026-08-16 15:11:45,949 INFO o.a.j.t.JMeterThread: Thread finished: Load Profile - 500 VU 1-196
2026-08-16 15:11:46,176 INFO o.a.j.t.JMeterThread: Thread finished: Load Profile - 500 VU 1-211
2026-08-16 15:11:46,223 INFO o.a.j.t.JMeterThread: Thread finished: Load Profile - 500 VU 1-210
2026-08-16 15:11:46,246 INFO o.a.j.t.JMeterThread: Thread finished: Load Profile - 500 VU 1-204
2026-08-16 15:11:46,248 INFO o.a.j.t.JMeterThread: Thread finished: Load Profile - 500 VU 1-203
2026-08-16 15:11:46,295 INFO o.a.j.t.JMeterThread: Thread finished: Load Profile - 500 VU 1-209
2026-08-16 15:11:46,456 INFO o.a.j.t.JMeterThread: Thread finished: Load Profile - 500 VU 1-192
2026-08-16 15:11:46,621 INFO o.a.j.t.JMeterThread: Thread finished: Load Profile - 500 VU 1-191
2026-08-16 15:11:46,647 INFO o.a.j.t.JMeterThread: Thread finished: Load Profile - 500 VU 1-205
2026-08-16 15:11:46,937 INFO o.a.j.t.JMeterThread: Thread finished: Load Profile - 500 VU 1-197
2026-08-16 15:11:47,393 INFO o.a.j.t.JMeterThread: Thread finished: Load Profile - 500 VU 1-194
2026-08-16 15:11:47,505 INFO o.a.j.t.JMeterThread: Thread finished: Load Profile - 500 VU 1-199
2026-08-16 15:11:47,512 INFO o.a.j.t.JMeterThread: Thread finished: Load Profile - 500 VU 1-198
2026-08-16 15:11:47,541 INFO o.a.j.t.JMeterThread: Thread finished: Load Profile - 500 VU 1-187
2026-08-16 15:11:47,677 INFO o.a.j.t.JMeterThread: Thread finished: Load Profile - 500 VU 1-190
2026-08-16 15:11:47,753 INFO o.a.j.t.JMeterThread: Thread finished: Load Profile - 500 VU 1-195
2026-08-16 15:11:47,903 INFO o.a.j.t.JMeterThread: Thread finished: Load Profile - 500 VU 1-183
2026-08-16 15:11:48,668 INFO o.a.j.t.JMeterThread: Thread finished: Load Profile - 500 VU 1-179
2026-08-16 15:11:48,737 INFO o.a.j.t.JMeterThread: Thread finished: Load Profile - 500 VU 1-188
2026-08-16 15:11:48,807 INFO o.a.j.t.JMeterThread: Thread finished: Load Profile - 500 VU 1-185
2026-08-16 15:11:48,808 INFO o.a.j.t.JMeterThread: Thread finished: Load Profile - 500 VU 1-189
2026-08-16 15:11:48,922 INFO o.a.j.t.JMeterThread: Thread finished: Load Profile - 500 VU 1-169
2026-08-16 15:11:48,971 INFO o.a.j.t.JMeterThread: Thread finished: Load Profile - 500 VU 1-186
2026-08-16 15:11:48,971 INFO o.a.j.t.JMeterThread: Thread finished: Load Profile - 500 VU 1-170
2026-08-16 15:11:48,971 INFO o.a.j.t.JMeterThread: Thread finished: Load Profile - 500 VU 1-173
2026-08-16 15:11:49,020 INFO o.a.j.t.JMeterThread: Thread finished: Load Profile - 500 VU 1-176
2026-08-16 15:11:49,075 INFO o.a.j.t.JMeterThread: Thread finished: Load Profile - 500 VU 1-177
2026-08-16 15:11:49,174 INFO o.a.j.t.JMeterThread: Thread finished: Load Profile - 500 VU 1-184
2026-08-16 15:11:49,463 INFO o.a.j.t.JMeterThread: Thread finished: Load Profile - 500 VU 1-178
2026-08-16 15:11:49,465 INFO o.a.j.t.JMeterThread: Thread finished: Load Profile - 500 VU 1-182
2026-08-16 15:11:49,468 INFO o.a.j.t.JMeterThread: Thread finished: Load Profile - 500 VU 1-181
2026-08-16 15:11:49,574 INFO o.a.j.t.JMeterThread: Thread finished: Load Profile - 500 VU 1-172
2026-08-16 15:11:49,722 INFO o.a.j.t.JMeterThread: Thread finished: Load Profile - 500 VU 1-167
2026-08-16 15:11:49,895 INFO o.a.j.t.JMeterThread: Thread finished: Load Profile - 500 VU 1-180
2026-08-16 15:11:50,186 INFO o.a.j.t.JMeterThread: Thread finished: Load Profile - 500 VU 1-163
2026-08-16 15:11:50,327 INFO o.a.j.t.JMeterThread: Thread finished: Load Profile - 500 VU 1-171
2026-08-16 15:11:50,331 INFO o.a.j.t.JMeterThread: Thread finished: Load Profile - 500 VU 1-174
2026-08-16 15:11:50,334 INFO o.a.j.t.JMeterThread: Thread finished: Load Profile - 500 VU 1-166
2026-08-16 15:11:50,514 INFO o.a.j.t.JMeterThread: Thread finished: Load Profile - 500 VU 1-168
2026-08-16 15:11:50,553 INFO o.a.j.t.JMeterThread: Thread finished: Load Profile - 500 VU 1-175
2026-08-16 15:11:50,991 INFO o.a.j.t.JMeterThread: Thread finished: Load Profile - 500 VU 1-162
2026-08-16 15:11:51,623 INFO o.a.j.t.JMeterThread: Thread finished: Load Profile - 500 VU 1-160
2026-08-16 15:11:51,658 INFO o.a.j.t.JMeterThread: Thread finished: Load Profile - 500 VU 1-150
2026-08-16 15:11:51,735 INFO o.a.j.t.JMeterThread: Thread finished: Load Profile - 500 VU 1-165
2026-08-16 15:11:51,771 INFO o.a.j.t.JMeterThread: Thread finished: Load Profile - 500 VU 1-164
2026-08-16 15:11:51,803 INFO o.a.j.t.JMeterThread: Thread finished: Load Profile - 500 VU 1-161
2026-08-16 15:11:51,843 INFO o.a.j.t.JMeterThread: Thread finished: Load Profile - 500 VU 1-151
2026-08-16 15:11:51,986 INFO o.a.j.t.JMeterThread: Thread finished: Load Profile - 500 VU 1-159
2026-08-16 15:11:52,020 INFO o.a.j.t.JMeterThread: Thread finished: Load Profile - 500 VU 1-152
2026-08-16 15:11:52,027 INFO o.a.j.t.JMeterThread: Thread finished: Load Profile - 500 VU 1-139
2026-08-16 15:11:52,149 INFO o.a.j.t.JMeterThread: Thread finished: Load Profile - 500 VU 1-156
2026-08-16 15:11:52,379 INFO o.a.j.t.JMeterThread: Thread finished: Load Profile - 500 VU 1-157
2026-08-16 15:11:52,392 INFO o.a.j.t.JMeterThread: Thread finished: Load Profile - 500 VU 1-155
2026-08-16 15:11:52,398 INFO o.a.j.t.JMeterThread: Thread finished: Load Profile - 500 VU 1-149
2026-08-16 15:11:52,548 INFO o.a.j.t.JMeterThread: Thread finished: Load Profile - 500 VU 1-154
2026-08-16 15:11:52,549 INFO o.a.j.t.JMeterThread: Thread finished: Load Profile - 500 VU 1-148
2026-08-16 15:11:52,644 INFO o.a.j.t.JMeterThread: Thread finished: Load Profile - 500 VU 1-144
2026-08-16 15:11:52,653 INFO o.a.j.t.JMeterThread: Thread finished: Load Profile - 500 VU 1-158
2026-08-16 15:11:52,862 INFO o.a.j.t.JMeterThread: Thread finished: Load Profile - 500 VU 1-141
2026-08-16 15:11:53,228 INFO o.a.j.t.JMeterThread: Thread finished: Load Profile - 500 VU 1-153
2026-08-16 15:11:53,245 INFO o.a.j.t.JMeterThread: Thread finished: Load Profile - 500 VU 1-140
2026-08-16 15:11:53,255 INFO o.a.j.t.JMeterThread: Thread finished: Load Profile - 500 VU 1-147
2026-08-16 15:11:53,455 INFO o.a.j.t.JMeterThread: Thread finished: Load Profile - 500 VU 1-136
2026-08-16 15:11:53,568 INFO o.a.j.t.JMeterThread: Thread finished: Load Profile - 500 VU 1-145
2026-08-16 15:11:53,637 INFO o.a.j.t.JMeterThread: Thread finished: Load Profile - 500 VU 1-146
2026-08-16 15:11:53,756 INFO o.a.j.t.JMeterThread: Thread finished: Load Profile - 500 VU 1-143
2026-08-16 15:11:53,809 INFO o.a.j.t.JMeterThread: Thread finished: Load Profile - 500 VU 1-142
2026-08-16 15:11:54,094 INFO o.a.j.t.JMeterThread: Thread finished: Load Profile - 500 VU 1-131
2026-08-16 15:11:54,286 INFO o.a.j.t.JMeterThread: Thread finished: Load Profile - 500 VU 1-134
2026-08-16 15:11:54,368 INFO o.a.j.t.JMeterThread: Thread finished: Load Profile - 500 VU 1-132
2026-08-16 15:11:54,449 INFO o.a.j.t.JMeterThread: Thread finished: Load Profile - 500 VU 1-124
2026-08-16 15:11:54,534 INFO o.a.j.t.JMeterThread: Thread finished: Load Profile - 500 VU 1-138
2026-08-16 15:11:54,600 INFO o.a.j.t.JMeterThread: Thread finished: Load Profile - 500 VU 1-137
2026-08-16 15:11:54,918 INFO o.a.j.t.JMeterThread: Thread finished: Load Profile - 500 VU 1-127
2026-08-16 15:11:54,955 INFO o.a.j.t.JMeterThread: Thread finished: Load Profile - 500 VU 1-133
2026-08-16 15:11:55,129 INFO o.a.j.t.JMeterThread: Thread finished: Load Profile - 500 VU 1-126
2026-08-16 15:11:55,192 INFO o.a.j.t.JMeterThread: Thread finished: Load Profile - 500 VU 1-122
2026-08-16 15:11:55,300 INFO o.a.j.t.JMeterThread: Thread finished: Load Profile - 500 VU 1-135
2026-08-16 15:11:55,333 INFO o.a.j.t.JMeterThread: Thread finished: Load Profile - 500 VU 1-120
2026-08-16 15:11:55,526 INFO o.a.j.t.JMeterThread: Thread finished: Load Profile - 500 VU 1-130
2026-08-16 15:11:55,619 INFO o.a.j.t.JMeterThread: Thread finished: Load Profile - 500 VU 1-129
2026-08-16 15:11:55,673 INFO o.a.j.t.JMeterThread: Thread finished: Load Profile - 500 VU 1-121
2026-08-16 15:11:55,870 INFO o.a.j.t.JMeterThread: Thread finished: Load Profile - 500 VU 1-128
2026-08-16 15:11:55,937 INFO o.a.j.t.JMeterThread: Thread finished: Load Profile - 500 VU 1-125
2026-08-16 15:11:55,991 INFO o.a.j.t.JMeterThread: Thread finished: Load Profile - 500 VU 1-123
2026-08-16 15:11:56,066 INFO o.a.j.t.JMeterThread: Thread finished: Load Profile - 500 VU 1-118
2026-08-16 15:11:56,241 INFO o.a.j.t.JMeterThread: Thread finished: Load Profile - 500 VU 1-117
2026-08-16 15:11:56,400 INFO o.a.j.t.JMeterThread: Thread finished: Load Profile - 500 VU 1-115
2026-08-16 15:11:56,567 INFO o.a.j.t.JMeterThread: Thread finished: Load Profile - 500 VU 1-110
2026-08-16 15:11:56,620 INFO o.a.j.t.JMeterThread: Thread finished: Load Profile - 500 VU 1-114
2026-08-16 15:11:56,704 INFO o.a.j.t.JMeterThread: Thread finished: Load Profile - 500 VU 1-111
2026-08-16 15:11:56,824 INFO o.a.j.t.JMeterThread: Thread finished: Load Profile - 500 VU 1-109
2026-08-16 15:11:56,837 INFO o.a.j.t.JMeterThread: Thread finished: Load Profile - 500 VU 1-113
2026-08-16 15:11:57,162 INFO o.a.j.t.JMeterThread: Thread finished: Load Profile - 500 VU 1-119
2026-08-16 15:11:57,347 INFO o.a.j.t.JMeterThread: Thread finished: Load Profile - 500 VU 1-107
2026-08-16 15:11:57,413 INFO o.a.j.t.JMeterThread: Thread finished: Load Profile - 500 VU 1-116
2026-08-16 15:11:57,422 INFO o.a.j.t.JMeterThread: Thread finished: Load Profile - 500 VU 1-104
2026-08-16 15:11:57,669 INFO o.a.j.t.JMeterThread: Thread finished: Load Profile - 500 VU 1-100
2026-08-16 15:11:57,722 INFO o.a.j.t.JMeterThread: Thread finished: Load Profile - 500 VU 1-105
2026-08-16 15:11:57,749 INFO o.a.j.t.JMeterThread: Thread finished: Load Profile - 500 VU 1-112
2026-08-16 15:11:57,869 INFO o.a.j.t.JMeterThread: Thread finished: Load Profile - 500 VU 1-98
2026-08-16 15:11:57,884 INFO o.a.j.t.JMeterThread: Thread finished: Load Profile - 500 VU 1-106
2026-08-16 15:11:57,912 INFO o.a.j.t.JMeterThread: Thread finished: Load Profile - 500 VU 1-99
2026-08-16 15:11:57,919 INFO o.a.j.t.JMeterThread: Thread finished: Load Profile - 500 VU 1-103
2026-08-16 15:11:58,320 INFO o.a.j.t.JMeterThread: Thread finished: Load Profile - 500 VU 1-108
2026-08-16 15:11:58,526 INFO o.a.j.t.JMeterThread: Thread finished: Load Profile - 500 VU 1-102
2026-08-16 15:11:58,941 INFO o.a.j.t.JMeterThread: Thread finished: Load Profile - 500 VU 1-101
2026-08-16 15:11:59,330 INFO o.a.j.t.JMeterThread: Thread finished: Load Profile - 500 VU 1-90
2026-08-16 15:11:59,398 INFO o.a.j.t.JMeterThread: Thread finished: Load Profile - 500 VU 1-97
2026-08-16 15:11:59,446 INFO o.a.j.t.JMeterThread: Thread finished: Load Profile - 500 VU 1-86
2026-08-16 15:11:59,516 INFO o.a.j.t.JMeterThread: Thread finished: Load Profile - 500 VU 1-96
2026-08-16 15:11:59,531 INFO o.a.j.t.JMeterThread: Thread finished: Load Profile - 500 VU 1-94
2026-08-16 15:11:59,533 INFO o.a.j.t.JMeterThread: Thread finished: Load Profile - 500 VU 1-91
2026-08-16 15:11:59,598 INFO o.a.j.t.JMeterThread: Thread finished: Load Profile - 500 VU 1-87
2026-08-16 15:11:59,607 INFO o.a.j.t.JMeterThread: Thread finished: Load Profile - 500 VU 1-88
2026-08-16 15:11:59,656 INFO o.a.j.t.JMeterThread: Thread finished: Load Profile - 500 VU 1-95
2026-08-16 15:11:59,656 INFO o.a.j.t.JMeterThread: Thread finished: Load Profile - 500 VU 1-92
2026-08-16 15:11:59,716 INFO o.a.j.t.JMeterThread: Thread finished: Load Profile - 500 VU 1-82
2026-08-16 15:11:59,755 INFO o.a.j.t.JMeterThread: Thread finished: Load Profile - 500 VU 1-93
2026-08-16 15:11:59,903 INFO o.a.j.t.JMeterThread: Thread finished: Load Profile - 500 VU 1-84
2026-08-16 15:11:59,933 INFO o.a.j.t.JMeterThread: Thread finished: Load Profile - 500 VU 1-89
2026-08-16 15:12:00,580 INFO o.a.j.r.Summariser: summary +    256 in 00:00:31 =    8.4/s Avg:  4014 Min:     1 Max: 10991 Err:     0 (0.00%) Active: 83 Started: 500 Finished: 417
2026-08-16 15:12:00,580 INFO o.a.j.r.Summariser: summary =    418 in 00:07:49 =    0.9/s Avg:  3952 Min:     1 Max: 10991 Err:     0 (0.00%)
2026-08-16 15:12:00,581 INFO o.a.j.t.JMeterThread: Thread finished: Load Profile - 500 VU 1-83
2026-08-16 15:12:01,105 INFO o.a.j.t.JMeterThread: Thread finished: Load Profile - 500 VU 1-85
2026-08-16 15:12:01,293 INFO o.a.j.t.JMeterThread: Thread finished: Load Profile - 500 VU 1-72
2026-08-16 15:12:01,400 INFO o.a.j.t.JMeterThread: Thread finished: Load Profile - 500 VU 1-81
2026-08-16 15:12:01,426 INFO o.a.j.t.JMeterThread: Thread finished: Load Profile - 500 VU 1-78
2026-08-16 15:12:01,521 INFO o.a.j.t.JMeterThread: Thread finished: Load Profile - 500 VU 1-75
2026-08-16 15:12:01,549 INFO o.a.j.t.JMeterThread: Thread finished: Load Profile - 500 VU 1-76
2026-08-16 15:12:01,902 INFO o.a.j.t.JMeterThread: Thread finished: Load Profile - 500 VU 1-68
2026-08-16 15:12:01,935 INFO o.a.j.t.JMeterThread: Thread finished: Load Profile - 500 VU 1-77
2026-08-16 15:12:01,936 INFO o.a.j.t.JMeterThread: Thread finished: Load Profile - 500 VU 1-80
2026-08-16 15:12:01,954 INFO o.a.j.t.JMeterThread: Thread finished: Load Profile - 500 VU 1-71
2026-08-16 15:12:02,094 INFO o.a.j.t.JMeterThread: Thread finished: Load Profile - 500 VU 1-73
2026-08-16 15:12:02,116 INFO o.a.j.t.JMeterThread: Thread finished: Load Profile - 500 VU 1-79
2026-08-16 15:12:02,155 INFO o.a.j.t.JMeterThread: Thread finished: Load Profile - 500 VU 1-66
2026-08-16 15:12:02,244 INFO o.a.j.t.JMeterThread: Thread finished: Load Profile - 500 VU 1-70
2026-08-16 15:12:02,548 INFO o.a.j.t.JMeterThread: Thread finished: Load Profile - 500 VU 1-69
2026-08-16 15:12:02,559 INFO o.a.j.t.JMeterThread: Thread finished: Load Profile - 500 VU 1-74
2026-08-16 15:12:02,647 INFO o.a.j.t.JMeterThread: Thread finished: Load Profile - 500 VU 1-64
2026-08-16 15:12:02,713 INFO o.a.j.t.JMeterThread: Thread finished: Load Profile - 500 VU 1-67
2026-08-16 15:12:02,756 INFO o.a.j.t.JMeterThread: Thread finished: Load Profile - 500 VU 1-60
2026-08-16 15:12:02,818 INFO o.a.j.t.JMeterThread: Thread finished: Load Profile - 500 VU 1-61
2026-08-16 15:12:02,855 INFO o.a.j.t.JMeterThread: Thread finished: Load Profile - 500 VU 1-55
2026-08-16 15:12:02,902 INFO o.a.j.t.JMeterThread: Thread finished: Load Profile - 500 VU 1-65
2026-08-16 15:12:03,221 INFO o.a.j.t.JMeterThread: Thread finished: Load Profile - 500 VU 1-62
2026-08-16 15:12:03,699 INFO o.a.j.t.JMeterThread: Thread finished: Load Profile - 500 VU 1-63
2026-08-16 15:12:03,763 INFO o.a.j.t.JMeterThread: Thread finished: Load Profile - 500 VU 1-59
2026-08-16 15:12:03,867 INFO o.a.j.t.JMeterThread: Thread finished: Load Profile - 500 VU 1-42
2026-08-16 15:12:03,990 INFO o.a.j.t.JMeterThread: Thread finished: Load Profile - 500 VU 1-56
2026-08-16 15:12:04,138 INFO o.a.j.t.JMeterThread: Thread finished: Load Profile - 500 VU 1-57
2026-08-16 15:12:04,220 INFO o.a.j.t.JMeterThread: Thread finished: Load Profile - 500 VU 1-39
2026-08-16 15:12:04,221 INFO o.a.j.t.JMeterThread: Thread finished: Load Profile - 500 VU 1-58
2026-08-16 15:12:04,432 INFO o.a.j.t.JMeterThread: Thread finished: Load Profile - 500 VU 1-52
2026-08-16 15:12:04,654 INFO o.a.j.t.JMeterThread: Thread finished: Load Profile - 500 VU 1-51
2026-08-16 15:12:04,967 INFO o.a.j.t.JMeterThread: Thread finished: Load Profile - 500 VU 1-31
2026-08-16 15:12:05,046 INFO o.a.j.t.JMeterThread: Thread finished: Load Profile - 500 VU 1-54
2026-08-16 15:12:05,095 INFO o.a.j.t.JMeterThread: Thread finished: Load Profile - 500 VU 1-53
2026-08-16 15:12:05,152 INFO o.a.j.t.JMeterThread: Thread finished: Load Profile - 500 VU 1-49
2026-08-16 15:12:05,242 INFO o.a.j.t.JMeterThread: Thread finished: Load Profile - 500 VU 1-48
2026-08-16 15:12:05,290 INFO o.a.j.t.JMeterThread: Thread finished: Load Profile - 500 VU 1-41
2026-08-16 15:12:05,373 INFO o.a.j.t.JMeterThread: Thread finished: Load Profile - 500 VU 1-46
2026-08-16 15:12:05,381 INFO o.a.j.t.JMeterThread: Thread finished: Load Profile - 500 VU 1-50
2026-08-16 15:12:05,841 INFO o.a.j.t.JMeterThread: Thread finished: Load Profile - 500 VU 1-36
2026-08-16 15:12:05,876 INFO o.a.j.t.JMeterThread: Thread finished: Load Profile - 500 VU 1-45
2026-08-16 15:12:05,916 INFO o.a.j.t.JMeterThread: Thread finished: Load Profile - 500 VU 1-33
2026-08-16 15:12:05,947 INFO o.a.j.t.JMeterThread: Thread finished: Load Profile - 500 VU 1-44
2026-08-16 15:12:05,966 INFO o.a.j.t.JMeterThread: Thread finished: Load Profile - 500 VU 1-47
2026-08-16 15:12:05,984 INFO o.a.j.t.JMeterThread: Thread finished: Load Profile - 500 VU 1-30
2026-08-16 15:12:06,153 INFO o.a.j.t.JMeterThread: Thread finished: Load Profile - 500 VU 1-43
2026-08-16 15:12:06,174 INFO o.a.j.t.JMeterThread: Thread finished: Load Profile - 500 VU 1-37
2026-08-16 15:12:06,355 INFO o.a.j.t.JMeterThread: Thread finished: Load Profile - 500 VU 1-40
2026-08-16 15:12:06,465 INFO o.a.j.t.JMeterThread: Thread finished: Load Profile - 500 VU 1-38
2026-08-16 15:12:06,532 INFO o.a.j.t.JMeterThread: Thread finished: Load Profile - 500 VU 1-29
2026-08-16 15:12:06,947 INFO o.a.j.t.JMeterThread: Thread finished: Load Profile - 500 VU 1-32
2026-08-16 15:12:06,994 INFO o.a.j.t.JMeterThread: Thread finished: Load Profile - 500 VU 1-17
2026-08-16 15:12:07,073 INFO o.a.j.t.JMeterThread: Thread finished: Load Profile - 500 VU 1-35
2026-08-16 15:12:07,295 INFO o.a.j.t.JMeterThread: Thread finished: Load Profile - 500 VU 1-26
2026-08-16 15:12:07,408 INFO o.a.j.t.JMeterThread: Thread finished: Load Profile - 500 VU 1-34
2026-08-16 15:12:07,565 INFO o.a.j.t.JMeterThread: Thread finished: Load Profile - 500 VU 1-27
2026-08-16 15:12:07,730 INFO o.a.j.t.JMeterThread: Thread finished: Load Profile - 500 VU 1-20
2026-08-16 15:12:07,735 INFO o.a.j.t.JMeterThread: Thread finished: Load Profile - 500 VU 1-25
2026-08-16 15:12:07,772 INFO o.a.j.t.JMeterThread: Thread finished: Load Profile - 500 VU 1-22
2026-08-16 15:12:08,011 INFO o.a.j.t.JMeterThread: Thread finished: Load Profile - 500 VU 1-19
2026-08-16 15:12:08,158 INFO o.a.j.t.JMeterThread: Thread finished: Load Profile - 500 VU 1-28
2026-08-16 15:12:08,316 INFO o.a.j.t.JMeterThread: Thread finished: Load Profile - 500 VU 1-23
2026-08-16 15:12:08,360 INFO o.a.j.t.JMeterThread: Thread finished: Load Profile - 500 VU 1-18
2026-08-16 15:12:08,384 INFO o.a.j.t.JMeterThread: Thread finished: Load Profile - 500 VU 1-24
2026-08-16 15:12:08,730 INFO o.a.j.t.JMeterThread: Thread finished: Load Profile - 500 VU 1-12
2026-08-16 15:12:08,755 INFO o.a.j.t.JMeterThread: Thread finished: Load Profile - 500 VU 1-11
2026-08-16 15:12:08,908 INFO o.a.j.t.JMeterThread: Thread finished: Load Profile - 500 VU 1-21
2026-08-16 15:12:09,121 INFO o.a.j.t.JMeterThread: Thread finished: Load Profile - 500 VU 1-6
2026-08-16 15:12:09,211 INFO o.a.j.t.JMeterThread: Thread finished: Load Profile - 500 VU 1-14
2026-08-16 15:12:09,317 INFO o.a.j.t.JMeterThread: Thread finished: Load Profile - 500 VU 1-3
2026-08-16 15:12:09,417 INFO o.a.j.t.JMeterThread: Thread finished: Load Profile - 500 VU 1-16
2026-08-16 15:12:09,446 INFO o.a.j.t.JMeterThread: Thread finished: Load Profile - 500 VU 1-15
2026-08-16 15:12:09,477 INFO o.a.j.t.JMeterThread: Thread finished: Load Profile - 500 VU 1-2
2026-08-16 15:12:09,511 INFO o.a.j.t.JMeterThread: Thread finished: Load Profile - 500 VU 1-13
2026-08-16 15:12:09,807 INFO o.a.j.t.JMeterThread: Thread finished: Load Profile - 500 VU 1-7
2026-08-16 15:12:09,847 INFO o.a.j.t.JMeterThread: Thread finished: Load Profile - 500 VU 1-10
2026-08-16 15:12:10,206 INFO o.a.j.t.JMeterThread: Thread finished: Load Profile - 500 VU 1-8
2026-08-16 15:12:10,229 INFO o.a.j.t.JMeterThread: Thread finished: Load Profile - 500 VU 1-5
2026-08-16 15:12:10,256 INFO o.a.j.t.JMeterThread: Thread finished: Load Profile - 500 VU 1-9
2026-08-16 15:12:10,317 INFO o.a.j.t.JMeterThread: Thread finished: Load Profile - 500 VU 1-4
2026-08-16 15:12:10,990 INFO o.a.j.t.JMeterThread: Thread finished: Load Profile - 500 VU 1-1
2026-08-16 15:12:10,991 INFO o.a.j.e.StandardJMeterEngine: Notifying test listeners of end of test
2026-08-16 15:12:10,993 INFO o.a.j.r.Summariser: summary +     82 in 00:00:10 =    7.9/s Avg:  4069 Min:     1 Max: 10448 Err:     0 (0.00%) Active: 0 Started: 500 Finished: 500
2026-08-16 15:12:10,993 INFO o.a.j.r.Summariser: summary =    500 in 00:08:00 =    1.0/s Avg:  3971 Min:     1 Max: 10991 Err:     0 (0.00%)
2026-08-16 15:12:10,994 INFO o.a.j.JMeter: Generating Dashboard
2026-08-16 15:12:10,994 INFO o.a.j.r.d.ReportGenerator: Flushing result collector before report Generation
2026-08-16 15:12:11,021 INFO o.a.j.r.p.NormalizerSampleConsumer: Using format, 'ms', to parse timeStamp field
2026-08-16 15:12:12,910 INFO o.a.j.r.p.AbstractSampleConsumer: class org.apache.jmeter.report.processor.AggregateConsumer#stopProducing(): beginDate produced 0 samples
2026-08-16 15:12:12,910 INFO o.a.j.r.p.AbstractSampleConsumer: class org.apache.jmeter.report.processor.AggregateConsumer#stopProducing(): endDate produced 0 samples
2026-08-16 15:12:12,910 INFO o.a.j.r.p.AbstractSampleConsumer: class org.apache.jmeter.report.processor.ApdexSummaryConsumer#stopProducing(): apdexSummary produced 0 samples
2026-08-16 15:12:12,910 INFO o.a.j.r.p.AbstractSampleConsumer: class org.apache.jmeter.report.processor.RequestsSummaryConsumer#stopProducing(): requestsSummary produced 0 samples
2026-08-16 15:12:12,926 INFO o.a.j.r.p.AbstractSampleConsumer: class org.apache.jmeter.report.processor.StatisticsSummaryConsumer#stopProducing(): statisticsSummary produced 0 samples
2026-08-16 15:12:12,937 INFO o.a.j.r.p.AbstractSampleConsumer: class org.apache.jmeter.report.processor.Top5ErrorsBySamplerConsumer#stopProducing(): top5ErrorsBySampler produced 0 samples
2026-08-16 15:12:12,937 INFO o.a.j.r.p.AbstractSampleConsumer: class org.apache.jmeter.report.processor.ErrorsSummaryConsumer#stopProducing(): errorsSummary produced 0 samples
2026-08-16 15:12:12,937 INFO o.a.j.r.p.AbstractSampleConsumer: class org.apache.jmeter.report.processor.graph.impl.HitsPerSecondGraphConsumer#stopProducing(): hitsPerSecond produced 0 samples
2026-08-16 15:12:13,505 INFO o.a.j.r.p.AbstractSampleConsumer: class org.apache.jmeter.report.processor.graph.impl.LatencyVSRequestGraphConsumer#stopProducing(): latencyVsRequest produced 0 samples
2026-08-16 15:12:13,505 INFO o.a.j.r.p.AbstractSampleConsumer: class org.apache.jmeter.report.processor.graph.impl.SyntheticResponseTimeDistributionGraphConsumer#stopProducing(): syntheticResponseTimeDistribution produced 0 samples
2026-08-16 15:12:13,505 INFO o.a.j.r.p.AbstractSampleConsumer: class org.apache.jmeter.report.processor.graph.impl.BytesThroughputGraphConsumer#stopProducing(): bytesThroughputOverTime produced 0 samples
2026-08-16 15:12:13,505 INFO o.a.j.r.p.AbstractSampleConsumer: class org.apache.jmeter.report.processor.graph.impl.CodesPerSecondGraphConsumer#stopProducing(): codesPerSecond produced 0 samples
2026-08-16 15:12:14,060 INFO o.a.j.r.p.AbstractSampleConsumer: class org.apache.jmeter.report.processor.graph.impl.ResponseTimeVSRequestGraphConsumer#stopProducing(): responseTimeVsRequest produced 0 samples
2026-08-16 15:12:14,060 INFO o.a.j.r.p.AbstractSampleConsumer: class org.apache.jmeter.report.processor.FilterConsumer#stopProducing(): startIntervalControlerFilter produced 820855 samples
2026-08-16 15:12:14,060 INFO o.a.j.r.p.AbstractSampleConsumer: class org.apache.jmeter.report.processor.graph.impl.TotalTPSGraphConsumer#stopProducing(): totalTPS produced 0 samples
2026-08-16 15:12:14,060 INFO o.a.j.r.p.AbstractSampleConsumer: class org.apache.jmeter.report.processor.graph.impl.ActiveThreadsGraphConsumer#stopProducing(): activeThreadsOverTime produced 0 samples
2026-08-16 15:12:14,060 INFO o.a.j.r.p.AbstractSampleConsumer: class org.apache.jmeter.report.processor.graph.impl.TimeVSThreadGraphConsumer#stopProducing(): timeVsThreads produced 0 samples
2026-08-16 15:12:14,060 INFO o.a.j.r.p.AbstractSampleConsumer: class org.apache.jmeter.report.processor.graph.impl.ResponseTimeDistributionGraphConsumer#stopProducing(): responseTimeDistribution produced 0 samples
2026-08-16 15:12:14,060 INFO o.a.j.r.p.AbstractSampleConsumer: class org.apache.jmeter.report.processor.graph.impl.TransactionsPerSecondGraphConsumer#stopProducing(): transactionsPerSecond produced 0 samples
2026-08-16 15:12:14,060 INFO o.a.j.r.p.AbstractSampleConsumer: class org.apache.jmeter.report.processor.graph.impl.ResponseTimePercentilesGraphConsumer#stopProducing(): responseTimePercentiles produced 0 samples
2026-08-16 15:12:14,060 INFO o.a.j.r.p.AbstractSampleConsumer: class org.apache.jmeter.report.processor.graph.impl.ResponseTimePercentilesOverTimeGraphConsumer#stopProducing(): responseTimePercentilesOverTime produced 0 samples
2026-08-16 15:12:14,060 INFO o.a.j.r.p.AbstractSampleConsumer: class org.apache.jmeter.report.processor.graph.impl.ResponseTimeOverTimeGraphConsumer#stopProducing(): responseTimesOverTime produced 0 samples
2026-08-16 15:12:14,060 INFO o.a.j.r.p.AbstractSampleConsumer: class org.apache.jmeter.report.processor.graph.impl.ConnectTimeOverTimeGraphConsumer#stopProducing(): connectTimeOverTime produced 0 samples
2026-08-16 15:12:14,060 INFO o.a.j.r.p.AbstractSampleConsumer: class org.apache.jmeter.report.processor.graph.impl.LatencyOverTimeGraphConsumer#stopProducing(): latenciesOverTime produced 0 samples
2026-08-16 15:12:14,060 INFO o.a.j.r.p.AbstractSampleConsumer: class org.apache.jmeter.report.processor.FilterConsumer#stopProducing(): nameFilter produced 2047185 samples
2026-08-16 15:12:14,060 INFO o.a.j.r.p.AbstractSampleConsumer: class org.apache.jmeter.report.processor.FilterConsumer#stopProducing(): dateRangeFilter produced 409437 samples
2026-08-16 15:12:14,060 INFO o.a.j.r.p.AbstractSampleConsumer: class org.apache.jmeter.report.processor.NormalizerSampleConsumer#stopProducing(): normalizer produced 136479 samples
2026-08-16 15:12:14,060 INFO o.a.j.r.p.CsvFileSampleSource: produce(): 136479 samples produced in 3s 18 ms on channel 0
2026-08-16 15:12:14,060 INFO o.a.j.r.d.ReportGenerator: Exporting data using exporter:'json' of className:'org.apache.jmeter.report.dashboard.JsonExporter'
2026-08-16 15:12:14,145 INFO o.a.j.r.d.JsonExporter: Found data for consumer statisticsSummary in context
2026-08-16 15:12:14,145 INFO o.a.j.r.d.JsonExporter: Creating statistics for overall
2026-08-16 15:12:14,145 INFO o.a.j.r.d.JsonExporter: Creating statistics for other transactions
2026-08-16 15:12:14,145 INFO o.a.j.r.d.JsonExporter: Checking output folder
2026-08-16 15:12:14,145 INFO o.a.j.r.d.JsonExporter: Writing statistics JSON to D:\group05_eshop\HW\week09\TheDat\results\load\23127340_Load_20260816_150319_html\statistics.json
2026-08-16 15:12:14,182 INFO o.a.j.r.d.ReportGenerator: Exporting data using exporter:'html' of className:'org.apache.jmeter.report.dashboard.HtmlTemplateExporter'
2026-08-16 15:12:14,182 INFO o.a.j.r.d.HtmlTemplateExporter: Will generate dashboard in folder: D:\group05_eshop\HW\week09\TheDat\results\load\23127340_Load_20260816_150319_html
2026-08-16 15:12:14,304 INFO o.a.j.r.d.HtmlTemplateExporter: Report will be generated in: D:\group05_eshop\HW\week09\TheDat\results\load\23127340_Load_20260816_150319_html, creating folder structure
2026-08-16 15:12:14,304 INFO o.a.j.r.d.TemplateVisitor: Copying folder from 'C:\tools\apache-jmeter-5.6.3\bin\report-template' to 'D:\group05_eshop\HW\week09\TheDat\results\load\23127340_Load_20260816_150319_html', got message: D:\group05_eshop\HW\week09\TheDat\results\load\23127340_Load_20260816_150319_html, found non empty folder with following content [D:\group05_eshop\HW\week09\TheDat\results\load\23127340_Load_20260816_150319_html\statistics.json], will be ignored
2026-08-16 15:12:14,630 INFO o.a.j.JMeter: Dashboard generated
